,Group,ADAMTS13,ADAMTSL2,ADGRG6,ANXA1,ASPN,ATP4A,ATP6V1G1.ATP6V1G2,C4BPA,C4BPB,CCN5,CFI,COL1A1,EGF,EIF4E,F11,F13B,F7,FCER2,FCGR3A,FGFBP2,GALNT7,GCG,GSR,H2AC8.H2AC17.H2AC7.H2AC20.H2AC19.H2AW.H2AC6.H2AC12.H2AC14.H2AJ,H2BC12.H2BC12L.H2BC5.H2BC10.H2BC18.H2BC9.H2BC15.H2BC14.H2BC13,HPR,HPX,IGF2,IGHV1.24,IGHV3.74,IGKJ1,IGKV1.17,IGKV1D.33.IGKV1.33,IGLV2.18,IGLV6.57,ITGB2,LCAT,LDLR,LILRB5,LTF,MMP2,P4HB,PDE5A,PFKM,PLIN1,PPM1B,PROC,PRSS2,PZP,RAB6B,RBP4,RPLP0,RPLP2,SBSN,SEC22B,SERPING1,SEZ6L,SGTA,THBD,THBS1,TWSG1
ILD_8,0,3.02936522161077,2.89584352243255,2.92112517901672,2.58087289585907,3.09980481189511,2.8513135449672,2.16877272588847,4.00743423647917,3.73468540351992,2.77810681994172,3.65167631326526,3.0488288031765,2.92218781161152,1.87796619559861,3.07671449885327,3.3604392566547,3.02440229373197,2.48052873014206,3.0606380577034,3.06601186534177,2.70857162939537,2.49912716992082,2.48504902506167,3.25567089126046,3.34497924543311,3.57291278067727,3.8195074856962,3.20828106493636,2.26659881751119,3.28069684923689,2.99562167942566,3.06641713104173,3.71105830339952,2.99766310565158,3.19673972872053,2.77638092441564,3.24249926844826,2.47799558696503,2.28463237600323,2.91629978196467,2.3544662992048,3.69095621685789,0.706313764603428,1.74480439950357,2.32758959485344,0.831280649423549,3.80025737615277,2.51561088421653,2.60445663682521,2.57419139598436,3.50826366630777,2.68399094221822,3.26444669686658,2.55907006394543,2.21747216788223,4.02618159910957,3.29940531635021,2.0213799300772,1.83426759521871,3.79272897734991,2.56162726871576
ILD_10,0,3.04855874708984,2.95547795473143,2.98236848200182,2.92998490735599,2.94713170818718,1.41452069972965,2.32548217640821,4.02267972491155,3.7585599867265,2.39000969448018,3.60211129322419,3.22788335145773,2.96624919570298,1.79132602823219,3.09627408207168,3.33670943547987,3.03224106131111,2.52727645077286,3.04049732344404,2.89044550357826,2.4141949443825,1.93528614516933,2.37685695440218,3.49234629185091,3.46741942466375,3.55830418036248,3.79301135088607,3.2623182808473,1.74419382743159,3.33273305050693,3.15929401420021,3.22021788817463,3.70292776145236,3.12105328232969,3.1323796857605,2.9762698828236,3.22307210785629,2.35909327814271,2.74107921295358,3.16896352068336,2.29625968517428,3.61345913177361,2.38464321791184,1.46617515934673,2.48024890003836,1.49303272574195,3.81522110982523,2.46402424177633,3.26279839710988,2.45906365469721,3.39903188850638,2.83373775765876,3.28693423538925,2.60140841204183,1.9436579832833,3.99771584957669,3.31341119001652,2.24117840999021,1.34637198599615,3.79473876373261,2.68783601849655
ILD_11,0,3.05743283822187,3.01443155827266,2.83733755120819,2.72012463005959,2.89691354074368,1.26253160357556,2.25581127406474,3.98337919345908,3.69013161890243,2.59631721343975,3.69495116829194,3.08304735988049,2.92310087615412,1.10152900047897,3.22040324651084,3.41030282072353,3.07672493579249,2.61792529755891,3.13914451621328,3.07806710416319,2.65223679023431,2.49790511283608,2.41827082715477,3.5718150623737,3.44716984585563,3.51784856165984,3.87439173352688,3.03485465742585,1.74102543093042,3.49506992973973,2.47955710351963,2.99212797463663,3.71674301499591,3.08020812141839,3.15190398525498,2.80782369691341,3.27180202579491,2.20024195502354,1.70247066683197,3.03421468228726,2.47377062822144,3.70405420717368,1.64182192723801,2.25490344342723,2.51965620784116,1.22380465194377,3.77254988667107,2.64431985350957,2.61890355346676,2.42926214810637,3.47829720793507,2.84480495357615,3.21523801459763,2.69201141261039,2.34931119106817,3.98889171332253,3.22101064304688,1.48579518796557,1.72302459685284,3.8561748202167,2.59651842522529
ILD_15,0,2.70451328968911,2.76046134768639,3.02623956446002,3.19549960374977,2.85017022451495,2.43508901192542,2.47874082967206,4.05278441719725,3.79439910658167,2.55869761044881,3.58386632148792,3.03376293344001,3.07674459646269,2.165768651821,3.11509149696942,3.3128248079018,2.91489867039285,2.46233519257322,3.1403486691514,2.86895449860606,2.53007308519291,2.30703915770229,2.34445936478484,3.40296851670476,3.5645859497565,3.63466177100063,3.7634146629664,3.05112873959756,2.18453456258325,3.34446663244518,2.12278077244697,2.97728686171194,3.73019381513867,2.9916825062865,2.9827654248381,3.18710258550704,3.22554380056504,2.2944280314242,2.51250104298477,3.37828358997228,2.20279914050726,3.70565330910813,2.35300789555845,2.32666402366406,2.11847093627197,2.18724078562456,3.71073731800662,2.30991886547735,2.96491464426505,2.74060624335129,3.37044872509764,2.83637096426307,3.30251701242439,2.48774840569455,1.93809856490472,3.98817861080539,3.2616526903754,2.64315507390854,1.32739629763386,3.85207992261003,2.66572848289185
ILD_27,0,3.01754052234168,2.79088492875106,3.06315551589829,2.95903994382318,2.71957322965645,3.04119767106594,1.71660694834608,4.10326812207675,3.84596206709329,2.83377506687224,3.63555711753184,3.11990526213054,2.856651170586,1.82082283513713,3.16093152643262,3.29026400551133,2.93310074037473,2.23123945966547,3.28787154262102,2.67055374866181,2.71664727123911,2.65828958085114,2.59797207509522,3.63519255446622,3.52535649130096,3.55513833165431,3.79865808518871,3.02557543830092,2.70755284845216,3.3838058910179,3.27790144359128,2.74089762419095,3.68084433839607,2.97897253178902,2.93851066336309,3.05076005511609,3.30473565495383,2.74228396597641,2.33332318737284,3.14812133561292,2.29156582462478,3.71438217777985,1.83910320272235,2.71744442735425,2.48656300177826,2.01803825809776,3.74594725515154,1.75787431469434,2.5721097227742,2.75782768382342,3.26474839926706,2.8566057662466,3.13665642063847,2.57888759568917,1.72893292916684,4.02933438749087,3.16774672803219,2.79625164309998,2.05730273875762,4.0032471019717,2.77819393719642
ILD_47,0,3.09853149628279,2.9522435064709,3.12088969236872,2.57236543670651,2.97216700225751,3.29339008462582,1.73596719003726,4.07225588817175,3.8480140936175,2.9228119959277,3.66165889429343,3.33182241713511,2.98945467843788,1.83669592797902,3.05207815707359,3.40302920997549,3.13825603272289,2.64474973804719,3.03506428027942,2.84641656629337,2.5447987127065,2.7287780419485,2.38248693974212,3.3744343985721,3.21244912383124,3.571044070622,3.85783551801701,3.28745572200206,2.19927569621325,3.29845881012863,3.49884349586974,2.91082798973531,3.70200494040173,3.15025268288277,2.87558348641597,2.80005636964469,3.35432440446857,2.40791702029196,2.72756258069753,2.89293450136613,2.362821029332,3.69174476974049,2.12818545290343,1.71500833715151,2.26219975878626,1.46805129737045,3.84382786968393,2.58390305668923,3.1980381803182,2.55679600484215,3.44952747135397,2.39842175610496,3.02886378052235,2.80163874730774,1.98238237054802,4.03625530704671,3.29323927612804,1.85419990254607,1.70112402602963,3.78288634409232,2.88438515258298
ILD_63,0,2.9810747303069,2.92628128972114,2.97929784781984,3.04532208475227,2.88227645284299,3.24872423046054,1.89763558312647,4.0354271419917,3.79980885383188,2.68151334663131,3.57117171245784,3.21869833013684,3.06696769937867,1.21408182201743,3.00725170490636,3.31221209390982,3.01475487550072,2.52412185833942,3.11540820803215,3.04104044149318,2.58560905298104,2.41755361126798,2.35262723511878,3.6052907760518,3.20056767599524,3.5251627092592,3.79040360995676,3.1121250486606,1.95299457078702,3.29690351805841,3.08730039298087,2.82574636289117,3.63142957751118,3.2865379223518,2.95832427279758,3.00093670747618,3.19459933822825,2.39627847875749,2.41396248525109,3.15026506396723,1.55524183023273,3.68378314487512,2.33957772067407,1.70591956966785,2.396403615186,1.80213628807935,3.81098236078784,2.54871074027319,2.49426300430928,2.61733368220375,3.35937492111797,2.41269764721638,2.97906429031803,2.688741155443,1.8947744197517,4.07877497943744,3.25944086827217,2.43340170596573,2.45713456562623,3.89205097250857,2.70757587719096
ILD_79,0,3.08247982027721,2.8456383238958,2.828643334813,2.85009165550022,2.85871741058828,1.68632770697709,2.44811889452825,4.07017266168806,3.78023004333004,2.64059187113058,3.71633024647484,3.15522651536376,3.02707639488951,2.0877208736358,3.15517019126221,3.33742396059376,3.12137339221969,1.21227149042174,3.13017249113645,2.90577863181636,2.6006231708675,2.25710091038359,2.31354425366778,3.53777450234917,3.3157978900489,3.57761537209483,3.86580348005035,3.34531354587116,2.21639795109856,3.4386164725252,3.17456584813008,2.86175459097619,3.53589694727266,3.22966901514739,3.20665002643412,2.87285060547871,3.24412829968614,1.97295942244519,2.69034359668604,3.17381600482039,2.32757489042508,3.61254124282319,2.20025961771362,1.85016318250048,2.24602591571742,2.29294856288635,3.81602595627428,2.4639607471522,3.22028283114039,2.57095035236725,3.55113323875118,2.52491575501921,3.01736059974607,2.70079784139647,2.32684113941731,4.05497870050504,3.19858031510733,2.4358643807033,1.98772393822553,3.81239945534409,2.6167340178691
ILD_82,0,3.02494985537758,2.88700747359898,2.83642081085786,2.71119083549309,2.85922973605913,2.89135086837554,2.11961855899896,4.05661137270292,3.73791307316063,2.71584570983456,3.6441175637634,3.18749387752652,2.97063593835193,1.94739043369136,3.0098411515809,3.43073554332457,3.03452148488673,2.4900547702357,3.02197887897906,2.96091365767414,2.57453471436524,2.5074075361735,2.0892515380542,3.49216522156503,3.31266352222985,3.41081704109308,3.81529559802272,3.20623953862007,2.09994271074382,3.43748252005867,3.15438615344788,3.05794617929025,3.62607700376004,3.20015209154229,3.0678438456928,2.76734675928808,3.16862097833684,2.37434497557601,2.63872310819121,3.06465208776645,2.47714848216795,3.61371946927539,2.59753910540054,0.790073192900083,2.35325270002539,2.14419217777072,3.76275293543592,2.48742801481358,2.73666982882555,2.62648071247678,3.45366636851177,2.60117250961624,2.99246665081511,2.62640536621124,2.17832192810458,3.9996592407821,3.20234954223869,2.21137639566453,1.76306610403938,3.81610167763017,2.61604477457889
ILD_99,0,3.09854004719147,2.77279058575709,2.91171258390984,2.5939627842267,2.7757326842644,2.47509518364721,1.56087601159212,4.05850719021211,3.72858613773912,2.81039937144118,3.69124184598618,2.68441902401879,2.77084910503,1.66800574910186,3.10295474589672,3.38425115239628,3.07143484458051,2.08396162556898,3.13312236183274,2.8446029463728,2.20235606560447,2.35475057619917,2.53554931296981,3.58063513375178,3.33486209368392,3.59132822632981,3.90487399464712,3.04316247569256,2.7899035259687,3.3610199148527,3.19401772679129,3.21598998875098,3.73741760403441,3.24209580188731,3.28947889585751,2.73584374234518,3.34783185060421,2.24735331935287,2.79592544405736,3.24060266419669,2.65348946366029,3.54933887950338,1.57792722937788,2.1540383436811,2.68603432820124,1.73813519376326,3.7461852191919,2.41128180331118,3.17281170732106,2.67691487269226,3.42568328752373,2.70910250133148,3.09414703896586,2.67346247403087,2.38557219976935,4.06384842498178,3.19691466684539,2.34242559646535,2.06965046834886,3.75698270726383,2.45070169216361
ILD_100,0,3.14610148207791,2.94056860407877,2.8878301028092,2.67414861462636,2.88461975099392,2.54496598780709,2.37512916428052,4.05314168571372,3.76334430250239,2.5423131939228,3.61026920362378,3.16533818393474,2.98769491912604,1.57030900544496,2.99009842659625,3.36834544617446,3.10428519618399,2.23875038651479,3.0085637681027,2.76636840220522,2.51961634596081,1.38936408560958,2.32053484807991,3.48637306486342,3.11646963755896,3.69789128765976,3.75448611175963,3.07678093325583,2.49016158206012,3.5142573904409,3.26637750679861,2.95922312878424,3.73122300745286,3.32828310990908,3.07165304150367,2.72562252800054,3.30347189450378,2.24780343807131,2.61667199763327,3.18412589260967,2.19520265076608,3.58184395408876,1.46679795013116,2.10424819174005,2.36971880789396,1.32334281925448,3.74873178441735,1.82167318801055,3.15884782713515,2.78305226205334,3.47764092179259,2.23720282943014,3.21889003962309,2.77388383805622,2.30612578872911,4.05759841876978,3.06705272609754,1.71571592926784,1.93630546828175,3.88794208208196,2.3031889722015
ILD_101,0,3.07937332294547,2.9690326514971,2.93424496697095,2.79389042041701,2.71508661041018,2.59232034797095,2.5309511727808,4.0380554656853,3.71583647135889,2.41247504885786,3.61748138108088,3.06706664099482,2.95672265232385,2.44408067722861,2.92091566197154,3.31396520783141,3.02023371483196,2.16399272134378,3.14952319598855,2.75470138269699,2.35740909408589,1.97814595399207,2.58772451119591,3.69805048780074,3.44810706020314,3.70619537418103,3.78375082956476,2.99969774824473,2.65590914965059,3.43702625970507,3.00404411965508,2.90045736287529,3.62268519422029,3.18883703696625,3.21778484665981,2.9390907487551,3.30905609292833,2.3555727067379,2.15611227329598,3.27069229085248,2.11541772953872,3.5223759992382,2.49485305776209,2.54896328415616,2.55404795133928,1.66780313564614,3.65233203610239,2.16356453028967,3.35118453490096,2.9579743004172,3.38100406609703,2.62874636749515,3.34330608100071,2.65123116435886,2.27667993784891,4.03944369330854,3.07916278219051,2.47677284875646,1.77720616881794,3.7362738413041,2.53212667577466
ILD_113,0,2.88517865408501,2.72767472095236,2.7475074640954,3.0436868497153,2.99674529721102,2.32674684829496,2.20920982010056,4.01604258801219,3.73003590386918,2.77594735927902,3.56731529825974,3.20110042098986,2.97047806257428,1.5158193645306,3.07876432345991,3.30300152251428,2.94648377600661,2.89841889707699,2.93924706951594,2.95794349732721,2.71197000390335,1.77615321682418,2.24957851981222,3.55563066549669,3.43990863093298,3.39045337713721,3.84032164810714,3.40138696389785,1.69433557132144,3.1891854860264,3.54068230938382,2.96909828704049,3.39516497995378,3.00658763567208,2.55349576119677,3.05788754311303,3.16856102860945,2.09138769728725,2.13494830154809,3.39032309147037,1.93192187458699,3.71995540063443,2.32104164338665,2.10621189016964,2.32917820915347,1.42763059564145,3.78093333183176,2.50227389232507,2.95658721703462,2.57688291404871,3.37744416551319,2.86710404233562,3.26208650144606,2.60494692827995,2.41997075179268,3.98905110794285,3.3421535411416,2.12244432157168,2.33257411935775,3.8944870305395,2.62042763763282
ILD_114,0,2.91540976189771,2.91995356546929,2.80399646783791,2.57835995245157,2.87899761617757,2.44031888145884,1.87967455232664,4.04788652092216,3.76240021581495,2.3251125375009,3.69558531791537,3.02765016655471,3.07481794323458,2.10427252792666,3.13935780582712,3.27675583341902,2.83605687915865,2.64619965031425,3.05359889541283,2.84541437024351,2.23043543532064,1.81906026648074,2.49281561258133,3.56056699307328,3.416483354469,3.47958818819764,3.865560120741,2.77557933081154,2.67645221422779,3.59285743680893,3.34387962603362,3.09962086242488,3.69054439329678,3.30305847436878,3.33023127452208,2.72760937011298,3.11672854182656,2.25182033794301,1.92675210720785,3.07280489069605,2.3838480771617,3.62921527284647,1.63461161427657,1.9884972889682,1.83544415735226,2.22256769278563,3.78565900653827,2.18786041349315,3.02703949046105,2.69723493026701,3.31042560758658,2.69098981648078,3.24747881254558,2.49716906950956,2.08817390928219,4.01038464861114,3.2207617441984,2.37894896462812,2.13857412708099,3.73455476660675,2.74842460128642
ILD_115,0,2.96249156011045,2.91307063511477,2.74926181873312,2.85606396898652,2.98503579782564,2.07915575292772,1.94870638636415,4.02576627142985,3.73839025897208,2.71672074127881,3.62409821081008,3.04713143290617,3.13060128276787,1.51022548582021,3.01085832021775,3.33585082986662,2.72102794628303,2.85004213799873,3.07471073535424,2.91577580912691,2.51815055048047,2.53527005391935,2.08679513793277,3.57975433469698,3.45643617045544,3.34619854559676,3.83826399107909,3.18267404626276,2.07450318023833,3.22473564747941,3.38338860422195,3.20063502295883,3.53860628060444,3.07765685565519,2.90408326950047,2.89850161860235,3.12702927527061,2.40409348415262,2.16775817248938,3.05735760010311,2.29370816734059,3.70921563657058,2.52517581123293,1.9784576443763,2.38912443441155,1.23474998620467,3.71544664898345,2.33508565545139,2.39313455164223,2.75715696160773,3.33502269222481,2.84262001302596,3.23418626304307,2.48105227797544,2.2632258123308,3.98487161746637,3.28966836877817,2.32766544341121,2.40572784832234,4.03809449825502,2.74284481726895
ILD_120,0,2.86033701497597,2.94176806189086,2.88014901738262,2.90431998016977,2.92747734581006,2.58618887088319,1.94134919342227,4.01201294531713,3.74286347630575,2.88872681167396,3.60342672602087,3.18200706571856,2.98529541807559,1.19572904126772,2.94238114528364,3.29506382015976,2.91551130132222,2.63227911448883,2.99181111136138,2.98548015181774,2.47520793679544,2.28189272126091,2.15009783182484,3.37886237170344,3.27536404329647,3.41653719830589,3.79964982439679,3.12023385752115,2.22887007156886,3.21577962817861,3.43764157931302,3.01006268768609,3.49065493424657,3.22357475643379,3.00955947618202,2.87961723451033,3.13865796986688,1.99797672016774,2.34102233930347,3.07631446283812,2.31869108666078,3.71891954236258,2.49600262407419,1.69903618979673,1.67311126665462,1.38120344913,3.78901419241877,2.47420856246916,2.99041703074488,2.51249586169144,3.3688906868703,2.88301227665852,3.21060115572593,2.56090909948439,2.14813721507528,3.99832155847626,3.37831522929065,2.08869979800114,1.92534692452055,3.85724969030197,2.76309281713047
ILD_121,0,2.94550655090391,2.77621041127619,2.87491942362196,3.06873672436291,3.00664401424424,2.44927924382537,1.86252013608798,4.01078317061313,3.73304454197881,2.67242143886958,3.64619404304092,3.07617967353931,2.92154943973491,1.76049538869168,3.10696442490646,3.33809494565046,2.88409732320501,2.67065014843176,3.04542000272351,3.03556696055318,2.27132007165403,2.02984822973276,2.28230967088817,3.67208331181128,3.56942854311268,3.46079456759082,3.83345796110834,3.11974115787823,2.16174077523778,3.29499634473367,3.43863996062503,2.58751691189773,3.57606968683239,3.11513702522418,2.92966494217265,3.05150407693858,3.18174089692953,2.10231611158656,2.45751047181195,3.37041153545853,1.96567151737078,3.67172525166341,2.14752122467841,1.42601565175342,1.98191713088969,2.01769981095928,3.73197306974164,2.44590005292113,3.12332482334519,2.50576453593794,3.29830122339321,2.8798616646611,3.19674986492542,2.58753651254227,2.37020188016016,3.9850752459269,3.31801050662065,2.14782191827955,2.25852881701586,3.80209830526127,2.50729950765366
ILD_122,0,2.968865698591,2.82913725614178,2.78916930947886,3.03699760436679,3.05037870036172,2.75651950453011,2.07118888176785,4.01578404333067,3.71640491484919,2.64210832013586,3.63158125981677,3.10602186618502,2.75499998323376,1.68436236098875,3.06430531494886,3.34171935698074,2.93311317827289,2.68657010093256,2.9676193701168,3.13247649916525,2.41477712981447,2.70799167007435,2.33222648783248,3.65299469782546,3.5132954453581,3.39497452727683,3.83173747356547,3.20784936940098,1.85024390341085,2.84739016424186,3.34627189205113,2.72379955449363,3.419174062515,2.97774808799969,2.47606933023142,3.09048729692045,3.17749718594044,2.08218148620102,2.14492708489239,3.18614887798241,2.21867831144689,3.69485712841769,2.58534924642662,1.85806041766383,1.92790799837756,2.10407726534468,3.73423560117586,2.38244510852066,2.86335151090317,2.48590542955016,3.34682391232627,2.81689470182856,3.10708296501192,2.5493149940323,2.33999507295937,3.98613016058765,3.26468386919057,2.02764170356122,2.24377370485824,3.87890150482088,2.6157011129028
ILD_123,0,2.99488830380851,2.81588299423004,2.90429223455347,2.89817939540284,2.96892864842302,2.58554312748052,2.06429817183032,4.00358512449239,3.73300757964579,2.45482803201555,3.64032504136878,2.66491896325279,3.13217436119187,2.16194411796707,2.98173695018274,3.24855183071499,2.898029117454,2.44038698876904,2.94871230233609,2.8033320351121,2.09920057366319,2.48996024708187,2.30139865185088,3.60229499631755,3.42959582501024,3.59621333450729,3.81363548493406,3.12356327066449,1.93602944178073,3.31293857492891,3.6103387064563,2.9237825026841,3.56644761138786,3.02655460087503,3.02665373404821,2.9239760410208,3.18560623938944,2.37301875372813,2.02090085448368,3.13520038289027,2.1020775396641,3.64938053141612,2.49924955636621,2.17936377236264,1.74610951554597,1.55939582364313,3.77431608784886,2.43058413556309,3.0714609658365,2.63883314949542,3.34760181803594,2.67154343407743,3.11779314805795,2.53350993997836,2.173716310826,3.94449596664508,3.26570441242395,2.5012120990276,2.01607842058281,3.89797122557327,2.59794783663593
ILD_1,1,2.96889226002797,2.7919479795998,3.02015887049292,2.93593435078878,2.83914794769508,2.91416836550571,2.28860393653956,3.99328961933539,3.70473833143532,2.67555390731771,3.59786613933036,3.09445571571496,2.94071960132271,2.13552006679606,3.06068245253844,3.36997541866998,2.92934584348479,2.89964073238917,3.14962964965932,2.84348436837851,2.74246855842522,1.62162792476818,2.40361028839567,3.76864342349327,3.52903151889251,3.48609730770645,3.78171613085996,3.18594064720755,2.33124321980905,3.392125651052,3.3100067130298,3.24788159657822,3.76324098617233,3.27044674109549,3.16200421723709,3.02631665711013,3.21038815105591,2.47136264127184,2.57561822705005,3.18070112029742,2.27523763418944,3.62303885829363,2.52071950554491,2.56191918705776,2.35619621512353,2.63434584185077,3.65374319931869,2.42274720300687,2.65376671649478,2.84495433186514,3.2768120098197,2.89586240583297,3.28725416132329,2.70109424281449,2.42060676419602,3.99727062035475,3.22480609185931,2.85029424372863,2.28906259598764,3.86209707268768,2.73504050483183
ILD_3,1,3.00373788890525,2.8136764910028,3.04716813094505,2.95346665870361,2.92815887919648,1.36188530904318,2.50282429083243,4.01011843914799,3.73014109581558,1.85705534352405,3.6489158805012,2.99186274732037,3.04231656343825,1.32253764669762,3.10866359120509,3.35646471851427,2.96361862700498,1.24993711440976,3.0192857581951,2.84287083111649,2.54848403350679,2.36006571072277,2.52694735753605,3.65666151513379,3.47836002111978,3.50449554249876,3.83263815777032,3.26163778443246,2.00056262646443,3.51325381433192,3.11710329452373,3.23741809431919,3.74997044055662,3.08000187250271,3.15135851063048,2.91432954977612,3.30999083809077,2.27504836714809,2.73094119288374,3.14725013048298,2.416275206308,3.62746392961434,2.59598261193831,2.16235185063678,2.22509199579923,1.14056015844141,3.70628956112689,0.999306073981722,3.38507321267352,2.77709995000641,3.36334314193432,2.62494781187008,3.19248854923542,2.71160704778693,1.18126332923008,4.0121424772469,3.24493543387326,2.17009465370265,2.3636417294797,3.8114287047605,2.75017276467839
ILD_5,1,3.01793834231542,2.74303625363546,3.10599853433155,2.73507961442836,2.89638997340316,2.76444931316602,1.16171178854301,4.02705678636645,3.74030459341647,2.71782554454885,3.64843668227814,3.13357550826966,2.99045616544434,2.34776078033281,3.03483721880457,3.39790959047925,3.02091866782239,2.27366955326694,3.15572290075941,2.91999966823586,2.61686539664051,1.43724597576314,2.50820085112907,3.48475251991211,3.38347496579303,3.51714207836958,3.79032594309529,3.20796701556508,2.72031922516568,3.04148260174372,3.31546276323875,3.12717478957887,3.85329611919904,2.83464917308782,3.09738102946542,2.90595031662269,3.29700036108171,2.31658994181049,1.66853471742874,2.99229901155179,2.61111040110337,3.70633320292789,1.99764944877655,2.19231958738196,2.4907593802824,1.42298975137962,3.78589995591616,2.76901810566928,3.30479266381011,2.75136187038452,3.37014234360303,2.73572998644198,3.30539540144505,2.65097487115278,1.70210700961473,4.02739924677951,3.2887655149697,2.66766627055069,2.43660811172364,3.79546131679344,2.44635951621125
ILD_6,1,3.06032295791116,3.02701168896777,3.05785644615564,2.87984299438065,2.93701544124865,1.58536399614453,1.31160187925497,4.03205009114094,3.75277226002207,2.62939257083098,3.66128546475495,3.04941107180118,3.06242151048749,1.39459087019906,3.20239617088848,3.32930568953939,2.9820892145458,1.31542770934746,3.00457289959396,2.85582032682411,2.66437229219978,2.55977388523654,2.4445402109077,3.45499891980779,3.31438508134974,3.48517820403146,3.82411442003249,3.31955687569182,2.15076918532723,3.161208497689,2.99080221626352,3.02515675138244,3.57953023750046,2.84389378530175,2.92499408923952,2.91548627496079,3.26200919695408,2.7057760259979,2.63632722699734,3.0505707047299,2.60067249625197,3.66433207885258,1.38930493837846,2.37559836759638,2.7618645948797,1.47535715330244,3.85074203054403,2.68601774122571,3.3823841721892,2.5223766413063,3.35925486300789,2.78315545233772,3.25112635733882,2.55851807034133,1.48029417271569,4.02122993605567,3.28917730136658,2.62360119362543,2.44792357677226,3.82383481976742,2.6648794375587
ILD_7,1,3.08286800427802,2.95789321434694,3.07004191675063,3.02178627901455,2.8993833266078,3.09066893158375,2.5012449932092,4.02426074351061,3.79134466761287,2.15842798414432,3.65984450995085,3.0477433405281,2.81210827412049,1.39218788641531,3.13977287568191,3.31473441835633,3.03397687586038,2.42436096122025,3.186401983924,2.77861447626139,2.384200039119,2.40916718054086,2.36874127355579,3.62293632176369,3.57885061134189,3.47940187582382,3.82063137974298,3.27439465711985,3.05448801391773,3.16675600428754,3.02877135369795,3.08772841223033,3.762080143672,3.05856958131236,3.10953973663229,2.99950453321121,3.26589206780458,2.25540407063638,2.82602211720303,3.19935022963973,2.24729749438347,3.60560228188686,2.2645078583236,2.13686684735143,2.36529701705724,2.03101395106752,3.8130130402562,2.41710340552302,3.44232472180567,2.47134974691404,3.43571184059983,2.90904029759842,3.2750459352422,2.55318810146419,2.04412506636721,4.04262110306461,3.27000629732891,1.78207685138616,2.3797328696095,3.76034386361811,2.4895334394357
ILD_13,1,2.98886181667981,2.90869210954201,2.93776380730972,3.06235883632761,2.88374666831915,2.28109784720908,2.62884318888859,3.97288815135956,3.68650914406755,2.55550884348464,3.67199380534595,2.86614257912353,2.92646103577952,1.67561245695308,3.14100472117567,3.43497471558092,2.97504749286443,2.69357366679386,3.09494207336152,2.87796290435205,2.53817308976294,2.42043838930485,2.35219205964409,3.54442667672511,3.52201516811952,3.56286644629667,3.86637091359568,3.06125204389711,2.13577435863325,3.56601741917398,2.99143716943006,3.16549145553625,3.76509691111932,3.33472833009875,3.14148508056147,3.07513092900601,3.24701644645097,2.20183329347927,2.36583080123887,3.17514943501948,2.41749244192243,3.71715300736614,2.25251484181359,1.9815911597336,2.42344618515643,1.87382497854321,3.71875843205487,2.38248406527477,2.65590452947013,2.5896379991123,3.54073398545078,2.88442766426351,3.32477709435563,2.80473991561475,2.61456339590048,3.93868325222026,3.16816000882127,2.48021018033083,2.33335695726507,3.82866442304209,2.5380062840184
ILD_16,1,3.0468759536368,3.09449423186047,2.91874566521613,2.60054547305822,2.90642260812763,0.920564737062762,2.30770632030171,4.06753372783434,3.80195307245422,2.84238073253033,3.67063837515907,3.00081122674989,2.8971530782108,1.24901283296965,3.15386924181494,3.30494876645321,3.05325410980798,2.48857883775692,3.12580407688815,2.72782374650819,2.60901047143809,2.33358837516662,2.32882370560837,3.43831845087979,3.44478963035629,3.62049217539751,3.73316960349251,3.22213033227575,2.66991469034112,3.60681353178864,3.10157311176977,3.18174953118816,3.72097316950669,3.24287713070597,3.63599013473141,2.72273544789204,3.17332262659822,2.3982011778024,2.40264087052267,3.03711422641087,2.41014227284479,3.71702561295936,0.845417050366435,2.0055333855334,2.2961188224643,2.27039630770246,3.82423408048195,2.64512033928808,3.24360020128029,2.55293255124981,3.58272061746803,2.94350926713245,3.60566959731057,2.61637619129468,1.24345025843807,4.05517884373642,3.26114064659011,1.71460886687485,1.44518563983014,3.65892328323408,2.54997505014567
ILD_17,1,2.95881463984507,2.99191561478488,2.98468521848321,2.62251755119593,2.84580810271361,2.80538078559953,2.09611644901975,4.05851857734949,3.7943981554956,2.32476255997848,3.67668886350521,2.85829056859764,2.83351827208085,-1.63519223836476,3.04888245795274,3.37402480554224,3.03024150174679,2.42732269324816,3.30627114279594,2.59333111222696,2.60016591418948,2.35824565009041,2.7189147896842,3.24191913480849,3.41585592019132,3.55435348539211,3.83834796693535,2.99739732562985,2.67818620684226,3.43056347262773,3.09412065066438,3.18222212045549,3.87408324193238,3.27696542808354,3.32642743233286,2.7276566955309,3.18889903129062,2.32931938312472,2.55514798419783,3.02524870248969,2.47319506663967,3.68053316522789,1.97697230415045,2.08479705723526,2.20635416126169,2.12103024527211,3.86678668376212,2.30466736892496,3.1543597671748,2.54165160207022,3.50207139161131,3.11009924120322,3.69103124872865,2.51851943524304,2.53279818211403,4.08592706669518,3.25716453315995,2.41863784933124,2.6592727204264,3.77348129292269,2.51962061118148
ILD_20,1,2.97222140670589,2.84814133499503,2.88349717143672,2.59427028009188,2.90618068511959,1.90209384559049,1.7696903765885,4.0754145139086,3.83135110529244,2.42301563932004,3.60484736078029,2.91270019504319,2.94603236191396,1.37164085873335,3.11338470007544,3.30367913212528,3.00738350977184,2.39341183910573,3.17820539049085,2.99237096855709,2.58189129969057,2.12525689517985,2.53619895588021,3.42287844540243,3.44285646822637,3.69529295252361,3.83128449826345,3.05022739786942,2.79122920646514,3.57812727176545,3.05820423879543,3.14027928250414,3.85249125378728,3.20751136632484,3.40491349931512,2.80935619526007,3.28799858109084,2.52822535038813,2.66101885196912,2.9417679521783,2.56559543960263,3.67265836593656,1.32377906026306,2.65904584603072,2.80998548516328,1.81505526847866,3.92123141738618,2.59224131632059,3.30071218568733,2.31144950794586,3.40804022318918,2.83665079439365,3.32052145957047,2.43010245837249,1.8060497392227,4.03976553890491,3.34860769637844,2.40153260051477,2.49658951348065,3.84378137812936,2.68213952393604
ILD_21,1,2.99268881759666,2.92690753370108,2.93468510452464,2.79163057034702,2.83986273521093,1.27786072026904,1.89338164037819,4.02621581167944,3.77739553750816,2.35116727668968,3.66736511699818,3.09935617327138,2.9841067756122,2.01147993653849,3.19782751408145,3.33692297246131,3.03756699153398,2.40033041481556,3.12574284404868,2.73068428478677,2.46311701373594,2.24787265342734,2.48193050793122,3.30986360526794,3.25875424804436,3.49058498315596,3.81489547493615,3.27087184515626,2.32010633557067,3.47777319378069,2.87828567342007,3.17786590309738,3.72810013257308,3.1499003940277,3.19456051888429,2.87216002262242,3.30515210979536,2.44516983716802,2.54125840550825,3.04032332345604,2.28732855446767,3.71046082474548,1.6511993951468,2.06130802204448,2.16677561417391,2.13804034936547,3.84041802852026,2.4621379834339,3.45435099023892,2.51620422462777,3.42971574166756,2.78828074176405,3.49681501748481,2.3648082889803,2.70644285065771,4.01167335743444,3.20417428892365,2.25831126371391,1.23957697903781,3.85710972191814,2.6558007172669
ILD_22,1,2.90944937442424,2.94550203752806,2.9792739043869,2.76317066040226,2.81450407292833,2.23481063354131,2.090774185934,4.06851775201731,3.79012823652257,2.54313934959377,3.63532819411692,3.15596913668297,3.01155665867275,0.706209232431142,3.10097657759874,3.42091631959777,3.01177680234987,2.52030576688542,3.29258258354064,2.93613022485108,2.61624992852016,1.76252749924254,2.52811744041822,3.3146419349368,3.47448413282958,3.49626321087676,3.76469118993996,3.04511102529814,2.93902161111133,3.60085513438667,2.9482233648803,2.98026222317185,3.93457085613135,2.8980097856273,3.04279700677498,2.83585870638739,3.12203287483277,2.36940939474799,2.39138463066084,3.07541325586813,2.34076314820357,3.62103151356484,2.3459750460495,2.4495541788381,2.3299017421803,2.22965793166922,3.71968209389035,2.46927793400723,3.43394829260437,2.51565371878872,3.18995372362391,2.84785380458681,3.50767975326358,2.69266410057409,1.40667507458346,4.06129262801883,3.13325018578892,2.12442976462774,1.25388205765768,3.77071750327731,2.78114010679924
ILD_32,1,3.1506923192006,3.18053617981354,3.15771078380715,2.84873703105694,2.82612659867435,3.36697751471675,1.57686980955558,4.08781165437799,3.85291863532747,2.71960679855776,3.64480586401193,3.01038401352713,2.91237420667487,1.85304587379077,3.03597640346045,3.34109701483568,3.16352831027382,1.35306072167581,3.10910797245479,2.89078147969212,2.73146004074873,2.55074787716427,2.69969300067648,3.49357498515904,3.29335197921548,3.57745757941974,3.84135442130834,3.08064587398832,2.72242382904033,3.68244092024244,3.13706385886955,3.03706250825775,3.80198092480912,3.50489386737491,3.37092401683486,2.78950749673922,3.21376167707813,2.72077829240305,2.62118648164647,2.92606819371471,2.27604574270361,3.68594221218075,1.06807093758859,2.19317442123846,2.56050701821699,2.17123827643928,3.88311541969743,2.73980125743123,2.91812996433446,2.00292272857002,3.47553321931815,2.88442405403456,3.22333701991933,2.69258824647506,1.37938695421456,4.12873808558563,3.29781343743189,2.29105385050818,2.57864929057565,3.79387822862002,2.64815973830289
ILD_35,1,3.16884814369119,3.31285783385355,3.26200904235507,2.3390894861739,2.83146099218854,2.92851024302494,1.29355758409349,4.03741556151449,3.78492676861349,2.55324174777892,3.59707186909498,3.05453069959664,2.50791199974931,1.47836999236825,3.13465958278169,3.37030580387803,3.26213971162726,1.72624072712548,3.21793681039275,2.87807472388409,2.6622730752016,2.8594557436055,2.46446809630639,3.52742135772345,3.2769511575085,3.46916162349697,3.82361444939766,3.16365669575548,2.87276055386917,3.68847524648692,3.38203063232427,3.12132243006417,3.84167452208217,3.53036203355119,3.49931138164389,2.52283141329591,3.08487856506825,2.79725873765569,2.7603152737756,2.565420114941,2.33980614779367,3.63102954092659,1.35683461934896,2.58034862455347,2.79144074917059,1.61725490363764,3.87940066574898,2.66044522669191,3.15546386988914,1.5808605777757,3.45958626608332,2.83608329083705,3.25664054476318,2.64207986211363,1.39528062319709,4.10712173888852,3.36164637492109,2.41904180118671,2.23749259589222,3.55001310520152,2.35496570554052
ILD_36,1,3.07582330084798,3.23016337299187,3.20713567032788,2.52717180313494,2.77196019027725,2.98794549609103,1.7679151298344,4.05829064500811,3.79230409191577,2.42202660222423,3.57742442795659,3.08108264052934,2.97629056402929,2.23001628259991,3.08659161055742,3.27903211937385,2.96077632459194,2.25879086919824,3.24260723052321,2.91219605864417,2.1304811762202,2.52559087407927,2.56761408354002,3.55768455785323,3.42117111099749,3.55685687416047,3.81330754078626,3.0617229260474,2.85292456481701,3.70087212211877,3.1715569274731,3.07762804327018,3.83382358689447,3.51101057183477,3.54758094157824,2.6947437101966,3.11482251936944,2.74854424433864,2.48417487703615,2.91178216169549,2.25211166551715,3.6986459816136,2.08641426715813,2.46609970193552,2.62865500637208,2.51668652894622,3.8013303678737,2.3482537211292,3.34636104724055,2.75088785497462,3.22856845702484,3.11758802633776,3.4111921560147,2.49297548030767,1.68866417051556,4.09026419873888,3.26101022495867,2.56220587169095,2.14277233615311,3.75815979263649,2.64309943087223
ILD_37,1,3.14612438531304,2.96457114671796,2.89805575190817,2.86264040200363,2.86382847786136,3.17786869128296,1.71950885713085,4.10365029423301,3.84866758662778,2.55533400748197,3.65150018760831,3.34021852830131,3.12308396420677,2.42542909784518,3.15722705122228,3.41892647148918,3.20833091988879,2.13741277566807,3.1587590011385,2.90971049786362,2.10250452242086,2.03367116223667,2.49444282711215,3.48942097170412,3.37132147610148,3.59558814392216,3.86938141820041,3.22125664124126,1.88386145968438,3.30359780748256,2.91092131256162,2.9526276100745,3.66959555083971,3.34998090798312,3.171348069999,2.83399793294488,3.31263528094477,2.58049162762694,2.25337159550423,3.12392058526688,2.35017462390773,3.54734301159618,2.50464479008977,2.40509715183893,2.70976400986811,2.11876786292086,3.84582558305502,2.72282406015667,3.26712646444676,2.30170414607672,3.54100451104685,2.5440334042626,2.9602903423304,2.71975822216403,1.87392505516958,4.11261071431154,3.25277332269701,2.57203251402592,2.47201478432242,3.64217718861298,2.61464588915519
ILD_42,1,3.12177217604449,3.07872209204759,2.91335584640795,2.79067675404039,2.82859106410079,1.74643036387487,2.04030132122053,4.059953238369,3.79192585340702,2.7174693180508,3.70007263074142,3.26013157070244,2.99832242750443,1.54196342782937,3.05263868701563,3.39725923228488,3.03077938829183,2.52362606761326,3.20283055829888,2.86852951433238,1.9523661331595,2.23431347126904,2.34782984205155,3.54777972397146,3.43864701980917,3.67705531449494,3.86616109873078,3.42703110761026,2.35646588555322,3.58798125754923,3.15930569979437,3.11416461631466,3.53676198832617,3.36126631835186,2.91132726260674,2.93250629387792,3.32945179545155,2.45159691892644,2.76843558411877,3.12921781347247,2.47526989674211,3.58369083396576,1.36349486314891,1.97890222731231,2.58967056226358,1.70894224561081,3.7804491491195,2.65802969462998,2.98548608001593,1.8923496663648,3.46753070332277,2.59701165960385,2.9830227121748,2.8153285037076,1.68447949671069,4.0697907347126,3.29467941150225,1.88683152713747,2.66341653748735,3.73182954644706,2.75712228635487
ILD_45,1,3.17599219774611,2.91569412989317,3.030750081908,2.79556449675157,2.84917252561772,3.0521881851261,2.3115708788969,4.0710996870101,3.83931822499423,2.7561242877945,3.61331770161193,3.32316617776085,3.13154678384104,2.00701139212786,3.06087351390557,3.37259628149045,3.033931049394,1.99364966514597,3.08905384855287,2.81672276760652,1.29754807482149,2.41077301699586,2.39371745772577,3.59741527832724,3.38790960289549,3.633102147776,3.82374190138057,3.36430054873335,2.39929906280597,3.40358127420371,3.46204850600059,2.85698858868738,3.69410219842691,3.23409032127192,3.029077245226,2.9407112880005,3.36781813660055,2.46655715539494,2.87356599299828,3.24848259348019,2.48159518315046,3.64836195929072,2.52899004115602,1.73382588384873,2.47631654093576,1.72381043518462,3.85922475539273,2.43159165964361,3.24532990802169,2.5633047709183,3.38942972346597,2.57493922337905,3.14721109742039,2.71482834229707,1.47446972617288,4.0318131703919,3.20358178113463,2.41430729382586,1.68242496265262,3.69314333009259,2.76507877711089
ILD_46,1,3.18596103708882,2.95949240523764,3.05678021403754,2.70196751328011,2.78965945105177,1.84768906691347,1.42346508024697,4.11355357285811,3.82592561501962,2.43342006561727,3.72629534506832,3.0572389997702,2.93686784399784,1.31718077404567,3.25449777786077,3.50026122221119,3.12658172978678,1.54781701754879,3.30493059366174,2.68505239243658,2.57580362803577,2.32091553932792,2.42818883446336,3.420400377034,3.13808613723831,3.72023740440273,3.92164671872127,3.19877802426576,2.31166428734632,3.57439170017821,3.07788183576852,3.37591984881642,3.48112174172501,3.39859282211232,2.84180493873999,2.87475376087354,3.43670925769074,2.47554576763417,2.78642965178871,3.01532301289683,2.19639502002632,3.58806651610892,1.5144145926212,1.9998275146226,2.51050217050187,1.35393796106493,3.88633206273257,2.64102554060268,2.59941626582114,1.49288993277509,3.68874422707534,2.66807070830813,3.21830575343241,2.80877534105624,1.58250492358558,4.06343945383916,3.30221564671054,2.36173270079276,2.78059146106895,3.70210227787787,2.76419745823187
ILD_50,1,3.1480034715824,2.88342884020069,3.08598813846313,2.76942261738785,2.89547541500238,3.34086873900312,1.9995808018493,4.08349216415445,3.84505037070748,2.37674477646115,3.73424628148429,3.2489264915457,2.9656818557593,1.79720873340043,3.16823519443498,3.48677882237513,3.14301268400235,2.05857361404054,3.11963583083419,2.87366339513118,1.99966043475166,2.33340491632983,2.47640015840857,3.55168939209823,3.31204568746119,3.72624580102788,3.89182750098855,3.1567628438353,2.51177506803417,3.38937900649838,3.24593153608864,2.8002512366797,3.70202727128546,3.49075597106802,3.22393879562363,2.85193137460524,3.4285123552336,2.57304370234563,2.84222360056507,3.18287438801031,2.48577111636969,3.59365188594868,1.8369580460769,2.16182606895085,2.42529730586819,2.09537765083621,3.82548323250039,2.83188918876595,3.33985241955291,1.9692685336466,3.45191788561463,2.4275124959904,3.01470149827879,2.74338149105415,2.22064960159368,4.04209463566595,3.2478013640208,2.45789379783109,1.88898217356424,3.75935336648169,2.65582472375434
ILD_52,1,3.09571882562333,2.91812187039164,3.04269814215948,2.54355095214563,2.88594757264591,3.18879367355504,1.76462293455891,4.0659432495515,3.81194547099842,2.68914549972573,3.74518713214729,3.27192192009029,2.93442498730486,2.2192202599567,3.25325832699135,3.49333006548835,3.06699164559678,1.91053161117937,3.20982562118553,2.77150956323188,2.46590589892423,1.89632154426949,2.42578673202773,3.53616240352017,3.39059786203871,3.5375778696337,3.92419837581002,3.17181657085561,2.11431059726619,3.31416999670036,3.26035581070595,2.73294802041204,3.72999404591609,3.3434128671272,3.07013781498203,2.79637288355511,3.33488428042556,2.59245009467798,2.96200936217728,3.12530520719425,2.33052445087331,3.59619621175033,1.51000664173287,2.07233689279021,2.58186904945309,1.65945546534166,3.78217873716409,2.75373193471952,3.13692279421314,2.54410116246931,3.45476838703015,2.43773417739389,2.94621883494206,2.82696566179953,1.54245691513963,4.05537932416301,3.16658230492292,2.17506493756997,1.74830232040131,3.8333091151274,2.57820043825576
ILD_62,1,3.16022770392539,2.96240760311776,2.84520300993879,2.44764228439912,2.81135232787699,2.05483839487345,1.93312543092675,4.06381805375047,3.84025999563488,2.56978887813181,3.75433671957551,3.31615926553132,3.00665007575506,1.84634852912219,3.18650677293175,3.48650640123952,3.13555001206006,2.6606847998436,3.16808836179909,2.9339452271225,2.64022296547881,2.12651765725934,2.60829681453729,3.40240883039099,3.26353818382504,3.68005274726994,3.88666465465628,3.12523514965563,3.15541763834844,3.49687566179021,3.28844324933591,2.94616808997796,3.81735048405146,3.49313973464033,3.40842805551332,2.72595716581116,3.37122966870511,2.70558838409183,1.74110548340476,2.89255423790698,2.40021231076666,3.65280880519795,1.81975268450655,2.10704653971512,1.94347290670795,1.71101326835859,3.77519900633842,2.68018793676187,3.2960970709322,2.1437588912595,3.47924174726052,2.40192137774741,2.73206607793919,2.78842780651453,1.83755440728722,4.04316117670322,3.18386300922807,2.33221698824168,2.4775333631918,3.87714586299864,2.82224379934918
ILD_65,1,3.06704206377202,2.96754882106586,2.96177826547212,2.38559092420734,2.97855942803164,1.34994953651808,1.37557874911482,4.04989844927158,3.81856770541958,2.76206050797657,3.66146327571719,3.12996744275,3.01917515583421,0.938169273266848,3.03251148582849,3.37856520816511,2.90354036074566,2.8357648308267,3.0520845969693,2.93598617091411,2.78499428760309,2.54852055095487,2.22013280208771,2.91827513465,2.33612141325798,3.48864284202943,3.77557848004634,3.11517888869087,2.28058340533159,3.29848112905654,3.22039462644407,2.62027631250508,3.73153039950638,2.92445127248682,3.00618012028625,2.6570970471442,3.36236390557812,2.5518104217713,1.23648296902506,2.92469822853026,2.33568672550024,3.69696273617307,2.38601804627809,2.50348696264514,2.22061838240914,2.44029901167835,3.80684547532803,2.77849850365447,3.05288396226243,2.66987238913328,3.28974632635025,2.59139799372251,3.08364526774529,2.78972455967211,1.40394008645452,4.02239599464075,3.29648289699651,2.59683506499281,1.91787358207263,3.94883122869545,2.73691282541188
ILD_69,1,3.16844922431963,2.82225753998694,3.05882697727595,2.76701355233312,2.77698916018693,2.81236510201839,2.16647210214487,4.04009001688327,3.70958130928374,2.30229908368735,3.71664106771061,2.77148958930674,2.84759640448299,2.11646549127365,3.24896116354881,3.49610930520648,2.93754065555533,2.25389412141853,3.16955364424529,2.75173666827447,2.48237938494334,2.31327034122405,2.39769781056475,3.47191977909386,3.31825527252198,3.62493647077838,3.94169270453714,3.34446683966086,2.84848985019478,3.54226772317823,3.16414945430359,3.22499186715183,3.73358903683934,3.48898370658298,3.07854014567995,2.84801975755064,3.36554089531082,2.11616986814964,2.4341776882814,3.28170269464052,2.54371594737293,3.59163605179371,1.24257296085397,1.98351159632722,1.98444504811574,1.37744438633875,3.72617991963889,2.44678098509724,3.31333891312101,2.73364188300594,3.46475332850578,2.41765443488536,3.11911734234777,2.67160712406201,2.07511461799392,3.98559351998674,3.18549486462998,2.39901091484633,2.31770344933628,3.80659526521948,2.37274132199638
ILD_70,1,3.12076781118511,2.91958667011521,2.75131629699853,2.74189309572017,2.55083792800083,3.04238216491212,1.96552177539854,4.03209210934383,3.65727523130188,2.2389823718958,3.70445246830568,2.74398624668934,2.76034549247799,2.07537338400756,3.19712536798443,3.43827646772495,3.06585437640766,2.56771340543849,3.11644569956001,2.79930051741848,2.62980364859156,2.27949849551465,2.56529662128541,3.6301640074665,3.30725955797814,3.43416700975503,3.90568448995741,3.2682196362434,3.05664020307949,3.6791380613769,3.15565326785884,2.96985215912237,3.74330507063547,3.40631082702554,3.50738045759435,2.8364229054583,3.26334855686491,2.47467345645686,2.74023360119135,3.17231062695045,2.33150441725293,3.62062874976069,1.47551019992526,2.28687508454352,1.82475725038695,2.02820496149941,3.78759593604094,2.47456071050919,2.5056933117207,2.32134011522951,3.51797424206746,2.73286197404948,3.17843134468227,2.72296236211064,1.93663755307473,3.98753053246418,3.17158527386847,1.8360615500914,2.71162215272662,3.67410578607296,2.5248203841355
ILD_78,1,3.10741444643037,2.9951906127621,2.75283344243425,2.82283700833109,2.82107284815801,2.9406831369388,1.12719869194116,4.05877579256971,3.76457289396371,2.46749327647853,3.62682395018429,2.9733851515004,3.03322271816156,2.03502538669281,3.10593905926437,3.37528312849059,3.04170631550562,1.42265444179187,3.07165054723389,2.76115839392456,2.46044661815632,2.12913067435727,2.32020967190188,3.50440059581615,3.29646877866801,3.61619512697965,3.82565058944919,3.27290346283201,2.09948636129967,3.13546238723023,3.00159128416658,2.8285462672926,3.61922638282659,3.35234474209543,3.08452038494203,2.81568054536683,3.1769351424272,2.28060192874819,2.68114916390486,3.05857898069971,2.24065042717485,3.59273174280862,1.77571326117631,1.93748666356333,2.80744828328989,2.05899954121078,3.82894368869604,2.66771487568879,3.31410518100451,2.49676009172101,3.54598664393957,2.5103138053252,2.96039823254424,2.59113728021826,2.26269340144924,4.02924354753009,3.24578279354852,2.48038304413798,1.43742384186855,3.82168889821039,2.76948805388968
ILD_86,1,2.89426855523131,2.90153319860018,2.79718487766706,2.96272214432191,2.90074029246291,2.66426557593734,2.46439111456691,4.04636173538782,3.77478835128572,2.79218124653428,3.58589832382935,2.93049172611944,2.93923955039263,2.53084217472139,2.75367510004833,3.35178767954855,2.89798159628829,1.95226429168798,2.92739259177829,2.91564411803928,2.34077742387776,1.72087601330233,2.27627252578262,3.41361730128773,3.26436911936863,3.51394926890305,3.77258384092819,3.15481132480757,2.18058325607913,3.29123332840918,2.78958731242542,2.7921960840867,3.42317151920537,3.18972081843937,2.87210410737939,3.03715124784124,3.1751531972379,2.15954747850128,2.53636770865286,3.27111568456449,2.16720492605453,3.66063010077725,2.42381098981232,2.60637886887205,2.21593718711133,2.3699973881801,3.79845543124822,2.3575289202722,3.14711215846967,2.54209626806716,3.4697143517501,2.84889390963877,3.2772230061368,2.65140051850867,2.42084403111333,4.02355410304681,3.15523725098832,2.87838289580869,2.44072620394834,3.66497690089921,2.48963604585542
ILD_87,1,3.31928400603561,2.98659168287126,2.98627733587848,2.5631144905606,2.61544827907696,2.53422186398715,1.41071854687325,4.12974105677857,3.90595777305983,2.36235150850186,3.70268763604249,2.81317293628241,2.57962903170368,1.50482846911637,3.30632809071189,3.43940413280343,3.11241251690492,1.67056292780249,3.22715084957438,2.80432946846149,2.4862126660669,2.4897503164518,2.48533571128074,2.80567302428028,2.97931883623077,3.54592440551799,3.90563755663079,3.35980813463507,2.21692047567506,3.34699665933982,3.23067668260081,3.00610762789519,3.68375866541197,3.22914568666575,3.26909719142293,2.56207237739707,3.26996519240935,3.22156568535452,2.54967582555613,2.78278172551119,2.74623506468837,3.54072007039073,2.05011114224272,2.57342660747761,2.50167371230994,2.2145790275483,3.89204750809551,2.44779991913833,2.99917848828588,2.37515838936353,3.56477997593135,2.4566927336355,3.15084403550216,2.70377037167671,2.24343074899232,4.04059920039064,3.03461193775055,2.515049500208,2.46347682453232,3.97417704150602,2.34499977190328
ILD_89,1,3.08033951329028,2.96336536610438,2.9599631562339,2.82172135481346,2.81190499362279,2.74377116787003,2.00236018846697,4.09676540497541,3.8521975529488,2.52702460146525,3.6778088591364,3.00691125458485,3.05657247084613,1.71566956521409,3.13754336658916,3.46388692413027,3.23928661173203,2.2606852570512,2.9588473256233,2.82947233377208,2.52933982231589,2.19360322802925,2.2180693283656,3.4140198669308,3.22636332080084,3.67191962588858,3.85279614562544,3.31318032600084,2.36289082241129,3.3434242696111,3.06865389959674,2.93104484018478,3.70409423282201,3.38084872603269,3.03410547205722,2.75467194913698,3.2586479700661,2.29406325264899,2.57351406999565,3.15009748936501,2.35776784558539,3.55478365092237,2.06937953490992,2.10415764979718,2.70589888267461,1.83517927330665,3.87230777398177,2.3900516713842,3.24194360275345,2.65483299777023,3.61953482948108,2.41123317701365,2.98520906683382,2.74301216428712,2.27460400353509,4.09187127389798,3.09894289184839,2.22799282881052,1.91023022330356,3.82727445151139,2.49558522085593
ILD_90,1,3.04334459622785,3.16439241831261,3.04673983037253,2.39867859133795,2.74913519108118,1.45921764908329,1.60046529637331,4.08647692998343,3.80048955511353,2.1480431519433,3.71188885918626,2.76401620580112,2.99092527431888,1.1986299462949,3.05697479416485,3.33756576457078,3.11304661173424,1.70458035597746,3.15652556963404,2.58110110181851,2.67947858126475,2.59509562613946,2.64886257154113,3.54495737236136,3.38589074187898,3.56246033269,3.85536132225267,3.2101728776872,2.38014694518665,3.74106917797969,3.17398309455068,3.14965586871049,3.53427131702452,3.20799378660658,3.43998377706093,2.60645881890799,3.25845463669071,2.57949822628223,2.71981806230464,2.84133854429997,2.15162397338222,3.48838198192278,1.12014936261082,1.9455296219039,2.78254525793332,2.34357716487365,3.77870997474629,2.68049943531333,3.46430120904143,2.38233411964231,3.45615766042654,2.87897298889182,3.25605121519023,2.49509916754552,1.81787757814111,4.10817868675752,3.17791793997295,2.38839285715286,1.38736042276332,3.74618896706698,2.5169114150535
ILD_91,1,3.22305796926644,3.04382907740112,3.15649620680971,2.22692477935305,2.84563500942945,1.52278393813843,1.38076273529422,4.06820132434868,3.77241875969083,2.7670250958691,3.69255540005451,2.8415666169242,2.99718177235162,1.98343698893852,3.1264431539514,3.44201963229008,3.14560543194895,2.29428074738972,3.10006255142141,2.79041796390503,2.04022212124344,2.6751919128436,2.59449103760945,3.30499791437348,3.19298191920667,3.59413159492274,3.83499652618391,3.32646393257153,2.9073008680183,3.5838367053947,2.99717486455937,2.82612023777709,3.80693653079502,3.40445655965845,3.38070227657218,2.87679582635292,3.38055068553086,2.65859680800152,3.14313093709404,2.77141475028787,2.45484014927507,3.62839151479,2.16827200849605,2.18430907111215,2.42268675397614,1.70637625488248,3.83774047610267,2.56597620506438,3.46913780113297,2.35869329988649,3.53649394671608,2.49335180328366,2.49883476400451,2.72920460331676,1.57403397795161,4.05302266060574,3.27493045871618,2.5856506293484,2.15896443136348,3.82979872352171,2.62312294564743
ILD_92,1,3.22324157880163,3.03348515629282,3.1361475256164,2.69370737072237,2.84247500555672,0.415232819854512,1.33281869772352,4.07281313476266,3.76770436302687,2.65175138223406,3.74911780464853,2.88629416779486,2.88750236625079,2.58608275928561,3.21795408326328,3.47626159135736,3.14728778376357,1.22729392446009,3.24270227745941,2.87106263590301,2.35920487979899,2.23677855843896,2.65982568767463,3.43766097790822,3.25978708988215,3.63011674757711,3.9033586698117,3.2512801072105,2.90338764610804,3.64312592090466,2.88384127459509,2.93396512742763,3.75589058811135,3.41234840583239,3.24364921440143,2.95727149825895,3.42060723407141,2.67933359984625,2.96972073222764,3.13873358674349,2.42595568074036,3.63107306614571,1.5301392883117,2.02739042817751,2.95413040830739,1.57983042068316,3.79212558701313,2.70097329367401,3.25414172972077,2.47927708415169,3.55200537952687,2.54261248747019,2.5441857211432,2.82086296744895,1.17956021716587,4.06747819628412,3.21522665350663,2.56051023153997,2.39565133299444,3.68401914602788,2.5460100391458
ILD_94,1,3.16087163771563,2.99170849919593,3.13028662515871,2.54275579040241,2.79251274130019,0.991027709262851,1.53904384592437,4.07959914181167,3.72594980141114,2.70764953164994,3.73322145071507,3.07556345294347,2.98528357834124,2.6949238710005,3.18724668495765,3.43197523728973,3.09831888513333,1.40834997253013,3.22381713652465,2.97988772788516,2.32109876877098,2.48857668688653,2.60298732794409,3.59864156375914,3.30631759313378,3.58520771752598,3.89499221889405,3.13714356291258,2.82559717296204,3.47280310169962,2.99362569630878,3.30078920699024,3.70187902832447,3.43859595048476,3.28941312924403,2.86163944068153,3.38658900802426,2.69415751513643,3.02276559319594,3.06440513761327,2.54969473025011,3.59389196949845,1.6954356738781,2.68291303256532,2.68369871934467,2.34253964024547,3.804622334825,2.59751104193365,3.44969790692665,2.95400040621701,3.52354617703695,2.37237123543733,3.14091618012656,2.80555230949913,1.50432852631782,4.09500823797178,3.25441798685128,2.82468889260868,2.31490063959212,3.85047385951577,2.64713344049875
ILD_95,1,3.20543552319086,2.98243076006538,3.0062171696951,2.53724912220486,2.87066003424851,2.11689257288538,1.75423082584067,4.08323318643031,3.76297216559288,2.83852561722431,3.66727670265234,3.13294490408804,2.96930147192593,2.26906569819587,3.13750953466151,3.48598113519562,3.13624672067576,1.31866080426164,3.07929607912416,2.79936524608239,2.07122817353566,2.50091505475269,2.56590550827406,3.48917620115183,3.27638640736002,3.65095670480115,3.79930531994521,3.26957757419927,2.79099208164916,3.4119831187937,2.93062279450675,3.06136609617084,3.7262207360131,3.40313096108503,3.26390749773241,2.84783583014066,3.42184986785583,2.44794720088821,2.86114487467135,3.03719174118172,2.50547877815552,3.59058917235095,1.82979892860738,2.61101827996154,2.7065166972463,1.63796910551766,3.74339970820076,2.43861695645637,3.42637915731243,2.65995136486235,3.49861981189841,2.61835416212709,2.81590147046417,2.89443435613925,2.23204556227184,4.0924054542343,3.14934142734303,2.5722837248609,2.28941832994685,3.88017351271843,2.66496541867064
ILD_97,1,3.10755981619444,2.89728256691374,3.00378669598022,2.63545526177927,2.76096051637754,0.87955220921674,1.46863968800665,4.03779071244051,3.71515262721703,2.77151417863448,3.65819978045591,2.8120078807206,2.8779747420828,2.47932162178893,3.04636832703425,3.42486462203403,3.17334625762669,1.40103397727724,3.05089611863406,2.61372279448231,2.32855184893924,2.55913935338989,2.56641565524291,3.15038926022801,2.91740743521756,3.6513673576021,3.80556732164285,3.19612144613373,2.72950787450736,3.45466815620023,3.06322785458262,3.04364114051405,3.641220251467,3.40542427390398,3.21352747751329,2.9267604560721,3.39400108833679,2.56599357560157,2.82781138755409,2.95255477382221,2.63113980846768,3.62369302491924,1.70945317056695,2.41849608094886,2.8875729955697,1.33535281363348,3.80945534322449,2.84669124093503,3.01904181626847,2.76059208735187,3.61755193763716,2.62904622299928,3.01385018845585,2.87398996904711,1.93900379972478,4.08810774739659,3.24499569774338,2.56235220523834,2.65441763993219,3.76364100421805,2.70643933260423
ILD_106,1,3.02794473796079,2.81212100572287,2.97378532221812,2.63673070207671,2.63378144648962,3.00637125614995,1.95245481380756,4.09411632225797,3.81506512138418,2.50676949816937,3.71457879995672,3.01847080356381,2.96105138653187,1.7041385677463,3.29458230709006,3.50836477007712,3.08669879997981,1.68006900464039,2.97690552748571,2.83882554122321,2.23700652154219,2.07688150796563,2.50126384988137,3.42383609543322,3.1899526716599,3.5111669823171,3.8971390667707,3.28748183034217,1.9994022612942,3.07080608270746,2.60990436139328,2.68684172088873,3.32669782355526,2.88647898151895,2.99768896663857,2.63822500775136,3.25950748726152,2.33214502741734,2.80349013496531,3.0959318634215,2.47310980313323,3.59274531717301,1.51170382675109,2.24872864013875,2.665469935456,2.20353182067084,3.81576771469014,2.12041719626309,3.30556371047239,2.75796382899882,3.48840792972423,2.47655966570399,3.35150824859349,2.64674312811894,2.21955693627077,4.01851413578424,3.14540756947176,2.57926085312361,2.53488662265259,3.77902430835006,2.38682038152653
ILD_107,1,3.03800546797326,3.13920963942897,2.98986730662924,2.55242322620346,2.77352187597709,2.96214813656101,2.0950745559877,4.0680429702196,3.84422886030205,2.49058813096894,3.72311757705539,2.78107041899721,2.97967148110388,1.5868525449036,3.27699414483339,3.46101865525565,3.03736089023203,2.19243047449987,3.21533412364526,2.79078363459031,2.3015596011445,2.87353170505276,2.56159892415612,3.3653790227992,3.00385518187937,3.47501452423585,3.95837728528216,3.24988760125601,2.2596513384486,3.67082479964696,3.27077001872153,2.98808452813417,3.80018844403725,3.29504118145427,3.30193773678432,2.63344678328296,3.18944132223673,2.50232330605811,2.18503112940568,2.94794299686124,2.35507056058124,3.61735767879753,1.36960314268475,2.24752328762508,2.84819553308279,2.33970341350219,3.88023530978189,2.6564940879053,2.84057460575539,2.13814379752733,3.54160307062377,2.702458328801,3.16581815633445,2.67578815029774,1.50334472468006,4.01800866380046,3.25211783224235,2.67330636222015,2.51146227049299,3.86586250681231,2.4762956921519
ILD_109,1,3.17296090375358,2.94441042584212,2.9428942424782,2.56797359874526,2.89170699763791,2.85961987700775,0.797093534194347,4.04506606866158,3.74173945126815,2.49416814845668,3.69243868769774,3.3232882004473,2.7831474954191,1.40446670788508,3.18448344972455,3.35475616212192,3.17115556545144,2.25524657597482,3.04093327507507,2.91345942125844,1.95779329578115,1.62835655790909,2.47677829691976,3.38601341171867,2.97644533796406,3.56855586455823,3.88417282524916,3.32148933057849,2.5976664577169,3.62004598346788,2.77578092856551,3.13996422802493,3.61518650774353,3.42861109712182,3.32277703931911,2.76602217491236,3.35662645012071,2.69219110280912,3.09898791388856,3.02687734793523,2.6841388621397,3.5610620947157,1.51257930724641,2.34329956006082,2.52494177507035,1.40586599194444,3.79566701889032,2.76589024139673,3.31663132929306,2.29532477405516,3.55230689399846,2.34371412721777,3.01135318751302,2.63923192402531,1.42046391099131,4.0491507858026,3.19910381054304,1.887970195317,2.4219515843672,3.70482121153597,2.58452503749587
ILD_112,1,3.11330487359199,2.99020313974718,3.05375113001592,2.62432018460898,2.71266897350011,2.92499210839532,2.08317877392312,4.08410497366654,3.83996980656037,2.43293807825461,3.72428047481501,3.1496208467167,2.89601299951191,1.21003505817944,3.07555975301182,3.42533931004816,3.08174944890319,2.39451203213265,3.28747879068498,2.91128389626766,2.63548423869972,1.42856725211273,2.49937797967032,3.3384933968926,3.27106491817586,3.44726441796508,3.88666164737557,3.29850178053399,2.49058631972136,3.45405168519912,3.11716509163212,3.02754081501866,3.83041387527901,3.22590958038188,3.25694291583731,2.76331070701834,3.23994376759158,2.58367000824968,2.54231913937351,3.00978166458016,2.2909651721812,3.70207600877696,1.21018356626118,1.91378832112529,2.32525976145895,2.2711053940166,3.78926999460831,2.23477848319628,3.28606211534547,2.19251924773591,3.3552507834847,2.92041821198844,3.20658384775379,2.62550853792063,1.96817226269157,4.031302983995,3.29429351978234,2.35718027064406,2.39955426267621,3.89118108276387,2.71070258873912
ILD_116,1,2.89164805930469,2.83578654767181,2.81670711032052,2.89808636946855,2.90882041350507,2.52024075004997,1.72862931577436,4.01263354114709,3.75075736949575,2.53336745633861,3.71045304841858,3.02654321778732,2.65208178904992,1.98596210967631,3.12414427574892,3.35432181163414,2.89301140939896,2.82106486273905,3.10205800708102,2.95675425413759,2.45433378026459,2.04879041365668,2.36011921377548,3.41300389880152,3.23426167461986,3.57256539977554,3.84531160648144,3.28579637754192,1.97582013471626,3.19066912261341,3.26376158629668,2.95804976816755,3.61143647957234,3.05280346678049,2.94628697725763,2.86419656749666,3.19521714497611,2.20513334829177,2.3671080715272,3.13589289545045,2.13252970514182,3.6260625713902,2.50055412276364,2.19059994496053,2.20388174583082,1.7193357313281,3.69089216600245,2.058994635173,3.28015128619294,2.32897553554157,3.33307594583267,2.73051893579794,3.14513666337302,2.80660291405861,2.34071893518467,3.96071598132074,3.27598979572234,2.4916125023942,2.20903908872096,3.87282246152419,2.48269979432837
ILD_117,1,2.97846905409868,2.88194107487007,2.84261570205566,2.83580773480563,2.94474874161853,2.62336852309383,1.35421494279389,4.00372143800123,3.74121452487087,2.4760738271929,3.70921462789225,2.96795165874916,3.01777036825466,1.92972142762024,3.18104757113479,3.34504270816575,2.95998304591267,2.12112346499364,3.13246940340825,2.86440580205718,2.1410291349979,2.83118504754011,2.35602151348333,3.34188555485948,3.21784878286165,3.50407896403479,3.89911928732206,3.4157875976979,1.5772190813236,3.19557791650611,3.14606570195057,2.9164379371499,3.49804728163957,3.18598653184501,2.82884070922225,2.76259376415837,3.17813421601684,2.27687517352339,2.3146658763109,2.95023410372392,2.25880841546021,3.65625525105542,2.5390148130426,2.06806903181915,2.36642546143146,1.44579080275122,3.75555727153725,2.40192096015874,3.15282004364863,2.5680043100388,3.41008977700693,2.76583332496478,3.24148605230297,2.55890959010445,2.02179438550548,3.9367165689674,3.25548668822873,2.29533497320597,2.06161897242705,3.77602902816578,2.64271893133207
ILD_119,1,3.08255342901665,2.74810029694854,2.79606419996427,2.7880918618809,2.97493981025744,2.84487313781686,2.06768196460361,3.98314675048568,3.7442408293133,2.43946261300134,3.70317966443496,3.12194508773385,2.89906330328859,1.56774883080116,3.17031721033592,3.37560293095336,2.92658557342239,2.49900643687503,3.10812663673295,2.93314381564158,2.31099073619253,2.53327212669721,2.35814259745749,3.45899345919493,3.32265539340881,3.43949172358488,3.87345534154641,3.29043587348593,1.45909307497941,3.21231176054738,3.12562652436242,2.90688033596313,3.56765791352724,3.17452589862398,2.93433481256959,2.81873672689222,3.24248572802503,2.14945102853878,2.10712923184122,3.06835699346461,2.36838100741403,3.62363717304728,2.42346493600053,1.8221283515441,2.18556862675562,0.751108840845056,3.72871292333464,2.41260534368016,3.28858020841278,2.30688948249868,3.34694534210057,2.71004981758391,3.14630977449688,2.65902264280041,2.098982944642,3.97222124115999,3.21493754865091,2.35833219726314,2.02034982398324,3.75667136978264,2.58353829056976
ILD_2,2,3.0191938275414,3.03485234289352,3.11542177215463,2.60280830038783,2.89334160472256,2.95322980469951,2.01143297490299,4.03438244924347,3.76086621697348,2.22625636198184,3.67295086357054,2.92627145810371,3.00260656722406,2.09068764445326,3.10938017536146,3.31679390734649,2.96818826642613,2.76573136572784,3.09291651275435,2.66329057030383,2.76507435019063,1.56028954416982,2.37351939534795,3.55608311267901,3.32432021807767,3.56972678693427,3.83582337103495,2.82101032433126,2.78841892785053,3.50272533119337,3.40522832904995,3.25386045226012,3.99416705431303,3.2755530420517,3.25926341540131,2.77279074761203,3.25752926982171,2.55350194820533,2.56907809549931,2.9442428535184,1.47024541251551,3.65923942210878,1.95766950737722,2.00513035741334,2.43399605318893,1.33842523929112,3.75314689052917,2.53588864468479,3.11680530620326,2.64828001900909,3.27126848714043,2.78167728831639,3.35078740097635,2.53797303811461,1.80365573750957,4.01793291367716,3.19752154063215,2.57624291836314,2.20711789682511,3.89253616118601,2.76144874610264
ILD_4,2,3.02735314485041,2.92244849510735,2.96556329587531,3.14601213365638,2.80428818264621,2.66863584313521,2.4214787582074,4.04177205938335,3.77516592713748,2.58567733951766,3.6596996360477,3.01007973814137,2.9759685236181,1.99780986682282,3.12928953465379,3.31250022303428,2.9589931016894,2.68838858451801,3.20191185512498,2.8143357383545,2.27399573456142,2.38697659599543,2.39855038170757,3.67582883619758,3.58191874104488,3.51191843516625,3.86969159875572,3.21745417094602,2.52131829857868,3.66601454647658,1.38101457049918,3.23479757605835,3.80391502755452,3.11122875599341,3.55125648123709,3.04043932491836,3.28854477094541,1.8978167014883,2.55743990232541,3.2186830319821,2.13443310612918,3.69312627025297,1.81527044803847,1.01004513549888,2.4733489515064,1.24240176089601,3.78986906580304,2.38063356957176,3.27550616627259,2.64868436214196,3.58652487804046,2.75013854077534,3.19324371748504,2.57616002292072,2.41064378194605,4.03621553568952,3.15892448632262,2.39245440051572,2.45367910065349,3.77582562976527,2.6949074533695
ILD_9,2,2.98440283126363,2.87992775865433,3.03288777723876,2.75612804283531,2.95065732628167,0.720578608269201,0.933418326948772,4.01747215251779,3.74831169848768,2.370883929086,3.65154967406981,3.23077211777625,3.06279304850172,1.8903251511214,3.10545988198263,3.39091438768047,2.96087149052295,2.62092664143778,3.11940424852038,2.86887694721904,2.55913916431619,1.63016818307784,2.43671340514137,3.48323686678757,3.45463377540873,3.60998856647796,3.8374267004281,3.28201768516232,1.68617586117314,3.4603023563867,3.11228875417272,3.00933090517057,3.66775460855638,3.12213157386642,3.10707727039484,2.81320043676702,3.2092139719403,2.29537133686966,2.58894133173985,3.0491955926533,2.38756753936523,3.66356880266971,2.192592038043,2.39011788498651,2.45632728312622,0.245841278332042,3.76020399877964,2.36042733808552,3.50120663277057,2.3517442529258,3.42654000880806,2.66938596299637,3.28970419657683,2.58565599990621,2.38771920728958,4.02026710443192,3.28151481832678,1.86263092473965,1.84438976960316,3.90709277304091,2.81062715702483
ILD_12,2,3.02625668107786,2.82388416314647,2.81202003071152,2.4421949361445,2.91247204413116,3.00245909377331,0.998572056804098,4.00743001250419,3.7155955763412,2.50616996037508,3.71272156428326,3.04974007289016,2.98563507491775,2.10706510384623,3.20560734220854,3.41732464760302,3.13449030182591,2.66304278503228,3.16732690446742,2.79246639054087,2.55759235622436,1.79970665922744,2.3765667099471,3.18172240192956,3.28482341043011,3.61553335743819,3.86478207016533,3.21404193727396,1.91823735850429,3.45593881490201,3.22557677079177,2.97601676302028,3.81407941738033,3.1699340448507,3.1470330904225,2.76654450002404,3.32941390277723,2.08118589635106,0.871580899322565,3.0185248767633,2.29924061104146,3.65485898680529,2.05420453066316,2.44390767037123,2.12392324794855,0.884051034296095,3.75826803374415,2.47938749035126,3.2894118523987,2.45208411064051,3.33169319771702,2.53709786348421,3.17283052032173,2.62592778479915,2.42363457381548,3.98404192193472,3.16122978024713,2.29288576481517,2.55638847740103,3.92663914867373,2.70463932843356
ILD_14,2,2.99891047171084,2.9384979877793,2.98316898900701,2.82016894549173,2.90226320294921,2.77853483204196,0.72583208869331,4.04714368743296,3.79526949231813,2.47185040160791,3.58836732607865,2.9240373974322,3.09734917770794,1.98910144773361,3.11103586689928,3.30961523507743,2.94622816270135,1.98099682450364,2.86544639712136,2.86542894318604,2.54198551209602,2.26054702615154,2.33434797019633,3.44318093681572,3.47825575084583,3.58048451031265,3.78957874092224,2.97373290036216,1.9516638583678,3.40615762159025,3.06006455689871,2.87910850692682,3.74895562052746,3.27623994158818,2.93139139443786,2.8700690005796,3.27789960011927,2.30071825705331,0.765221192496182,3.0921073499698,2.35052559251265,3.66764893416322,1.36403736107279,1.77302829483456,2.57372209418103,1.98278584891894,3.84617190684283,2.33293887882305,3.37013165340282,2.68843900984983,3.37269038428709,2.61045998830979,3.07248568526843,2.60997878878321,1.74780645789878,3.99645017710985,3.2395757098537,2.34383732092685,2.3608392806051,3.92099048286549,2.55558563919279
ILD_18,2,2.98699597944672,2.89769878546045,2.99006902566478,2.99130958772941,2.90460856075326,3.02970434273655,2.30107472786746,4.06797351662954,3.78137542663033,2.45134505168298,3.65293049892794,2.82125581843889,2.87654877305403,1.54081871416104,3.11651687891183,3.25040165276446,2.86283317608772,2.41847859127378,3.15405919093706,2.93197018131798,2.62260487865327,1.14988232985353,2.50762924983915,3.63165333936838,3.51789292899535,3.62501467818884,3.80610985621938,3.10242824487604,3.17702609488591,3.58002929181147,2.79525153786461,3.02186286168895,3.82044590984103,3.25995112723031,3.18983202194536,2.95649245929888,3.27456931032783,2.50904006952127,2.7363699648459,3.23171192216139,2.52649399073001,3.62221911780313,1.25848589123936,2.50348508606531,1.87428070951873,1.00410638362387,3.80482392712126,1.79248355581445,3.348993399016,2.21057716384721,3.33660753259173,2.96657348600853,3.45154758036713,2.3906381749086,2.61093743819182,4.00860823310297,3.16194592398246,2.42083158586938,2.0044740990735,3.82415429776598,2.79727602823178
ILD_19,2,2.87992102889845,3.0994059853988,3.0324317610254,2.79305673187015,2.78771498403084,2.69250566868426,1.70698285252636,4.03004657368535,3.778086942221,2.40493671336879,3.65238779091921,2.99088426323592,2.63331223637564,1.99420572897828,3.2180581019739,3.31941760795895,2.9112259055402,2.43971502204863,3.23141154290487,2.81909961331492,2.49060209579168,2.27161571717188,2.67206258238203,3.13706093807127,3.36701421547424,3.35707133261855,3.81825161056474,2.99800887726824,2.5035971282377,3.24001748536419,3.16276150833716,2.89342660837501,3.65746188627404,3.13768650559459,3.16316114739862,2.82937592070212,3.16801539483325,2.45053784018197,1.55319423200447,3.10186199727757,2.50574959292666,3.68241556369642,1.14591718896195,1.95958850796486,2.36504788438494,2.2134888726716,3.77182980127521,2.55790052262625,3.35887827026008,2.2784792799125,3.32274704131788,2.95926541743993,3.49964452680554,2.3853469899652,2.48352020676277,4.03134302645743,3.2607636600628,2.57808584364718,1.5884648938638,3.70589503239384,2.57251597642278
ILD_23,2,3.06574339865052,2.97478250494887,2.89357816562189,2.75166687900498,2.84155741009438,3.25196140158278,2.13562661841879,4.05118567581937,3.79680444571384,2.55396981722105,3.67254317238019,3.28095752727968,2.97617798876801,2.13263124119148,3.0947825929761,3.35733154793351,3.02828307431319,2.5698059309835,3.12889652468588,2.92910118492864,1.29585193486401,2.40026602104957,2.42835454321153,3.30767267690958,3.24779390545076,3.58360224452431,3.83385507399962,3.16119646131206,2.09035557521057,3.55436649196867,3.0162041215036,2.87751777731989,3.77299276863227,3.27026098242877,3.24716406974747,2.86766075326338,3.26341108600713,2.27544392675923,2.49847682730651,2.95485053930956,2.31082369513915,3.62235331843317,0.779800820047776,1.82876130718708,2.43903169480087,1.07434632440315,3.84842249508455,2.02359567172063,3.21812370034674,2.40684239711832,3.45646047860294,2.54820466311146,3.04871106673653,2.58796167007579,2.15628099351294,4.04608059970786,3.19852082134887,2.25903326750535,2.13500743125556,3.80840730460079,2.90411313970584
ILD_24,2,3.11252286965562,3.05764556405707,2.95047540888504,2.84779539554721,2.88396470412853,2.76373662113287,2.50872066984085,4.03465228969093,3.7953598896997,2.4476757002944,3.50605942003705,3.09717736593549,3.04370158147106,1.77509152482822,3.01800015649288,3.31937469661964,3.01711770678671,2.60856677308798,2.84986802315203,2.86939791231614,1.2634222489234,2.16659438861619,2.35995307452389,3.41685407757639,3.45051906317693,3.63619838591618,3.72932160096616,3.18026829853404,2.41226414265115,3.47159950865613,2.88936922091998,2.69576214980478,3.74068102871489,3.08450620500844,2.94654295823837,2.88719058729986,3.26620340327556,2.39723491796503,2.56027443647119,3.02914575012817,2.26977793974723,3.6831853657961,1.32972923891203,2.27845642828276,2.30256448139161,2.07169314498213,3.88594559455948,2.40641800209371,3.10002673908248,2.45312655986497,3.28743327418482,2.43508189105629,3.2381438525495,2.44354192528935,1.30547624827318,4.01816014319656,3.26520504264737,2.49412092259354,2.67012741275359,3.82274532282104,2.79377584864958
ILD_25,2,3.03686694323713,2.94946680430479,2.99885426631065,2.67280293205195,2.94622485504585,3.01854587544309,1.30906976364005,4.07508619452504,3.82043466751503,2.66566162913707,3.61426664017892,3.3412918475764,3.00449945726051,1.59399740180502,3.02569784942316,3.36674566512609,2.90712628194822,2.57887436159015,3.18447499405731,2.93897880546561,1.62605139274098,2.36126112812728,2.5082790876152,3.53608089011757,3.50446056426584,3.60282063418288,3.80522340724623,3.1675854050971,2.27341119784695,3.31170117054671,2.86023741855148,3.02581162855067,3.72263159918844,3.13593737770128,3.08922605090672,2.79261935645656,3.30455335661376,2.59665358431144,2.44739792012101,3.08294198846981,2.49925912046519,3.56445724340438,1.50202530457782,1.63541851799978,2.31595410962552,1.27232276977019,3.7655683525143,2.14679332442879,3.02367897603677,2.68317167868329,3.31001487936733,2.68232462826062,3.28145319045936,2.56132753951574,1.739116650627,4.08103522382376,3.24883438402827,2.67551066536108,2.69812764176967,3.91314205209932,2.89173412294268
ILD_26,2,3.19879346028695,3.07289074527082,2.93502296567606,2.99770954008438,2.78648564026412,3.29205646180934,1.88670385740315,4.04430384508699,3.74513791033088,2.6438235072023,3.56705924588145,3.11693013824009,3.10518242227611,1.68837868002082,3.05557975953467,3.25334181776893,2.82972186254878,2.79527250553067,3.10957613240974,2.66474247524672,2.08282663283644,1.64805644084147,2.49247990541193,3.35346277345033,3.45479388644312,3.54672938678524,3.75073625800983,2.94939028723221,2.30148984418297,3.55511067241193,3.25079014416704,3.07544564918199,1.9798076066342,3.34422488577708,3.0336124732125,3.02308470679803,3.22156214542112,2.40605696292101,2.1765586241153,3.20119129704168,2.52823867925018,3.65327586182181,1.54419304246381,2.46380641397554,1.89669170792374,1.45412184753725,3.73887790812991,2.67324642444195,2.62109968244583,2.8860280081865,3.05435526925701,2.84580104175119,3.33770020493803,2.49321763437873,1.64550107074773,4.02496891959481,3.25599513587163,2.62894924705537,2.37935780108568,3.93231000473933,3.02122576070595
ILD_28,2,2.96217524848746,3.09166573632297,2.87662766893118,3.13836241752065,2.55044299413024,3.08784249418686,2.46375892152306,4.08159591538393,3.83307005496799,2.38625961955755,3.61846168512407,3.053992276183,2.99599012647839,2.10291946771342,3.06763222432591,3.29530892873259,2.97934382587935,2.57701749145308,3.17633738706707,2.65449278972032,2.45029559361569,0.862078821443931,2.56244525502311,3.61679592621594,3.44515696955274,3.53563952085674,3.79680256308954,3.0251971661328,2.26875719358175,3.30623363239246,2.91519372836802,2.82542950794787,3.68404979440068,3.23110596390083,3.23674851722419,3.09167594322347,3.14369607277787,2.55454392418097,2.64972539143917,3.30366071860745,2.38670975423424,3.61104304160943,1.69960043279665,2.54157305023362,2.17721762330398,2.3923038075547,3.72044052420631,2.78298764942256,3.17352590610257,2.73549909229016,3.08282857515407,2.82974898626628,3.24828517387714,2.56260491420585,2.22757958261665,4.09354027439903,3.07612058318408,2.72762721657976,2.30943827922435,4.00949089579516,2.77845243425647
ILD_29,2,2.98559865102263,3.12191519212298,2.90381710031905,3.30866207607957,2.61463323591846,3.3245164265529,2.71419921184135,4.01744051980195,3.75991303969902,2.4702974671787,3.57627081491025,2.89506910843007,3.01910507517057,2.24864918974925,3.10456024853383,3.22453593546151,2.9432076412732,1.41764932965524,3.12818605962906,2.83414038581619,1.82109638714713,1.29558895595969,2.55662756720237,3.69528684487372,3.46773257295743,3.48002085291885,3.72317458275553,3.02248260019621,2.4664989344871,3.13308805170585,2.34188864598,2.54839578431363,3.59144318872281,3.10431678150339,2.84618444244282,3.19591698031297,3.07672819989112,2.39055900992085,2.38864769121769,3.34665394873673,2.18438298197854,3.66194895045592,2.08327587206224,2.11051767105289,2.43834182124846,2.41202256974717,3.77032671706588,2.30925726093183,2.81239417701004,2.8087250101185,3.2960604588934,2.95248565205467,3.31440365467457,2.65490307863764,2.41904314640253,3.9954443038368,3.14630276785969,2.48359244633645,2.41933117809501,3.83625910449916,2.62940129804548
ILD_30,2,2.94983884077372,3.07634346728155,3.0515543936008,2.63076038827379,2.77824495185771,3.26569657691805,1.59217198795513,4.07607450549383,3.85175281618746,2.71394286019844,3.6671274930205,2.88304106944136,2.98490660154635,1.40451403470938,2.99107066968894,3.31300763351787,3.00822063360975,1.69593308346862,2.98979627773704,2.97312825858457,1.58348681320418,2.18302448484478,2.51020114070801,3.50988227840311,3.63173604556689,3.54841040948367,3.80157935800685,1.73312199916276,1.56336434359785,2.94928214636695,2.91070101587937,2.78509293824835,3.61888139087515,3.12103763575067,2.80775701874712,2.61532249946357,3.28894231111825,2.62638871566495,2.70386565272019,3.05139964753326,2.58307524388557,3.6673322841719,2.04406487789182,2.52051339049532,2.38009328617764,1.98844595186644,3.79983768980906,2.6135245423454,3.35538488974108,2.73815552297529,3.32178658678903,2.76621034892831,3.32621372147789,2.59624258426434,2.54848419158259,4.03632646659498,3.20817577655325,2.5407158206507,2.5495213782624,4.03056524346085,2.9149523818447
ILD_31,2,3.06759343706046,2.9793401610066,3.03575047422456,2.63878340679711,2.86247412470498,3.31112565733149,1.15578083141889,4.06019633933138,3.79920941655199,2.74202110138879,3.6468726880952,2.82561062996832,2.99249118766218,2.30585725637199,3.17551597604655,3.36950100681988,2.96313242283255,1.07330567412064,3.27988456394837,2.86957096234379,1.26216629952284,2.73718936701231,2.55976948815873,3.53801763999989,3.46267517075402,3.44194427921732,3.89640239515833,3.17007556955225,1.62114282161568,3.31058022648133,3.44729508697938,2.92424205408844,3.76242321187471,3.34571923251927,3.10675190325872,2.73074817941814,3.25299462397242,2.5843347208898,1.40632177051333,3.00235673310344,2.58476456791916,3.65183597243245,0.569994283401249,2.60386551296872,2.90526664157132,1.33796948848266,3.87332422721301,2.58240996707207,2.88897075624449,2.63904627782955,3.5196588015736,2.43281935077629,3.1851160089876,2.63786888702848,1.45056526125328,4.07144909949699,3.19183470827621,2.66487421857772,2.51310920911895,3.90236646510032,2.66114589123422
ILD_33,2,3.09066983494998,2.8851852859385,3.03554253155392,2.84139365638406,2.69367728196837,3.28840343255857,2.06253150840874,4.09675519134966,3.83187074159174,2.56000854310755,3.72223028585373,3.09237479304745,3.06633954676255,2.47361629415974,3.17129108956016,3.47889514269808,3.0674489900147,1.90331690021913,3.06677622608431,2.79439111318415,1.9975615878892,1.96276751229351,2.48116169962562,3.55685995166252,3.35852091727718,3.71012348432549,3.88843573615865,3.06735330408858,2.30213814363519,3.64195943706276,3.42900254218177,3.09611978544194,3.80944091680193,3.25155007024082,3.58881409356625,2.99226068129839,3.27807433075219,2.44225395567023,2.655119757584,3.3272759462823,2.2738522686623,3.6004157014793,2.6864403542295,2.175194965082,2.22189728695197,1.30546569640742,3.81439076249133,2.34545767406488,3.41802951206549,2.81693690367142,3.4292712885297,2.52766715260123,3.05331765737101,2.83997091476892,1.71198244939443,4.03953501085966,3.15041758979998,2.24108678630556,1.84078988850853,3.78684584292228,2.84018816223061
ILD_34,2,3.07449217504596,3.05261288226394,3.00431227414629,2.81271306128878,2.7676004949037,3.39043244803671,1.28404203792623,4.10364273573047,3.86088193134705,2.41075333152033,3.64527960280508,3.22169539270753,3.10944291023572,1.70571876486561,3.10731051471565,3.40083790188628,3.08725200945552,1.48459469243199,2.93974141612449,2.91805966018531,2.51394480293374,2.69028974143962,2.59611292415969,3.60238999152814,3.32278862844631,3.67383150830486,3.84343275962607,3.13304105262149,2.52404104123595,3.34241165657032,2.98807911721272,2.84899216188244,3.66873641121027,3.14167358451608,3.23547153048919,2.90237069867742,3.26668835544275,2.35875111889948,2.72672989383579,3.13272701978877,2.43887789637862,3.65861333413176,1.52185824891718,2.42904992137456,2.8328073222113,2.43104171220798,3.89148314742669,2.64667903880851,2.76769695435626,2.67425094257284,3.46511283245155,2.58007340315569,3.05640552413188,2.7465364138165,1.11444213379771,4.04782717493969,3.30192511362726,2.62770343480565,2.40712198496517,3.79934135565712,2.72131345449457
ILD_38,2,3.07479794547261,3.05555804146667,3.03588768041512,2.82159198136518,2.89211313973058,3.03332154755717,2.00939275515944,4.07908415324428,3.83394689164991,2.74635739067105,3.69427743786548,3.26531415386456,3.0674394927244,2.12043720467716,3.06551139441546,3.43607191558197,2.94843900649006,2.63445583509761,3.25900500492719,2.92742911887274,2.63919446909392,2.63706426382024,2.41335260034709,3.4517165743271,3.34094395250314,3.5529298720627,3.83560543272299,3.09911736517404,1.77819686319729,3.46420798841136,3.22507780309789,2.92548858718261,3.81638180265635,3.40922964206816,3.01966257924511,2.96607335325518,3.29915417504556,2.62934147508627,2.79911894429641,3.17978946486672,2.3542728105866,3.60521711770483,1.33950205006071,2.48634825583025,2.29523164558036,1.1222385823492,3.80285717969017,2.6296655532016,2.66303776593489,2.72719676841735,3.42482778127407,2.54122455112784,3.02628637159256,2.76235541488793,1.49792865758445,4.01340075317348,3.14968502192557,2.54794946533845,2.61799592951305,3.77869570830664,2.86976051311928
ILD_39,2,3.05819092936403,2.88666678730669,2.99576517976244,2.36787938581731,2.82157453863375,3.10485806976551,1.54423551049295,4.08531074116861,3.84175244194141,2.47487447156368,3.68021887910338,3.41094963904265,3.03615694919906,2.17281704475639,3.21663716319192,3.38059429735184,3.07913604002349,2.82579707541706,3.08850626487768,2.95987447560929,2.539923765078,1.41564744977561,2.56367479173794,3.34032146583903,3.17085146753624,3.66974244972188,3.84442058467154,3.13227984502499,2.25184110184101,3.61324233185003,3.32624718481059,2.83000160960104,3.70944854456377,3.38279378159585,2.97110857486016,2.72629573837947,3.26704006263147,2.5768146739338,2.79610611181136,3.18859063717383,2.45412963461182,3.55483880281197,1.68947390653729,1.80569724743399,2.30532942883122,2.33172226850238,3.85409342436245,2.81263455532026,3.34597688042682,2.02887730442383,3.31323713076437,2.50422154256913,3.01177537322474,2.69187733633318,1.73180284370915,4.0791470154643,3.24831389557311,2.40591243088363,1.72756720152934,3.75457382939052,2.64864747817369
ILD_40,2,3.06672252084306,3.14324453045597,2.92066693810211,2.53261935758757,2.94386737390808,1.80897884934784,2.30811246750995,4.05002261547388,3.79718556756777,2.73445855362171,3.64820201316843,3.33191370833039,3.06700772509072,1.93092439618834,3.09197380924265,3.4332320115326,3.0389794155441,1.4902852723013,3.23568014277336,2.74226636226229,1.97439657537528,2.30407867453215,2.56702007946702,3.4251919789443,3.19888673557707,3.64068645351372,3.9333532033464,3.33341233930477,2.19335974236969,3.55610678763923,3.15861212960124,2.9905963722463,3.61852358821864,3.3283036356782,3.08960874892889,2.72228441862436,3.33495005798693,2.34724188052341,2.70529150882901,3.03079892924589,2.44371670641315,3.62259493508795,1.71751236175386,2.63959406777877,2.3790310862073,1.50411301249808,3.84970173967515,2.65662318850853,3.04997976257813,2.203039359285,3.48296737945007,2.57155333115476,2.71564760990404,2.84530172044782,1.76572215196543,4.09832584948045,3.3141985502943,1.91399819679081,2.21565895420721,3.84425801722941,2.76639282294607
ILD_41,2,3.19882995615881,3.14952613945776,3.22782233509879,2.78567452667585,2.82248099500161,3.07817780262743,1.89403507376117,4.05016407926321,3.78106438218532,2.36465775563976,3.66172813980828,3.24338264627848,2.84274379856761,2.31672608625682,3.19097309868698,3.40197108617137,2.99706226794539,1.47700556882248,3.27191378928802,2.95099754489782,2.85735860223163,2.41929547372038,2.46134573640629,3.46003503827184,3.2365872371339,3.5906620958818,3.95374346898275,3.16757609235801,2.57075276660898,3.71207400563457,2.89572460651794,3.51243606956906,3.71482421526923,3.44718729193471,3.15170290347583,2.83338100550258,3.41479648806433,1.79396096330028,2.89685991788134,3.0186573609514,2.61831079833067,3.61575566805454,1.7135157381887,1.71205269062359,2.6608039190424,1.84258047352113,3.86566108744665,2.1449302750899,3.35582275113329,1.72648006179831,3.53238430455483,2.69909133158258,2.98640436537434,2.89544660577271,1.62961475229955,4.09224392586141,3.31472654797894,1.65874592585838,2.3684066987524,3.66517714665916,2.6296690143965
ILD_43,2,3.08504127315702,2.98192666575906,2.90084310705899,2.84368764534299,2.9486562160219,3.32286288593658,2.15854059420047,4.05369851562899,3.81255983316902,2.56311393103692,3.69124252999978,3.2941487655233,3.04087595777033,1.8110394854881,3.02241470439763,3.38034681216338,3.11572624395831,2.65362450940614,3.13432993055201,2.82259229476674,2.53731681240618,2.51608612837512,2.27475272164134,3.58988098824173,3.27194212805001,3.68813538663452,3.89340008641921,3.37961006413252,2.35655560132993,3.31460092509549,3.33228072773877,2.89788109300647,3.62614902945646,3.29251034340814,3.07262780588807,2.85434333232778,3.36725588250211,2.53334906741796,2.81334392140438,3.12693259120074,2.49477936828001,3.58955997815457,3.0073803017346,1.98429818053209,2.41400475193846,1.37578357359876,3.80982958060725,2.46648406866038,2.9180316808988,1.7038444663706,3.47568612942469,2.65676510841929,3.02386348423441,2.78292907500746,1.58669176666963,4.06941134982408,3.2858709137919,2.49860349458451,2.27663464544509,3.75734275695337,2.68938491054539
ILD_44,2,3.00845994982752,2.9539201044219,3.06570022122881,2.86427666701707,2.98127497031078,1.94507548210453,1.67691793544652,4.07338283584283,3.85277679272604,2.5648114522168,3.61660978060042,3.35869977367644,3.10293627178866,1.89085624593969,3.11854788743177,3.37083237149361,2.98381689430837,2.17350437611073,3.00085536627398,2.8769816575849,2.51910079292538,2.10420839218534,2.38609269633803,3.51314224015635,3.14213188832169,3.61467815119922,3.82170262770131,3.24209159479552,1.77089728751333,3.32964351375299,3.37564226315443,2.79786492317259,3.600396976676,3.1196857598539,2.97577772397826,2.92308721271988,3.32549756612402,2.46063359215631,2.87134692524268,3.18183950745659,1.5625165656293,3.63659668059997,1.65077196201914,1.84949971437675,2.59817830062288,1.24431190624676,3.82781850036177,2.80328590354557,3.26191824565824,2.53273357196981,3.40055254081421,2.45119377302574,3.03614386788266,2.65818720219658,1.76425522683948,4.06059923768349,3.3524263001259,2.5595871652925,2.02585427035918,3.847120909596,2.7736540275946
ILD_48,2,3.18936571598187,3.01470733067979,3.02062766297126,2.78250206321817,2.88511605136663,1.63045065994994,2.08557685608942,4.04914422983059,3.79074737669904,2.3142228331642,3.71377423891623,3.1426782352518,2.84213591286886,2.31058968274315,3.20788340402807,3.4967867777924,2.83107609004479,2.68212430939231,3.24167427495202,2.90801258582471,1.81680508443807,2.26804186023001,2.54583376568738,3.4602642158184,3.29350412476245,3.5112258791464,3.9186327141255,3.41786181692313,2.02752321053599,3.5991453518271,3.24799101272391,2.77092551390262,3.52276559519463,3.38699927201285,3.00034318685163,2.95832274252337,3.32667377857405,2.42448558845037,2.80612440820246,3.19603787631516,2.36864440054844,3.61468024032489,1.84604808543457,2.26051566991218,2.63118166641664,1.83076190984237,3.76976353523592,2.72515503991019,3.35373976887576,2.44670765203798,3.41350563038744,2.48940996568369,2.99616406673613,2.71710306591166,1.61550953421716,4.01543462560277,3.30592710436486,2.12218793829027,2.37989783262858,3.77667259396429,2.75201336908084
ILD_49,2,3.03943023008451,2.94297742854403,2.89357134980133,2.83410956003988,2.78704986008633,3.16243242720095,2.29671279770812,4.09602337385968,3.85519189232169,2.47770970857147,3.68385717774031,3.44519117187674,3.1156613921322,2.34863664347599,3.18043213607447,3.42712048026825,2.88647195068658,2.44945016271219,3.15735427219141,2.95475718194529,1.55144110587875,1.90171825109164,2.34554607065714,3.33195374472593,3.31384346807439,3.70487606562194,3.85936327966619,3.29946142116718,2.04705144620299,3.50711542276781,3.15251446908609,2.6709149519919,3.36569948669282,3.13962616977361,3.02217412262712,2.85699573459494,3.37754750208711,2.54270404279586,2.62266180605294,3.07255209659456,2.25082608610054,3.60904985205297,1.43163598224222,2.07045003804568,2.72189239225059,1.32163802943144,3.8157385154352,2.49497804548374,3.26305316443956,2.36880968883846,3.44237469750395,2.24933012634585,2.59141051131884,2.90621541696226,2.0772602636648,4.03304202530899,3.27956888870448,2.39254279698002,1.74788656490373,3.74948016554221,2.74463168895425
ILD_51,2,3.15075552533652,2.88676794704236,2.90401051770447,2.68570651610071,2.81808542137308,3.25685666350837,1.60615899234233,4.05548691934751,3.7970506736503,2.84292214628114,3.67542221795687,3.31609386906477,2.96940280612245,2.19694233700857,3.11731308104456,3.44304353502646,3.03736666167226,2.56877811012565,3.20056165775336,2.87320484796131,2.65721893376988,1.79436187266144,2.383293366091,3.62667198340911,3.10713567013415,3.6046998202288,3.8667945003955,3.15027014718304,3.02238055910135,3.48684748115563,3.3349210311502,2.83371676832918,3.74821148023243,3.35287530611648,3.2902170096585,2.77534691815135,3.30844821249259,2.4122232303889,2.84774799184036,3.1557908883958,2.5535870629529,3.57077603151064,1.71054185378569,1.79699075378285,2.69656190057543,1.64074733030232,3.78946058790247,2.85641347701022,3.32693404710443,2.471947123782,3.43382584131086,2.50810381153977,2.98046333285372,2.77726353880594,1.3804750333309,4.07692043679136,3.14298336297674,2.53572836989361,2.19508592607457,3.77735888689097,2.6772007963525
ILD_53,2,3.06007175215529,2.88442312378356,2.98255008558792,2.66380471044371,2.89983669781508,3.12584620629969,1.23629368809491,4.05609627886843,3.79902138832375,2.6996736424328,3.66992671419443,3.27571156870884,3.04484810354232,2.32310345358846,3.13215852545421,3.36586621674655,3.02502357644545,2.59892422515355,2.8663215275994,2.81071850158226,2.65707016726308,2.03257319340211,2.50092854942224,3.45825848081733,3.14299188564166,3.65287719544626,3.83385562685877,3.03417949347587,2.6228551788882,3.51406034099488,3.1327900838586,2.81743129591845,3.69155706805656,3.25380724040521,3.12002863187816,2.86245633970187,3.27757180804226,2.6436614849745,2.57197627747987,3.04145520954761,2.52019112181593,3.5923624302318,2.22018577327469,2.53066907238811,2.5520629566368,1.61848972531512,3.80444641914282,2.52630073741281,3.57134273227453,2.72770657450342,3.43241964179494,2.50413584533401,2.92621031289,2.43762652354695,2.74034577223264,3.97568832475869,3.13129838611764,2.56879644390337,2.35126531415323,3.7475638498131,2.52830117159509
ILD_54,2,3.02655618212794,3.04670023747624,2.92946500139782,2.93037387480558,2.65554965210033,3.28934038178194,1.58145871386652,4.07773705008766,3.81446659470885,2.34262821473349,3.67217842131456,3.18924375026649,2.76576275419038,1.57981056798988,3.18410030935305,3.41162980009715,2.95378083886487,1.16530803340549,3.18293484740339,2.73091043744004,2.58727466798942,1.79848638307236,2.54178129465137,3.74990705319365,3.30800173495964,3.51482543013731,3.87965227297332,3.06717404593312,2.1701263783621,3.44421216813096,3.1800536867988,2.85815703744838,3.65452291323537,3.36437883742966,3.14612263462113,2.96959570188776,3.27410696031323,2.36362331762206,2.5559452942482,3.25470369333485,2.29830633668886,3.56203012797399,2.22595493996115,1.82718817100683,2.40592366921519,2.08654564135553,3.77352029959809,2.06179719363933,3.36933280218083,2.55921675668435,3.25140699306445,2.66050752330431,3.13713425993028,2.73082853442015,1.6274429777449,4.03229792947645,3.17323731570576,2.61524876216065,2.17580341477123,3.75581318186734,2.55700558186187
ILD_55,2,3.01473734144002,2.88366959076079,2.99839392301574,2.53475599671738,2.83561973800395,3.14461310559103,1.93762570633277,4.05577648211471,3.81396814248852,2.56247421430802,3.65419774113447,3.12602789896869,2.99887927435499,1.57058933991466,3.06101208674582,3.33224636787746,2.97504925832127,2.69134101040152,3.0817501786512,2.90354996235109,2.31041512286259,2.37871883270275,2.28436159331252,3.47322238313431,3.38601123607988,3.541642783234,3.809434118577,3.08244411962978,2.80936342251086,3.52598970563879,3.38517501248826,2.84886234054387,3.81372234653718,3.49817310799653,3.13935584298507,2.73318870622113,3.27991155312922,2.08229157322364,2.49696988631711,3.03396195002772,2.51708263812077,3.63575760409727,2.15056903247231,1.96421369816876,2.18990231428117,1.69314888185166,3.75201144626443,2.52704456007694,3.18676061157143,2.86999108574488,3.26057442263605,2.38782089614909,2.94364429054779,2.7830174982037,1.81344677464874,4.04432176062207,3.16320963869659,2.29218933127914,2.13226297794704,3.88427871527329,2.66492040046584
ILD_56,2,3.07067708114452,2.97963678864531,3.01171556766969,2.73703565729786,2.86232676994218,3.05856935305164,1.65891603775714,4.07103723898478,3.86184505304232,2.66486070836037,3.68022223536741,3.32122842801309,3.17335611819005,1.6075546779266,3.00040952892671,3.40314155937554,3.04101778614866,1.67730539653855,3.2633559168257,2.89329715600881,1.72720630641559,1.30587865709812,2.49870219935246,3.45267282647901,3.38683543585765,3.69964641018374,3.85303652385859,3.17630598266506,2.4133026249165,3.59027151163491,3.22747404554443,2.89065319623593,3.80162580447658,3.41392046641681,3.32907688371528,2.86101785953709,3.29547658660952,2.43725555868205,2.71761756231983,3.15584696580754,2.26066316679669,3.58925181968397,1.85839989651314,1.85778685730221,2.30671418970201,1.63356975599518,3.78189665948394,2.70117532737972,3.33254647865835,1.74461312288114,3.47926808426885,2.55708169483057,3.03234147991366,2.73782511326271,2.75919430641515,4.05538092051066,3.04898682834339,2.18213446964796,1.95503833653529,3.83320076574881,2.73566838030644
ILD_57,2,3.12695381326975,2.91876426267508,2.79699600510282,2.65581776225919,2.97938145710808,3.13517338682089,1.73218161672333,4.05645636190663,3.80808236776161,2.60197723060139,3.73648636692077,3.42379382059319,3.14114393952719,1.99425600780916,3.06160410887008,3.47476687658803,3.17476882810377,2.4984915120518,3.19320229827757,2.88304135454686,2.69210031438409,1.98988720934073,2.49001381582805,3.24670782035964,3.01582745247791,3.52726168512219,3.91050654690112,3.23680259708087,2.61928186027923,3.60531417467234,3.10035103025689,2.79190291357402,3.76642952060964,3.39732743066737,3.13826821749126,2.73899818769629,3.41128594570287,2.5043829087038,2.32433917276043,3.04594359382977,2.22094939830084,3.57926585560894,2.90612242576424,2.37754554228694,2.3456020530101,1.63728738623091,3.84301713711223,1.94235652189717,3.24476326227626,1.83948218613535,3.48797867314999,2.45822945440891,2.7514369005025,2.8241590537821,2.16452551242605,4.04592053379358,3.04715489750663,1.96977329968367,2.03182736722547,3.78041745340635,2.65665307232031
ILD_58,2,3.0337870411108,2.892551595524,3.0539662434766,2.6323422617477,2.97684519934398,3.12518429864977,1.71818577017772,4.04782116120139,3.79722612619735,2.60918357218202,3.69901508481344,3.20007939790576,3.07220855991114,1.75284926209756,3.10445582324266,3.4128997256824,2.95190593163221,2.42458961032796,3.08305002893873,3.00363747644726,2.69708104092703,2.02158437023748,2.49284629030204,3.20586515520282,3.0124380274539,3.67918747769939,3.8885491758125,3.23380504455469,2.09738335191933,3.45091695592684,3.09636736253632,2.84280772247787,3.65702127324814,3.31004673825332,3.18867942093665,2.6549602028321,3.33976397165188,2.76148729712441,2.54003952479442,3.0220205711131,2.41071234786043,3.63479081350869,1.4553990375168,2.21551108660038,2.52870048367999,1.70553396829283,3.7862164302426,2.68836333044075,2.77241493151943,2.87294442251369,3.35604191093448,2.39845463588471,2.78819709788014,2.64851277056379,1.77455183329621,4.01208428556293,3.10606375375874,2.59217587765231,2.00469712366638,3.81557155419776,2.70753474078336
ILD_59,2,3.04212574268866,2.91537086851504,2.96729167440463,2.4430455236848,2.98918729374397,2.86892596946674,1.92734453817085,4.04572758762604,3.80303399948575,2.69700087172147,3.59382424197057,3.22976766639202,3.0941020103995,1.66746805667101,3.03262482818723,3.37096918822259,3.11834840659474,2.66616154539338,3.06498273420378,3.0092540895305,2.78066677870782,2.60743033892703,2.32814079952214,3.37887941036646,3.20801154695155,3.57250824304751,3.79957480328114,3.11924068964619,3.045658288767,3.3298887035939,3.02418819065912,2.65948856628829,3.65963356150363,3.29133151672861,3.05641631247038,2.78440937769542,3.26754188260492,2.58334176325841,2.67494250209063,2.92154375351559,2.30050544859211,3.72719706824176,1.39162283412342,1.81255697546248,2.40153903682729,1.7009294451698,3.83716904379846,2.63323324778667,2.84364233429571,2.50845310949004,3.41766795224892,2.69672370432114,2.98870772852391,2.6822779257252,1.47011057529328,4.03191684026894,3.32605978864483,2.62245655531708,2.2371251611265,3.88986645567048,2.79825076488584
ILD_60,2,3.13803465719855,2.99746813235071,2.94380055416409,2.37409610387881,3.01772182026611,1.84641558994971,1.5086798153874,4.03929507581343,3.78075114414954,2.63883827366719,3.67317861351657,3.42603160602738,2.8403755099874,2.0696326135208,2.97756302612291,3.4328138612218,3.08094150411526,2.3623258922224,3.25644360921822,3.05628541663395,1.90902199408882,2.22723593222111,2.45626437828972,3.36087361777643,3.05575584387932,3.70997937624054,3.8967105760184,3.21308762624737,2.56404317394737,3.46197223418305,3.30301655824023,2.89864104409274,3.64506616415711,3.59977246914628,3.32872329664327,2.72471675505214,3.28440831330986,1.66936583856016,2.03875768638588,2.95405721434005,2.45486019069568,3.59432867211689,2.14563190344934,2.20330899626749,2.04577305858693,1.72738562486838,3.7038392360092,2.52641327767174,3.18517760089928,1.9124953536652,3.44017896329399,2.43789932729573,2.21361436227546,2.83863914805225,1.54793863474169,4.07606481184759,3.1719036653452,2.51276219754084,2.50365014816114,3.72825011003425,2.70077712706902
ILD_61,2,3.1377875076089,2.88378023592913,2.78187123963546,2.93919283220267,2.94725500893403,3.0830098655741,1.91193866227783,4.03168060796988,3.78364180292131,2.4674019481557,3.69562416292645,3.1950448763575,3.08864260452128,1.97182928963781,3.15988407916869,3.43171518043444,3.05100380111963,1.71555853973424,3.15416044386346,2.86524072229127,1.77347299368515,1.566757015772,2.46039418995134,3.69656597424576,3.34557578022674,3.66259774636779,3.86116177533966,3.13563474151476,2.35670976623196,3.4756609532634,3.30414539473223,2.76558943203731,3.70069694955189,3.35936705331917,3.28582345568505,2.8930905752278,3.31649436398173,2.32063634201501,1.58104413484801,3.21129942050228,2.24853838819266,3.62397369037365,2.1698055934251,1.80228474072752,2.47103811733672,1.32251640842119,3.74683360919415,2.54359446772214,3.30489871105266,1.52601088475216,3.37231158036609,2.64174810629001,2.99164804986507,2.71311751851499,3.23677559378,3.99371281659361,3.18804286507596,2.36533628415839,2.01406645524801,3.86401783760697,2.72329411403139
ILD_64,2,2.9437779068386,2.9203749345574,2.81481515774509,2.78024963747194,3.00369549169377,3.03744100538472,1.68883742039792,4.10323756519658,3.8616837911937,2.56733476491147,3.66478905441748,2.94591457111003,2.99084697679174,1.99467718742964,3.15337498818371,3.43036126986452,2.96421617061458,2.70767509069301,2.91272919399101,3.16875666655909,2.18759650522598,2.26060701148052,2.44508073880573,3.37179985328297,3.36563362346655,3.52475584899939,3.78979874554642,3.17065774111097,2.04746818391182,3.25354310589441,3.22771416202302,2.81913060008061,3.59736224640387,3.13372481283662,3.06429384442127,2.79457456053858,3.37934632419162,2.57446212628293,2.61069205520261,3.10338949656082,2.36637265028218,3.67013036787251,2.25494830947459,2.16098216643252,2.67185246164291,1.82343235555265,3.77235004285622,2.36677618829144,3.37951596845532,2.32710151481592,3.39463281359083,2.45297900952308,2.81082173990958,2.59503761709147,1.68583655791133,4.03603446128239,3.19336543523596,2.31598397340333,2.04027299013334,3.92586878646799,2.83286345200402
ILD_66,2,3.13392289493133,2.96666081445434,3.13890938857289,2.78532995684329,2.84089235892279,2.00147583684427,1.89695163890555,4.02142676921294,3.78060453084852,2.68075369344227,3.7103547741827,3.10707073391976,2.81635539484037,2.15881452866399,3.11689070805152,3.45830001943449,2.96967683090675,2.91053189387714,3.11660252669156,2.92813428636827,1.88703634962337,1.55348755523935,2.64421476139646,3.51872079572558,3.13428830930188,3.6445623423026,3.88650790785324,3.11512466950644,2.08462545778965,3.2552679090548,3.42903250151664,3.04751806299154,3.84559481925113,3.47742672192288,3.36201177986241,2.76036545361295,3.46014110717394,2.20358668144377,2.64890925677656,2.89473392008401,2.56434453245144,3.48758111464923,2.0161197799237,1.73965998969532,2.15950288298208,1.57700619036143,3.61173776195829,2.6960058638735,3.17991061629211,2.80169271793188,3.35462109792514,2.54045672421959,3.10152929539634,2.70771124926135,1.9990155606135,4.01015282773065,3.28243821979667,2.75950477103017,1.95530546373266,4.0950806136579,2.7524168495009
ILD_67,2,3.09496930117989,2.92601585900685,2.9012447876526,2.35212298050271,2.80302185270162,2.91076870559016,1.86426651474989,4.06975762397724,3.76120252698635,2.55669138254851,3.68939716113466,3.08818167270052,2.97410273586697,2.13755132812389,3.12513646296222,3.43282604145337,3.08332839142541,1.53126735909852,3.08726375959467,2.92969167883388,1.61389932154468,2.55115566891642,2.12040458442828,3.33525550803578,3.20632091220716,3.65198735871611,3.91103547494571,3.32665063987706,2.07312326854371,3.08855557047735,3.13338044255794,2.90800493247824,3.62477616357123,3.1923228739247,2.87101124751357,2.57313443432159,3.24471356034992,2.45079785965916,2.75740269306625,2.83565462721585,2.35480727681794,3.58898818417294,2.18193392686217,2.30534077827048,2.72838584183228,1.73228124409631,3.84794876195208,2.56243654013556,3.24717943284719,2.62907767669309,3.58071490167458,2.4534139246891,3.07451461136497,2.7871082672496,1.76187106790965,4.07251505322478,3.24204603720728,2.56146996691336,2.0480307523432,3.8139218914235,2.56570231180234
ILD_68,2,3.38890646995147,2.89962914516203,2.95953920536531,2.3273200134784,2.82607066294462,1.2439388523767,1.4492305264372,4.09498346157977,3.85295608464674,2.47113765427519,3.63161193571811,3.01402566043171,1.86772135777918,1.63573472752219,3.23629773759291,3.39926714825264,3.09714509830814,2.30641908637785,3.01868580860752,2.90205330644162,2.08147043452679,2.32995090994247,2.1680429115998,3.08836438560403,3.05458746704578,3.60874514001308,3.93381554240832,3.43229598141579,2.07172176334251,3.36107742487688,2.80379707748907,3.00779777621796,3.56582195981604,3.21576996582795,2.71668069614345,2.51686485954483,3.34537242155545,3.08957298338463,2.6979041498313,2.82574530481716,2.90003647229744,3.65090191838018,1.46812981614364,2.52735247299348,2.73248615155204,1.60141772344715,3.86940176061625,2.53499834349855,3.14679587099879,2.60342679565041,3.43878333979888,2.71991131947963,2.86091418339847,2.81301665516165,1.52342087730796,4.06490938669936,3.11544655024183,2.63046561536124,2.74542192335604,3.6661451483669,2.25928045703093
ILD_71,2,3.14071841059899,2.89031657954326,2.95856073849811,2.72041583876642,2.71205128469373,2.94081612323823,1.67074579466584,4.04154737647458,3.72722482039527,2.3649405608863,3.65833452195678,3.00113576361484,2.86061213350767,1.62626639865184,3.23849430454637,3.49508399667665,2.93962524033307,2.26595463333746,2.92333354681001,2.85807559375385,1.86352001425695,2.42604347922811,2.32826902709729,3.50856615975406,3.29439278567401,3.52832052709847,3.8731721988761,3.40062297655959,2.70354970071309,3.53520381429917,3.11100187658485,3.036122397976,3.63742780588653,3.3342990683087,3.02349365515403,2.79093084295381,3.23466120963013,2.11594078908751,2.63912963478134,3.15457971000622,2.40446269479157,3.65169136368103,1.40636009431983,1.51352459309932,2.4249497137774,2.05565996014862,3.81260655875736,2.73191396848431,3.23075359843109,2.40840654050979,3.64471268910831,2.62071001311613,3.05714407086269,2.82744170564562,1.9466692816756,4.03073251636116,3.26025608031447,2.39081394474183,2.68627026459686,3.74024728936243,2.69398189039599
ILD_72,2,3.09452911419948,2.98986538547839,2.93387874440441,2.51087480808371,3.00427970085458,2.92959950614727,1.47911218846276,4.07061341237471,3.80860155588541,2.61360137688732,3.68135112036605,3.20314059129987,3.09531533489497,2.22629932994285,3.11436816871417,3.44996280968048,2.92067654809518,2.38193036520693,3.03162802230408,3.01849121408686,2.57883162662084,2.35705818908459,2.3031795101536,3.32280339000304,3.1035446183591,3.53924532924475,3.85694523251673,3.22924824051997,2.18117638851655,3.36459292636333,2.99596378629185,2.9520113199187,3.67082411554386,3.29734752422238,3.23455195392722,2.58798181482625,3.30183084189617,1.98869486989697,2.72966319148992,2.88582841177197,2.50276825758304,3.59115759735704,2.01185220107211,1.84900876426396,2.4342109977269,1.45229062169022,3.79884498514304,2.53557368721989,3.34634738716786,2.43997048141985,3.41966355617728,2.41221852906771,2.88611346439098,2.71045060972152,1.22858121905453,4.04903152109396,3.21531284609018,2.04681833227148,2.36758009219613,3.82441208702333,2.61318008708441
ILD_73,2,3.06346924724687,2.98172779277875,2.99718596202479,2.74966689436575,2.99548522869026,2.94945185817775,1.2441286232466,4.12322911862481,3.86448693786978,2.48287557622072,3.67141725798376,3.20216405530116,2.95571265875734,0.921760797507746,3.17355474037094,3.44882417390698,3.12919622403367,2.40514498665554,3.0429960976217,2.96545033951082,1.58411793204042,2.357402331127,2.33839697506664,3.3768130590517,3.23025698374765,3.5726021614527,3.84660884309679,3.28166697445007,0.995422235931889,3.38769726375986,3.09837937509036,2.81239784383912,3.53174612018032,2.97571967336649,3.23940429805119,2.84046025501371,3.3076997743739,2.69608474566565,2.774951285457,2.97056332420268,2.35871551871821,3.61227679605037,2.11873578910028,1.87595773451121,2.49748314809151,1.0393811038302,3.80350757975251,2.42389077027177,3.39273588080536,2.39697750577878,3.4684405599826,2.44464107004265,2.95842007702936,2.81508084488305,2.11157905570873,4.05734317428224,3.27396440161268,2.12701276262844,1.51208235746815,3.80423095763995,2.67424030341618
ILD_74,2,3.15977772076974,2.83386468037624,2.93787297091903,2.69379762363111,2.7904318718307,3.01198847207821,1.6071283642758,4.04575469348558,3.71278662934332,2.54090239020798,3.68369878227253,3.09832794796555,3.05142340097475,2.43062957279307,3.20180134125171,3.47961697575241,3.06847973974433,1.59868072829235,2.95940397313271,2.91497369866902,1.86801309225707,2.35140386904668,2.43424152081088,3.49443978954324,3.35875486924912,3.64841177639255,3.8868470021252,3.31942461563788,1.89714459825813,3.46453989519103,3.02472784575772,3.02920672468305,3.51182155680199,3.53454025289063,3.2085395824119,2.69601861004502,3.30641874455807,2.18512533338911,2.55531294062035,3.15572359605978,2.36614645572215,3.56996237349126,1.50442231349954,2.50679767035764,2.16152638314569,1.5527987747722,3.76863906342987,2.50222742417496,2.71689834251205,2.60631669536461,3.53006677909742,2.51671301325002,3.07404218888722,2.76047806216346,2.02379285487183,4.00253830797459,3.22847889724185,2.49463184492124,2.25452443603974,3.8443234245684,2.49955872448527
ILD_75,2,3.17147860486815,2.96551886627556,2.95457238830943,2.69076917324037,3.04035399499567,1.75432952840824,2.14336813163715,4.02984015328925,3.67335772294656,2.37574248405453,3.71936069359911,3.19381260662208,3.11687035355074,2.1698790830524,3.266310630813,3.48154208641532,3.03193418065505,2.04534635929791,3.03229161381192,2.97867817966408,1.74162102263692,1.65066028359593,2.47483065667523,3.49094607645929,3.35744056147688,3.59027297739582,3.90520506007011,3.29935808937808,2.30848433589055,3.29210069357601,3.14000832137589,2.89576033800029,3.59515653075776,3.37326514138847,3.24828936885628,2.71169279298917,3.25720356103846,2.27670833279373,2.81772731185148,3.1251086051375,2.46416759067786,3.59296811008256,2.2332531421618,2.24408183254631,2.33690971706017,1.68058444306581,3.76127515506897,2.4380095946258,3.5250913512699,2.52491208323197,3.34962851259146,2.66801703594776,2.90674700262294,2.64004051540344,2.12495331892941,4.0169327100164,3.20361517013596,2.58102757163208,2.33417421376024,3.62102386704683,2.684736055033
ILD_76,2,3.02888546525141,2.99003984065987,2.81201446452721,2.93267430305322,2.89312572559187,2.9238220341312,2.58473950910521,4.03893468300918,3.7730857145202,2.6007296808597,3.61354247541118,3.12029293524001,2.9706512141021,2.41417376446033,3.06126804403274,3.39026313612184,3.03627611465688,2.60715930761576,2.93931173302897,2.89493997855666,2.38512483563437,2.09629642211198,2.13859060226163,3.57933189913953,3.30748762310065,3.21547287642989,3.81124520150238,3.2456033911539,2.10817983093455,3.264204869277,2.9303351932083,2.69040521603546,3.4139156983785,3.06368978341668,2.5675872732644,2.783490538802,3.2069266503248,1.97608322985717,2.56945148903006,3.13602416564358,2.31634175423609,3.59466589422672,1.91499430935394,1.93651955092239,2.76975403074365,1.75369607416849,3.82254829025092,2.62355139559104,2.89531384319536,2.62677588564354,3.5056923548743,2.62776582772299,3.08317435165568,2.68913903173529,2.39457264191422,4.06033333480682,3.230425087445,2.4758836439601,2.43607424388399,3.83709834153397,2.4897653980965
ILD_77,2,2.93500075311118,3.06911492038844,2.80742372057537,2.54515316871055,2.72628564181568,1.89577861348657,1.89493336072645,4.08138273831297,3.77750058674865,2.74258308633089,3.69123928060016,3.13258047752299,2.99122322911493,1.94889151256907,3.12758108353856,3.39461827727615,3.0744890748593,2.19345983664652,3.09039408830962,2.83482535363741,1.5130298673889,1.68377807495123,2.43392918787012,2.87787855674321,2.73733248655423,3.44153530559283,3.85555946359537,3.18012016902672,2.81159323074595,3.52279025303413,3.08096763546069,2.89533704081479,3.61769842945484,3.36539248963088,3.18794863446958,2.75767935333319,3.2837332838086,2.35239919938057,2.72085828015208,3.13883008588329,2.24372697176801,3.58496403518987,2.02308467494551,2.055092757082,2.05737300053307,1.95883451461097,3.76684847051604,2.28377648125614,3.25706293182688,2.7075184243181,3.4088754868889,2.49816094681246,3.04578550607679,2.68876670724682,2.08487296163848,4.06188395792183,3.21900893855485,2.62378832456435,2.35981673722371,3.7691989852462,2.65277580051411
ILD_80,2,3.09155080598898,3.03851531237752,2.91499432237623,2.66843452585445,2.81747755759524,3.00203228751957,1.90675591203556,4.08730738619329,3.80634167644036,2.58227186967111,3.67170340009297,3.01552166902491,3.15537138848344,2.2999474810469,3.09882840436598,3.38187543279019,3.27546280033546,2.23551137879001,2.91006706301037,2.85102757534534,1.38452562917969,2.24190493596386,2.36965996784215,3.47358902923972,3.38011159478171,3.57861517596613,3.88657666334949,3.23370569170036,2.35590799312575,3.48563785061149,3.05152105608663,2.71746859760185,3.51645021343196,2.93188116001818,3.21204650981625,2.73038495007263,3.27546929616281,2.50617875962184,2.55857956540106,3.1121652054383,2.15782220784451,3.64882885026702,1.42883282522628,1.83018084613151,2.65963269403257,2.06949144535092,3.89378838518847,2.65179537864125,3.35445793081764,2.66984158733518,3.63653197087087,2.58533357053787,3.05120591575529,2.56894708251362,2.13460390648154,4.01413933276043,3.19029235721816,2.54208890968826,2.40828061719583,3.81012197635051,2.63212174231542
ILD_81,2,3.12802101908541,3.05021712261283,2.80430576452769,2.81083046327643,2.88062611914065,1.87736144652438,1.75086198458111,4.08365637511515,3.81166960324635,2.75628452548266,3.64393638510863,3.27514305960844,2.99971805536674,1.75965062009655,3.04714720215423,3.37791391136953,3.11887888556918,2.44307994545818,2.92118453997502,2.9553531204639,1.7597879912016,2.62537679817923,2.03748247354547,3.44331763349473,3.20484781941902,3.50337351295361,3.80936713563883,3.26094379924885,2.62619862366189,3.39755452828078,3.12144637385388,3.11302800053085,3.63552644558913,3.23170124368742,3.39910597498403,2.87932956197063,3.23481879195236,2.46508804106209,2.68888937745732,3.07551345317545,2.15525536987472,3.62502421769751,2.17163633660989,1.94346491707975,2.34196852365389,0.874514007541002,3.84651412806289,2.45771031460668,3.36356530916239,2.63769383984199,3.4522175453157,2.5012385859234,3.01170521648765,2.62971480812522,2.22246658079225,4.02590149641183,3.25232538871588,2.36386092792668,2.39997696571424,3.7478060868143,2.67388395800681
ILD_83,2,3.11159906351909,2.98697200223427,2.78847992171847,2.8464122033468,2.89636626328872,3.11585079891109,2.33976866366421,4.06463876886199,3.79565311144021,2.6322106547782,3.71802253642693,3.04623018607754,2.99720830334573,2.24632645037803,3.21650166563997,3.46981975492931,3.03578387338989,1.49878653439777,3.0147166124133,2.79905929735787,2.59681383045056,2.41448657399463,2.35505150536802,3.50326426336581,3.33453297395992,3.58131518499359,3.82464851058326,3.17154926724459,2.22845348595781,3.42054819065487,3.13738206770479,2.90366975414234,3.51713870564993,3.04954139800206,3.11824325668483,2.79804211176389,3.27662305714436,2.27609195898305,2.44532566066959,3.05435056431072,2.14224998632587,3.57330707506558,2.02140842419562,2.12792358268894,2.67116139190609,1.76994111522859,3.79368632758057,2.68074660888547,3.34730112078969,2.65123363833537,3.48334534425121,2.56314682353105,2.97597100966135,2.74445363618567,2.15296108118196,4.01132797128566,3.21769605308444,2.02410980151279,2.08533451529676,3.83017049495224,2.73843941790126
ILD_84,2,3.04971621041452,2.8615210133602,2.82134305087714,2.6083849544062,2.96443706996103,2.9740913515267,1.85860345201875,4.04960109950426,3.76044355387645,2.5077169317095,3.68474288883138,3.09829001559108,3.0483107674758,2.13762361443346,3.03823688848001,3.41610962118945,3.01507257303425,2.32628119544061,3.07212505529252,2.81004127380923,2.45032320263398,2.57581456848838,2.36645040811818,3.35915856496347,3.10255013510432,3.54544081026808,3.85686580131002,3.22697567409795,2.33413387924504,3.34489015413862,2.91611342625427,3.01949010784596,3.52740783084317,3.51992675289814,3.05422336183194,2.69628765375546,3.28518359720811,2.33228366980558,2.65294248554085,3.07047044370407,2.51626529389376,3.61886401468961,1.62902220688185,2.25802736551493,2.5235454085011,1.37803630788887,3.7726499640886,2.48038454900098,3.27866864047158,2.75822913736506,3.43539746966612,2.336376022717,3.08682187576118,2.77242415144894,2.09327590868367,4.00767863789427,3.25838537504267,2.07417279305132,2.35899199892975,3.86180340754605,2.62851447356974
ILD_85,2,2.87845872331157,3.06020817235621,3.14120840617154,2.58843377038097,2.65909324845034,2.41652509741952,2.1581312671432,4.0264487307879,3.67281367444302,1.98933745505935,3.60507256695333,3.11329044889601,2.83713804418809,2.7054079476225,3.01296001166736,3.19073742765768,2.82163553198755,1.33275420166005,3.27002158596198,2.85095020550274,2.5969668191101,1.95004217932013,2.73245147200787,3.71948556793996,3.50353539771659,3.63387476135697,3.8210533019268,3.08646718571309,2.21457711333972,3.12126857767327,2.77217649742483,2.85846144237965,3.26257711414152,3.17814799593466,2.94106845836703,2.81206283100852,3.06824923079868,2.9163562448331,2.90842677098406,2.69879993231915,2.00785146196616,3.6281010718545,1.57839835173448,2.25026612177096,1.92301758837584,2.54246616876672,3.78647792282447,2.06005567728345,2.13007085072534,2.43559900105452,3.2050696646294,3.41962552391909,3.59018478862027,2.46149129624564,2.08096635378463,4.03952652135476,3.13452401462481,2.90203252948853,2.43657033394205,3.70388331494013,2.59751001578051
ILD_88,2,2.86822895080571,3.06117645700725,3.00697842754299,2.88681488197999,2.77655718232859,2.36276699949189,1.30415020420193,4.05757769365263,3.79582605986992,2.54931694509187,3.61095248537167,2.79073639187732,3.0069699601177,2.36313061489724,3.090743067958,3.3683958163878,3.07735337565281,1.90265401738406,3.03089938447981,3.02383538909065,2.51475764002114,2.26555678002434,2.2269122015416,3.1727144601883,3.21793597248941,3.56585560074681,3.84476840399822,3.14803527367517,1.86282170531031,3.38112232645649,2.93284099253588,2.60807815619037,3.45677568094099,3.20633527670607,2.77428404430668,2.81719071496105,3.13728839976813,2.48461204727723,2.37126727464557,3.06311927434634,2.33782453100121,3.58769284084219,2.05606666392198,1.6883480913169,2.79244750101263,1.9213305266559,3.86004595506761,2.66587846123902,3.34862839474175,2.75080825527099,3.57441259766276,2.52266990572037,3.11419515658661,2.6824214691541,2.25562376641677,4.09124114278711,3.0637454643553,2.51714078819879,2.40860802196013,3.89490298273455,2.60054192144007
ILD_93,2,3.19372751116556,2.94476108856855,3.06931941422122,2.45061839872566,2.64410019921945,2.59466390175895,1.78929569659872,4.07537074760008,3.75458519402968,2.74560504406798,3.72512423304859,3.03344954127905,2.9191549970484,1.97068298917084,3.14722459560336,3.46315934558796,3.12570045721414,1.68961404435618,3.35161453799384,2.94322966442081,1.26527439199375,2.15703593141839,2.80165108583431,3.36391701667105,3.21238146952178,3.71448268692087,3.8929186645271,3.30173816549131,2.92480453414438,3.61044061388706,3.1005105891981,3.10289825302526,4.00526404663345,3.67647403449956,3.4841717324455,2.90277164494623,3.41456994875094,2.97731036747008,2.8431646355684,3.15997489090418,2.36731851595251,3.53031029597674,1.70690393864006,2.51174099796759,2.75282112488474,1.7332211898086,3.81349807880891,2.4868317340534,3.40738464872049,2.71468075900036,3.52944240617476,2.65207134511474,2.97370828450108,2.75430617617684,1.40747899145052,4.05621631685107,3.20979959072733,2.66182549032473,2.18509917303619,3.76257573794701,2.48334128672871
ILD_96,2,3.21031203445206,2.99063116286812,2.87744634137385,2.72415977433787,2.96990083537659,1.6757787727418,1.868721398488,4.07901410996686,3.72862562955193,2.72198468037013,3.70171461969187,3.22808351914328,2.87932353560088,2.04883231027148,3.06279029631834,3.43204975876574,3.17391894372875,1.5706775225406,3.22929037788838,2.6833251067267,2.73166537697968,2.20834636781887,2.52991944542651,3.68585690641007,3.34916846039422,3.62924340208517,3.83724060134783,3.17856904499656,2.83380721036095,3.60764645577169,2.93687232606495,3.16882472554368,3.719615092956,3.49576777728109,3.34465232425844,2.80401891338772,3.40823056086332,2.62928217923264,2.57678220302061,3.08941967909374,2.4063900084621,3.58076629501698,1.94931395720039,2.46646203639244,2.16118502531307,1.81919196346821,3.81332394899466,2.76934649890922,3.51405552957475,2.43595529993491,3.57636069214177,2.47608403469796,2.8358460877188,2.71248436787468,2.44614481559253,4.07902944931996,3.22107560436259,2.69043557977406,1.95775038559277,3.75548471930674,2.70100488412356
ILD_98,2,3.18387499857844,2.96220700614206,3.05116297195048,2.80178943510995,2.83263620789894,1.91210049992259,1.89951819962125,4.06913310535598,3.72409411357829,2.4380533776254,3.68956602995732,3.13047532702769,3.03224747375505,2.41510866589124,3.11547163528773,3.38996761502224,3.13256115430086,2.40462599702112,3.18615498198057,2.72323909874986,2.22464950993736,1.78389977894962,2.58540899420418,3.60364076601118,3.25647419184879,3.67367927104061,3.82486396804053,3.19938289615847,2.68509291148451,3.18317604255482,3.03888355746325,3.26091152496028,3.72294445976804,3.31907225828868,3.17257542614237,2.83977802635244,3.37358293854606,2.95420053673082,3.02432944730863,3.20611291429363,2.4990023949429,3.5973557394349,1.65348709606506,2.1594459404497,2.52350574954893,1.26553292630199,3.75555713452277,1.99223925763162,3.38939840888705,2.68353371078298,3.58402784172248,2.62945276896705,3.00560782529562,2.64683738583042,1.06724826540908,4.07295594166452,3.1832502682106,2.6272700519558,2.26874376836582,3.78462997019585,2.72671302339699
ILD_102,2,3.09053812544549,2.90647644293289,2.90134179135352,2.5431664931934,2.72681320741552,2.50349782957494,2.02458583872236,4.02963322925042,3.74239254380565,2.50948444720349,3.63111846536482,3.11953365621349,2.78938227573057,1.47467809143725,3.05388675466679,3.44201097651521,3.05086879440503,2.72925894854682,3.1698546408456,2.77465858579792,2.51971929920522,1.75802069927674,2.61519505343792,3.58707879505115,3.33376620071467,3.6779741759203,3.82536130739847,3.35073063586618,3.10044327129128,3.742911291818,2.82836672499477,3.14723115334055,3.99519102855236,3.51700782012813,3.46682388571924,2.79541799095892,3.35040030250404,1.9839372781477,2.32998843556284,3.15151222800457,2.31208094426472,3.53971391262372,2.39898269629457,2.21808346666916,2.17705363354554,1.50283394428959,3.68583805464631,2.75450306157207,3.24811787014733,2.31308472526316,3.3873062211649,2.56575230400951,3.08867350271426,2.57382157244072,2.24011219718241,4.04424374303288,2.95398639149851,2.64545971921261,1.9163564690514,3.85538143999679,2.48935200520625
ILD_103,2,3.08211432697096,3.00972693033604,2.8827729405517,2.59754313661197,2.65607264320652,2.26411657327362,2.15258893274935,4.04720554874979,3.71397561803059,2.54214120413667,3.63525638235089,2.98631561900703,2.99860636210484,2.19820845539059,3.12342687437201,3.40729629171429,3.16003761710179,1.92262399419629,3.06452896753271,2.79342079989045,2.30977523754152,1.81014800354984,2.57163042027155,3.47920533801541,3.26196215379079,3.68310118812063,3.83332483605479,2.97393594495406,2.68927173131078,3.55262940340448,3.07773240653431,2.80252012466814,3.7371636626528,3.2957305134336,3.26486000113103,2.73591624942841,3.32334057431887,2.3380573649196,2.80936889253691,3.17206330698597,2.23885623830438,3.56174636824956,1.4594792372923,2.47765224351059,2.32696958028259,1.18087886473748,3.74026165986743,2.52943732753025,3.56052952757222,2.58982265900172,3.43249447058259,2.50739806650077,3.29058574824121,2.75885711946699,2.15426807552833,4.07019552184547,2.95732439323511,2.5386439155015,1.0153778343454,3.87854222662314,2.68132548594801
ILD_104,2,3.11092564914903,2.94782544496268,2.95895476209828,2.54805268438166,2.9379815876747,2.66693539499321,2.22811745913465,4.0350351470773,3.76002984750083,2.09235533749369,3.62292948647433,3.12476795693726,3.00780159650547,1.78581828551124,3.13861516712412,3.42022129539791,3.10794077466419,2.43006705936278,2.97630925650383,2.88244869241313,2.52764688529603,2.39101424670032,2.59250863132223,3.48402904346036,3.22493486573275,3.65349962355799,3.82868323905611,3.3418829483339,2.33298286481598,3.53297508579107,2.60014744833769,2.7938799509305,3.64417590558509,3.24780852937813,3.06510154314792,2.78128356156824,3.37240929982041,2.61960581726752,2.90621270813461,3.09582120871656,2.21995188143556,3.53710468040503,2.27342394179077,2.43635672983088,2.463962107206,1.34489279495913,3.73983405347456,2.46309725216422,3.44526371421316,2.38080381286031,3.49829002550117,2.37615334857623,3.09960216638817,2.58753559706094,2.05762607500047,4.05825117853199,3.03474954211136,2.24290683366997,2.53094520077148,3.80475856905247,2.29919755289124
ILD_105,2,3.05148776362849,2.90570353328161,2.89952793608227,2.70646938200867,2.82884999509591,2.73438358626926,1.94896465372256,4.08656875471005,3.8302007544815,2.32345244398567,3.71575569400449,3.14571471281915,3.11526726321051,1.78658967504881,3.25540271741303,3.44332893974426,3.03075666876555,2.64561367301132,3.12627451600741,2.84214817956043,2.36583706916444,1.81158214970914,2.4733299989857,3.02164236909202,2.84084258565476,3.49457555876328,3.8864300831703,3.27313665480589,2.34496043029881,3.56129497845451,2.76238487017007,3.00230998103402,3.87713467768733,3.33219253403666,3.22404464624671,2.75745881075032,3.23072297458718,2.2481251183532,2.32201570434356,3.01750019309891,2.38567546225102,3.59384066066455,1.73373865270695,1.66408712347685,2.29811714283792,1.97071137630532,3.7788062187587,2.14876982666741,2.90469780472564,2.38370351627968,3.41661341751777,2.52421240289591,3.20070656137572,2.63311485715127,2.05069585653476,4.00641892763575,3.12098971726697,2.17568001276348,2.39017721484384,3.89530511300824,2.74115670998533
ILD_108,2,2.95863087816051,2.98040651281491,3.00570653579526,2.96684347123269,2.72284758819421,2.7502989956028,2.04380465785796,4.06806136490692,3.82636958442324,2.66552770143951,3.75248593256283,3.15605349315032,2.82351102724203,1.67607859685692,3.09996335575871,3.48175485788497,3.08988822490028,2.67769121569403,3.20170271622945,2.82600140919256,2.77485734885491,2.50877118010322,2.45793197452342,3.16148175335782,2.91930881464025,3.54761198692262,3.94950573008084,3.45141007709363,1.99649674789779,3.40229635881868,3.05027718551751,2.99581263990196,3.60940183525593,3.3533301040215,3.06787152110039,2.84803644112883,3.26537440501163,2.3475382337316,2.53792566828524,3.14960302489687,2.47834992780986,3.59772532159184,1.39267645929456,2.30180088740291,2.56934023032868,2.25886963252053,3.78539869737746,2.57136947976828,2.86564927446402,2.35871320768783,3.43297262466054,2.85514240422911,3.28624459383804,2.58782620099105,2.11717036228076,4.01632455543394,3.16105909599117,2.73275029250626,2.34615205436797,3.88442372598984,2.73057978249597
ILD_110,2,3.15898294742244,2.96140871811537,3.01239643854241,2.58578905975372,2.59805002896288,2.7762065023142,1.90767465877714,4.04679459496588,3.75458940561914,2.24545157938016,3.66050540841286,2.76519756642406,2.91294413962283,1.86445432604906,3.2261574400647,3.45036676648759,3.11322961993999,2.49308070870345,3.00388524134831,2.96997473434377,2.55366600666567,1.55074879303378,2.40940622126339,3.39787370635484,3.03493614035791,3.68650188498113,3.87169825375229,3.12570382595214,2.44740850677175,3.5303195695021,2.87099213926027,3.04150763596398,3.54095290374657,3.27925772209468,3.2538211995064,2.68469558374213,3.35297475235175,2.27289735266163,2.65667428851379,2.94109343460692,2.38802682821073,3.54994553371375,2.44801902010339,2.16321660252208,2.55311202016656,2.00029556184531,3.73060244016804,2.33628564361484,3.19885917554608,2.23970625543719,3.50241028701031,2.26806225391651,3.08138359171994,2.83584458558221,1.89494012987754,4.04652319753407,3.12569079212232,1.68612600742797,2.34519099141517,3.78064586020418,2.53488410163166
ILD_111,2,2.99883663993743,2.89493490742275,2.89804798203171,2.81722121526422,3.01482979220812,2.75411371501607,2.13845188478743,4.03325900979504,3.75914262570315,2.37348492654719,3.62187514469265,3.12028286978437,3.123438296076,1.02450654647609,3.18033217394597,3.32403923649578,2.90752323616031,1.81075667731728,2.91130592131264,3.02355400672112,1.96499457579911,1.3966294940291,2.33714232153437,3.43165365502882,3.32107507592081,3.58515776914372,3.8610479145994,3.36450490702953,2.10716894216867,3.03362080693578,2.93271070721897,2.72098534046216,3.51196540724047,3.03961014037121,3.05175897915493,2.8094906233132,3.20564271299968,2.43171816550322,2.19618583100824,3.11030805635714,2.48067082500263,3.66644507638497,2.09924419522677,1.66204759808309,2.76966899045037,1.74290175454215,3.75916382270476,2.65849001392742,2.68701759964712,2.55261653849316,3.44457647047001,2.6962332509259,3.2199446236667,2.62917334083848,2.02255410927606,3.99754297513317,3.27230354045524,2.15174755928617,2.44284774422594,3.94158795807748,2.53044400731015
ILD_118,2,3.03747875220348,2.7517520284141,2.83004229672262,2.86784310555102,3.02424260914445,2.81789833198194,1.94917605582766,3.99301768277201,3.73676279497717,2.15874153995134,3.70672801610158,2.95259414805188,2.58693165948854,2.2357616936744,3.1818334008924,3.33027019302696,2.9661934022101,2.55340508256358,2.99871479875771,2.98865616681679,1.81293144602829,2.55008403402831,2.31184913281915,3.41248191550485,3.23607137018179,3.45839217454657,3.90909084621472,3.30111863703727,2.07995129972083,3.3473983857161,3.15370495154382,2.96286658468075,3.56131303199438,3.24327888688712,3.04927494802978,2.89181488723219,3.22945986595021,2.17057727520276,2.08920704203749,3.1842212448493,2.36056719054103,3.66759616093247,2.26024933077844,1.90072182453643,2.13966048298273,2.08932299749323,3.79284933158079,2.22735472662305,3.11214163847256,2.16101200437035,3.39461045822736,2.62476461000568,3.19075343813337,2.65576792597669,2.38525913113386,3.97230828204805,3.20817057226827,2.24373535662286,2.1728840680516,3.77215757657054,2.31015363031504
ILD_124,2,2.98782898993132,2.95984435946034,2.96605391693028,2.63114751490987,2.91536060930656,2.47789347959522,2.02670663724218,4.03630665042452,3.78590797392226,2.08792795405289,3.74987744019047,2.99201603562046,2.85620247248763,1.20065139476473,3.03648283561621,3.42233418724041,2.90241608366511,2.36543584791091,3.16064015148861,2.90067690119262,2.33220792242472,2.26124043787776,2.34295600271544,3.66296939054071,3.43057096027539,3.60875170591841,3.89905389140145,3.23872597168988,2.00176291270585,3.26778899626827,3.20176160113439,2.94270126243162,3.74751483921236,3.38986078223329,3.1477873525433,2.80603655491008,3.19826103131377,2.1533818015655,2.46582391290902,3.05749883244528,2.60059268675615,3.6296319573709,1.39123135994209,1.74249851994918,2.40856913465779,2.24918770710831,3.80552506792055,2.32179403870903,2.7618766974726,2.62241328605795,3.39078939265647,2.67924524286749,3.07094773787636,2.5919649363192,2.38528195043568,3.98629464148666,3.21467186790762,2.19384820013115,2.04042200976236,3.82425606497634,2.58794885179101
ILD_125,2,3.02613593367517,2.77588668445749,2.87726955468269,2.97868340549767,2.90171684546461,2.63010947757481,2.34191180827329,4.02068447057705,3.77159157240192,2.09941133281465,3.65772730653163,2.90154028745552,2.82608406342424,1.31203054110702,3.17498467040268,3.42969947627548,2.89283284679094,2.51458527446279,3.0100553684715,2.6957974545962,2.40641122703857,2.33357887516486,2.5016550248436,3.72684529590925,3.59343880258184,3.54137589339153,3.86039155011185,3.05958190258209,2.11951413624794,3.35850299715359,3.24375333844607,2.94377407933924,3.56689496666743,3.27129717218557,3.12329482404886,3.03171618894671,3.17805114584292,2.2651749096671,2.46938230429813,3.27797161070116,2.25528031877203,3.63829355597472,1.65870687847989,1.90463099663687,2.24261935265969,1.68578408568458,3.79699709933456,2.43270013780572,3.0946916655229,2.1518430237863,3.38981028237459,2.84489778802565,3.26119439905829,2.52760193178736,2.2205459985759,3.97195992451374,3.26128700278762,2.42796122352572,2.25055040948763,3.81504780914417,2.64177073042227
