,Group,A0A0C4DH43,A2M,AFM,AHSG,AKR1B10,ALB,ALDH1A1,ANGPTL6,APOA1,APOC3,APOC4,APOM,APP,ASGR2,ATP2C1,AXL,BPIFB1,C2,C4A,C9,C9JG08,CALML5,CASC4,CD109,CD5L,CD82,CD93,CDHR2,CFD,CFHR2,CFL1,CLSTN1,COL14A1,COL1A1,COLEC10,COPA,CPE,CSF1R,CSPG4,CTBS,DKK3,DPEP2,DPT,DSC1,ECM2,EMILIN1,ERP44,ESAM,F10,F13B,F5,F7,F8,FAM151A,FAM20C,FBLN2,FBLN5,FBN1,FCGBP,FCN1,FCN3,FETUB,FGFR1,FGG.1,FLT4,FST,FSTL1,GANAB,GOLM1,GSN,HPD,HSP90AA1,ICAM3,IGF2,IGFBP4,IGHM,IGHV3.49,IGJ,IGKV1.8,IGLV3.10,IGLV5.45,IGLV7.46,ITIH3,KIT,LAMA2,LAMC1,LCAT,LPA,LRRFIP1,LTBP2,LUM,LYVE1,LYZ,MADCAM1,MANSC1,MEGF9,MFGE8,MGP,MTTP,MUC5AC,MXRA5,MYL12A,NID2,OIT3,OMD,ORM1,P01718,P2RX1,PCBP1,PCYOX1,PDGFRB,PDLIM1,PF4V1,PGLYRP2,PLTP,PLXDC1,PLXDC2,PMEL,PODXL,PRG2,PROZ,PSMB2,PTGDS,PTPRC,PTPRJ,PTPRZ1,RCN2,REG3A,RPL15,RPL28,RPLP2,RPS18,SERPINA4,SERPINA6,SERPINA7,SERPING1,SEZ6L2,SHBG,SLC1A5,SPN,SPP2,SUSD5,SVEP1,TAGLN2,TF,TGOLN2,THBS4,TIMD4,TNC,TXNDC15,VASN,VCAN,YWHAB,YWHAE,YWHAG,YWHAZ
PDAC_1_imputed_intensity,0,425704.681201461,1350100000,36059000,2186100000,427387.688188185,2.967e+10,476988.144648548,4568700,3175800000,1060500000,378686.106192608,121320000,1008800,171796.382685945,339341.825699289,2795600,476850.910500346,3741600,723460000,72912000,410952.277846742,271911.06077124,4470400,3644400,113650000,364951.528849405,21170000,327125.94588752,17703000,6351099.99999999,473765.628751281,14028000,1435900,66446000,534335.983085696,5536300,822945.397906408,45444000,21176000,132586.55427951,246150000,1380133.34807426,727491.360350959,143843.089859901,17297000,12751000,8275800,350118.890980014,2129700000,9948199.99999999,2201400000,6378300.00000001,41949000,121415.857128397,295204.637227799,9317600,2614100,6334600,801380.000000001,17239000,20266000,2653500,9351000.00000001,175980000,26873000,536008.493612506,2527500,77572000,69359999.9999999,112310000,254610.249987819,75364000,4514300,5742799.99999999,35266000,2036500000,34189000,132570000,485440.552613115,22083000,3140400,79911999.9999999,1790300000,22963000,29414000,6892000.00000001,6236600,85411000,782500,23445000,634210000,31469000,10163000,24112000,5398500,6088200,203291.942233293,19964000,194854.846762831,600820,10185000,4373400,4370200,24338000,13689000,555160000,278009.874758294,1367299.20920237,172978.335634818,15530000,7516000,493037.939211972,4464000,30745000,20902000,65161000,54444000,27113000,107740000,20593000,546660000,278823.142093909,5579900,4840199.99999999,16539000,11491000,343589.897797055,206505.513132457,232397.549921304,556772.637131769,15079000,307560.597442076,27809000,20123000,9101899.99999999,3219100000,16217000,191598.576923999,811689.586967062,184502.727419504,14861000,54446999.9999999,12829000,7375600,1690700000,8644500.00000001,13818000,5008200,3545900000,8358800,2861300,30951000,29040000,121960000,23398000,215860000
PDAC_2_imputed_intensity,0,6668400,7109299999.99999,161690000,3476700000,191785.627983566,3.0118e+10,505544.508035683,224327.072120113,1.2816e+10,2632900000,33542000,693259999.999999,1713700,415366.829798405,203373.481326355,255210.789791772,4071800,22853000,220310000,102700000,231516.258192021,3919100,148032.630292467,1337400,160620000,535988.032366551,1242486.78367233,547144.469135714,71177999.9999999,25640000,199762.650189835,1009044.15467359,405670.565888364,1102789.52992099,324875.649694185,422227.026438378,2260870.91492198,2099000,2067379.47320586,1264200,1391300,226992.506497445,870093.015830187,6242000,3147300,278583.239647036,213972.536325619,297266.332950194,178830000,42070000,52955000,293841.744287231,865719.999999999,41260.9062675942,723107.017625913,414015.541615558,363313.673203106,598484.508689102,11242000,8904400,59156000,31872000,227216.302024177,140222.85383915,123129.900961756,536966.970536644,537830.895390037,12355000,2270600,726430000,296889.165182489,250753.299348199,428375.054850428,327793.288597715,24765000,3992500000,110390000,285470000,278278.909864113,50326000,13744000,434590000,125420000,334944.676289399,7145100.00000001,233142.461346069,32683000,1624800,161637.670620388,600567.207475271,166930000,339172.678303095,313378.75139912,163218.12343366,296256.675660897,133598.944411054,6788100.00000001,230569.170481802,286632.724222765,317575.057086145,299730.953667303,137645.749585941,194993.629467739,990270,232048.113024666,667669999.999999,34869000,368141.393481438,247306.172828654,84602000.0000001,185496.238542883,1512359.45278736,303199.759155022,302070000,59362000,416120.185786152,4825600.00000001,120187.250948361,52275.6924127057,163675.897085791,46444999.9999999,192872.290139875,213393.67406329,107387.613497128,528659.644679164,568581.548000311,103456.093116605,148271.516179435,186139.185880579,443584.660818238,138014.314176264,336847.939129725,76760000.0000001,58824000,56736000,271260000,600911.724271036,24672000,516083.841837981,681096.654872999,172297.981656084,1408400,594212.573913895,11535000,9865100000.00002,90143.7968820098,694936.761036968,235853.724533152,9984399.99999999,649480.066002833,7061200.00000001,170754.206363238,458326.888559964,509629.424912872,365722.33108155,111953.782341679
PDAC_3_imputed_intensity,0,229267.366388328,2274500000,100460000,5962600000.00001,210915.241992958,1.3918e+10,31417.1175159445,944013.477886723,4923700000.00001,2.67e+09,123550000,386830000,5106099.99999999,9509300.00000001,127530.327144785,83090.1814564016,1216000,51878000.0000001,404880000,75278000.0000001,418847.107698807,5001500,147378.125480104,1427600,139210000,5387900,1786000,128259.793513504,29489000,14359000,4942800.00000001,632262.716133166,222327.457937333,518261.466491364,243864.875586745,401821.522816133,222760.635812137,2849400,168530.636219143,1480000,2751500,498723.894134033,80628.2583047071,11173000,3772400,125631.617462197,98827.0985758133,115306.827058071,406720000,41632000,62700000,169682.698019474,1018500,235402.839296906,409824.065704507,932128.502945627,43019.510389533,411466.986969336,11545000,4515500,77668000,28477000,547176.284765767,170737.325458012,10325000,530226.184686129,970629.999999999,35626000,4771499.99999999,271920000,4137500,1408100,138930.871970621,731779.322046627,10106000,2563100000,37211000,189160000,10550000,61636000.0000001,5033800.00000001,218310000,442590000,183672.808346393,8566000,1555900,25384000,218290,161054.867410198,6575900,58419000,350126.795500992,11781000,493704.625698822,395828.450804919,124733.039012348,3957200,131121.796390429,154887.143234156,170261.146335967,491147.953998,466294.004815396,205264.070207214,3389300,169050.036314339,1590700000,13330000,27208.9283773248,3226500,54733000,212733.859744482,16952000,82540999.9999999,94473000,116110000,518327.616690794,3394200,107219.859843831,1191300,2042400,47457000,195360.735671942,117544.177830449,193556.906084477,3589500,464631.534393917,86369.0847832958,311922.425827554,160159.967864847,553910.611511493,134700.539098323,378212.758947379,107100000,95461000,83550999.9999999,349870000,88186.6747267325,9086000,117271.989317188,246947.204519038,180953.62828053,1188500,161960,65213999.9999999,4908900000,243728.898165837,16668000,203369.829698601,114310000,1195400.85808214,7376200.00000001,137199.539075597,246321.138592938,354364.540785647,96578.9279269971,4698400
PDAC_4_imputed_intensity,0,11589000,3276900000,163900000,6417699999.99999,224501.046629829,1.4783e+10,1704798.08857017,402650.642526645,6017200000,2788700000,121690000,474760000,3256800,5904900.00000001,645701.158317682,159659.184172669,3869900,47541000,262020000,74376000,447928.199953029,5361500,195547.547084517,1297200,28977000,3657700,2299700,224322.237966933,42560000,32681000,4779700.00000001,54193.4923980175,340916.835975652,255962.604439016,364273.707964025,263163.285130055,256943.625298524,4792300,677170,1993400,5233700,207853.751265703,574795.099484638,7126500,389447.729266509,4464300.00000001,186046.813758144,500042.609133343,304690000,29902000,85926999.9999999,171392.835526404,518159.999999999,165647.241550314,235101.21222512,597740.100601775,351632.31218237,310935.738267839,12356000,212204.166755205,73400000,23815000,567887.221922404,219748.942219061,9455000.00000001,172495.44969379,321228.781727742,16612000,1601800,329520000,1059562.6357589,315991.381844864,585515.107547041,165268.042763948,14783000,852889999.999999,71586000,48462000,7817900,36292000,24482000,151410000,536970000,637689.221777499,2631300,482050,16306000,589290,513592.027277798,265896.842117843,91485000,91383.5124992387,13632000,1238867.93028544,578288.751562066,531317.051940883,5291000,169119.837936065,455914.743948511,298258.136047784,127475.168021248,518200.563304199,290686.107955523,1448200,265549.471133061,943540000,33512000,196121.249483344,377267.663060828,89068000.0000001,70746.7123090913,13758000,44385000,1.27e+08,65527000,318457.862114781,2741300,260663.840488766,110305.730841363,224409.592563444,42214000,281822.507326897,249462.88272826,377201.05268454,8606900,184796.2185834,373163.63826835,304870.305885672,648775.18965588,732607.397819694,121093.061634507,256153.499864973,135570000,90362000.0000001,38664000,381630000,475116.236329756,25160000,334820.864614482,576465.972151773,3695500,1972584.95486047,245613.491932528,78133000.0000001,6797100000,458430.363242782,7894100,897039.39162654,14329000,150057.44822985,9694799.99999999,1966000,158483.615309519,67149.4660659344,101199.81454384,3342700
PDAC_5_imputed_intensity,0,125176.798217524,2303400000,98043000.0000001,3563200000,81008.8949590855,6109600000.00001,154487.140262383,327230,7092900000,892189999.999999,62105000,452890000,4715800,6396999.99999999,454088.705415037,332959.119415703,5807600,19557000,660870000,205980000,406908.913115407,3843600,71030.3940144197,42659.104545066,174080000,76114.5218900163,334993.299606715,177810,30005000,20660000,824830,43784.2456577967,196960.230346819,229873.600090265,219967.418479331,350229.175331704,100220.28160571,1308700,345070.821204481,384181.593680076,21933000,141299.907488758,419821.295083546,3958900,7639499.99999999,384973.549634789,354643.874352557,750175.800425709,338030000,30509000,331260000,156428.630555961,8561400,248633.653311907,126455.050368917,173606.856910178,158008.540450184,166235.933130063,7515600.00000001,9927800,57629000,26395000,214446.954151252,38860000,3354000,98916.7533311602,199987.625683558,14200000,1662000,413430000,29559000,6744100,280687.879987015,65383.5267987393,17586000,2295100000,20031000,154970000,338934.797491273,105490000,2228000,64237000,350100000,70809.3435243721,1241300,345890,29503000,19371000,394638.293866047,144179.469481842,75873000,265426.433887156,11053000,270131.599885331,537302.586267166,149294.803672737,240501.193983231,437701.854109761,356158.299414172,251872.454305522,718748.93394145,9106200,311395.865946286,4895300,205407.480040108,806040000,27069000,322457.643365285,457823.319074754,105710000,45634.9972190946,98348.3817655778,14545000,104430000,71258999.9999999,774060.000000001,2971800,89454.539950409,130695.742059781,3521900,293680000,95794.774762018,173340.085374291,182450.74948685,1285400,143479.90733761,115129.539659781,199660000,139553.671701049,377402.811460914,5897600.00000001,401805.408700085,83703000.0000001,65245999.9999999,47371000,425400000,174818.004306995,13504000,134341.727596219,314362.221902422,5875900,1285400,72882.3116306953,10649000,4065400000,471865.448730088,8457500.00000001,413652.019126452,8597199.99999999,73432.435241237,8334800,998140.000000001,117375.162011388,13298000,205396.874946561,15409000
PDAC_6_imputed_intensity,0,140530000,3902900000,120900000,3506500000,220029.498957871,1.6787e+10,229067.334907036,202500,9507100000.00001,2583300000,53453000,323490000,622442.120425908,1833100,722939.252891415,175643.247276773,3438500,28055000,396370000,150570000,1706540.9970128,3224900,467845.78866847,3395900,78533000,1518900,3051400,43653,42892000,42832000,513297.120022993,567262.584325169,402146.49233684,632212.87851772,336573.091058996,553518.044137576,281790.072361913,4779200,2307900,1285900,37400000,790602.395072214,575053.809626868,12657000,6168000,297402.84726823,195183.123763944,126332.568576328,576440000,30195000,333460000,7096000.00000001,5295300,409926.059443951,239037.323623139,124531.887440554,57974.619641441,3480200,11778000,289620.120507348,57448000.0000001,22953000,218425.780557241,81663000,13589000,300145.714177581,154318.239951362,7172400,3522400,280350000,513824.763203421,2434700,295056.05130051,349941.244632829,14812000,999570000,57232000,104910000,757993.853939489,253830000,31432000,111640000,448730000,71354.7633836689,4907800,330200,17340000,2705400,612135.436726529,445798.03153067,147130000,129432.386110389,8149999.99999999,545857.039060487,101334.381168246,433421.535611005,97985.3558355076,9702700,775936.824269859,937812.324555639,308935.371352463,8101900.00000001,133131.343473633,4942000,207532.05924975,1820100000,102779.799616338,195946.207282193,211955.105145012,27971000,1762900,351052.683232177,9844799.99999999,171260000,76161000,162073.962155119,5843800,181810.642761883,1883200,4421900,102700000,257430.019506989,111493.07196102,124969.691586295,2128300,774015.145496826,182326.663357507,27062000,264704.377207143,127256.494855594,183088.373845424,124754.052027072,64309000,50831000,51777000,329790000,234128.854414126,31733000,131303.481412737,227416.844013921,551829.480764144,2449600,522707.118567189,279995.580191395,4.64e+09,1151900,31902000,582203.548947214,65861999.9999999,1603574.50359265,6184500,1461600,154694.889022097,4574600,1644900,9991500
PDAC_7_imputed_intensity,0,31048000,3171600000,179980000,5439299999.99999,106768.690795349,1.4641e+10,5681200,22188.5162757977,1.1326e+10,4802000000.00001,108210000,435980000,3185400,6163900.00000001,353342.045703836,279137.085064584,23514000,32636000,277170000,130990000,168567.753949677,3065900,144024.51717292,2558900,142740000,4821000,2094500,695530,34085000,28834000,854080,432857.583388919,482877.769912309,260351.589953265,104545.992299988,517791.961620763,412664.306477765,1201900,851787.381478996,2155700,35360000,188997.538893762,248081.761357683,3601700,182232.327980966,2173800,479190.197527,347718.30670586,523880000,22475000,251750000,10430000,4880899.99999999,200027.776037359,654121.219755837,179262.042307724,374941.104641713,969811.529965439,11454000,12812000,79337000,29652000,386285.685101134,67248000,5927200,387935.4174974,162353.508310266,33781000,3363800,310830000,17530000,8881900,188365.982712669,391449.722549616,14638000,2029800000,102600000,158990000,21335000,133180000,11745000,155060000,426030000,31401.8595467135,225877.579731255,364050,26567000,910289.999999999,161388.334370444,696050.593588013,76818000,96968.5547687453,10873000,182744.589674459,373811.289347753,572471.870703695,4203100,438010.378469894,350601.105968206,390950,216674.783877689,712469.568011982,462086.232577752,2775000,94703.569806223,637640000.000001,11873000,387177.993713112,314987.843617617,98034000.0000001,365079.844359455,1304878.5146394,414206.50842918,80787000,103080000,1332000,7426600,157314.981456806,224157.422463057,3330600,72595000,248013.763235378,757657.169950313,396895.977014084,242317.93003818,141041.857084543,860140.071525817,208004.213863932,623076.488821319,213365.621678322,8389399.99999999,147468.952443655,125150000,104760000,73219000.0000001,561660000,119537.166175059,38023000,713592.84872701,98086.3807786719,4957500,1688400,289096.745201844,950778.152358516,5059399999.99999,355012.489021514,8250600,188759.962946247,18104000,541395.687203315,8690199.99999999,516745.096328578,397422.055417073,12809000,3401600,10999000
PDAC_8_imputed_intensity,0,283778.22603143,6236700000.00001,223340000,3191400000,148375.280349544,1.2231e+10,256314.407665846,404144.273581578,9798600000.00001,2615500000,40428000,303810000,554092.712362813,1108560.1265931,185941.478406191,554055.374023166,424634.190961628,23842000,146930000,101330000,175461.216547975,2371200,517250.545689212,1055718.82896268,73512000,1958400,113239.68833284,1822196.08708621,33151000,38949000,134620.136814564,1333574.64974427,120061.051033089,437300.283401188,138063.269901477,425582.295653068,689532.168458422,2159500,711894.363869093,731688.357815094,16349000,204332.811495659,224660.672990352,4117200,3011300,548373.338967706,988160.534292602,646991.598833848,452970000,33720000,230280000,4953300,2639400,248890.18434717,118314.616330917,323704.017888957,1258890.54109519,406533.787133541,9031599.99999999,169582.094804067,46195000,14326000,92757.2714557028,53490999.9999999,5346800,112954.136968971,408606.168041713,3268600,2002600,467060000,477892.612830784,371602.947637435,407898.306949999,439843.902897131,73986.7151403899,1025800000,46661000,205510000,258258.978606489,143660000,11432000,19314000,94946000.0000001,1988968.89092504,323474.959607327,204412.405469912,41091000,150000,476273.037094602,748778.754170507,141500000,392908.079368135,19976000,872926.825010548,204818.418782222,213047.825586763,399204.698794882,9696299.99999999,348747.484984914,250670,254528.530872301,249756.827842608,280261.766314182,1119200,474576.647182126,322500000,53738000.0000001,319603.931869159,955086.995771119,47801000,1783818.71107509,405543.625730407,259763.583559718,130720000,31686000,989200,2900100,711512.7634435,1027171.69336847,526245.107162407,307460000,321556.562110472,273262.674496491,250693.12053687,844686.159422783,328581.600376639,346649.162219375,431111.936520311,867078.782811253,216618.176791827,783994.476725456,689056.570157788,116710000,109900000,43023000,492150000,114975.092002154,819969.484411173,230382.374840627,720571.830237842,7181500,207535.952268803,111777.968815356,248601.246845616,7015799999.99998,235105.514553447,10088000,482255.668891147,3167800,248562.959065365,6009500,12227000,2161356.76291831,2811400,296120.812043906,2503400
PDAC_9_imputed_intensity,0,50556999.9999999,4890900000.00001,136930000,5313699999.99999,608052.216479775,2.2397e+10,1024679.36112476,249925.505369168,1.3175e+10,3088200000,62327000.0000001,429740000,11257000,1143125.16326611,285380.230839373,621227.831272867,4291500,18175000,308360000,88632000,462727.808978574,3265500,243998.637528336,463475.121283679,225570000,1303800,284229.558887002,301094.115474207,86368000,209131.285937938,1035517.99574154,615295.67815472,945228.66618926,580552.865380756,1701594.88758144,1680501.81862618,408771.231156603,1640900,1815300,123045.930819028,7206799.99999999,453554.083822127,187453.826967655,329703.717441,3765600,280751.792620974,258657.130764287,98311.7002346643,411860000,36995000,58963999.9999999,199305.165119819,314869.345134512,346812.403050262,210695.907204463,939854.224419316,87477.4399951477,6890400,9482000.00000001,666599.022537204,83082000.0000001,20944000,399286.3132421,634087.680238038,938960,936019.381125652,228028.505489815,6064500,418390.938138581,643540000,639980.796873918,213401.330183554,311469.46778059,376310.368409083,19946000,3756600000,181440000,216160000,50565000,133700000,11457000,216693.811492327,127050000,523713.09284624,157700.158621183,83575.8300001005,47183000,739069.999999999,346271.476612263,755937.173166559,114520000,406828.04494134,25488000,313594.633343796,167873.532603109,242086.248242824,2625800,326668.408714344,854978.059396078,804266.210285925,244632.193093397,3431727.70590067,848174.070033992,176019.477897063,884591.01380008,528509999.999999,26020000,1025692.88272974,603237.116917525,71755999.9999999,452344.68567187,223601.913299898,12628000,294570000,111170000,1633500,1933900,416768.988596998,379067.081647122,167220,55029000,364146.69118778,499894.130953488,648692.615165004,146234.935903275,1020586.82477483,455459.20968042,988603.22404932,348222.143466354,1005701.91747024,151621.784171001,247518.429270496,102190000,84747000.0000001,55592000,208340000,292121.656414103,30779000,296797.365703015,621716.070143233,548838.493610782,3078700,147797.430708792,777947.226324575,7305100000.00001,1246821.34483248,10311000,633875.652753308,15464000,63076.3613229776,5659700.00000001,237836.590416281,279862.090215165,313116.83645856,715829.577482588,901623.70697071
PDAC_10_imputed_intensity,0,97255000,4728400000,162420000,5692099999.99999,37210.3647527053,1.3442e+10,2166700,183548.467160369,7371100000,3027400000,69848000,484250000,9872000,425880.647492767,108291.887624926,291305.946431154,2014000,40566999.9999999,327040000,74667000,154808.061759122,2088800,125640.345005277,1561700,91405999.9999999,336553.675782839,623715.493945012,79898,28003000,31674000,2810000,290632.707477218,291745.020548866,150841.610738585,58293.7262225107,361153.002014755,620735.570242648,2906600,629578.281843986,1662500,8504000,414497.561711552,257412.223264643,150290.759594204,207517.313984891,254210.157909333,845251.640798244,213877.067067218,402510000,30187000,100500000,4276300,144690,152795.478373192,211889.957924775,639958.558892773,299474.012871235,446800.202373359,10972000,6559700,67360999.9999999,37155000,333805.604215045,395279.000667966,4035200,109555.010203236,292303.034281479,23554000,1159500,290130000,519936.540065023,1118000,161394.203705806,238825.395581071,10062000,1676100000,110920000,137690000,18481000,84081999.9999999,15769000,172070000,447699999.999999,482296.334592153,1805700,302340,20975000,796430,271315.259450036,668250.91902892,81050000,171533.401593719,13741000,358227.087410756,374053.689862623,127013.795712423,90223.9981031099,221301.680702813,135085.45879829,428630,302736.943986694,3927900,489575.379221935,1267500,480924.218660973,1075100000,4665200,259737.24081019,85330.721758962,63237000,110269.075428186,215480.33700104,32128000,131510000,49774000,62602.7460148585,4410000,298941.890657244,800846.085683581,69522.759894118,100880000,127324.906141751,963826.939869445,433177.423800037,1376600,116282.522122546,298957.267071953,394956.500867994,93395.9991683102,187179.420180775,56054.3324181954,168084.821931175,127100000,104800000,41471000,467359999.999999,92657.8230677823,10818000,1856524.7466956,195153.408822496,4291500,241010.494793127,437357.945259605,17029000,4500300000.00001,293335.290914887,6088900,846256.562543494,21591000,134270.510947746,6699100,96623.3471418855,135075.831244811,294628.862208023,360566.450594964,6943700.00000001
PDAC_11_imputed_intensity,0,105030000,4896000000.00001,189220000,3581700000,650480.105550085,2.0632e+10,202921.134545293,287198.957124958,1.2176e+10,2834400000,56020000,658280000,5661600,745213.669476505,1068686.78215611,554437.803082915,6112799.99999999,30631000,210520000,100840000,316135.80441235,1821300,1121215.82673028,1854000,153090000,1137600,1646600,609256.575862511,45534000,30271000,380180.175300098,364030.591623534,247935.314437287,186643.658825576,247445.878617862,561904.85479823,226972.109548601,1503000,1118165.03859631,1820841.66888965,4431700,135078.793382389,423451.126618674,110764.995577951,2833700,608834.243612331,161476.093817071,285044.304775598,324040000,44576000,30988000,194176.394065306,607580,927380.079459637,216527.235146562,556803.287595328,85440.2009343136,505872.448064244,5511000,10551000,104160000,11592000,281261.204011185,663805.656772828,7410400,115002.536065647,838261.235515863,4575200.00000001,1137100,516720000,3443500,252410,175777.427781964,428364.076364143,12307000,4367800000,121860000,288390000,21731000,140100000,13027000,239530000,115080000,1034741.20094571,604856.598629053,913673.701013796,41986000,94112999.9999999,226608.704280756,435431.888662527,95447000.0000001,222961.049410068,26917000,152936.161552656,90704.1892113833,486431.403380613,2956500,444031.84168422,1274154.17353176,176298.167851719,500848.145119127,660977.681027311,238655.695759576,1341436.46480758,930353.450446019,1100200000,7626999.99999999,626332.8054566,380796.544521766,73177000,900675.935268307,343259.509764239,17118000,221420000,57607000,800505.380541477,2150900,1006163.43520308,1663711.728259,211456.794358372,60015000,581078.506053345,389948.736972232,183203.129737361,729283.570696756,620413.752419906,368250.668206551,720557.685475568,291206.026603407,574608.461013993,277650.296247826,158389.137203283,99727999.9999999,84234000.0000001,38368000,336520000,193081.514079276,7346000,145419.358555834,295431.191966089,3122300,353320.956032844,352936.680471738,215471.409445773,7232599999.99998,268721.301485674,4909700,338793.804508204,1484600,650160.337987595,6463300,1114522.76055887,801962.362410348,304124.295484424,202017.211221745,193309.653048295
PDAC_12_imputed_intensity,0,514222.975150736,4690299999.99999,188060000,3892200000,188570.261683856,1.4043e+10,2508600,118331.937896786,5679499999.99999,1.513e+09,179400000,521090000,4620800.00000001,2287400,117877.925059871,74548.619689794,1563200,28692000,444679999.999999,114890000,165983.402420177,1799900,129052.346999738,1805100,104850000,379154.609883781,749663.222158407,48501,53870000,47676000,255243.821049494,292228.380625696,517015.818235697,702120.125271605,123960.698555176,67408.1565884905,922310.472052765,1202800,3533700,920980,4849800,168426.861254766,463941.38482814,5012099.99999999,4361100,247665.796756368,371732.088991714,374515.957687634,275760000,30405000,127620000,317521.446257118,256660,82298.514273566,219613.30714101,4261300,246673.754065686,3189300,16802000,10894000,33259000,19720000,193776.682255536,161367.187939168,12690000,165806.858867712,395010,19954000,2009200,347230000,5221500,140743.906823096,647300.442255217,350578.53497777,11084000,2.433e+09,31302000,147390000,8881100.00000001,71160000,8934100,95002999.9999999,225270000,344298.641038486,14886000,2072200,23311000,98252.5978292106,168517.619695064,245919.478505119,120030000,93434.2746958265,12581000,251593.953490796,115054.379560794,248401.35544891,11652000,851412.277346533,723027.300106127,76575.6231697901,391042.079226474,361689.420442657,169975.471540331,2142000,443237.69999814,784490000,425639.788846301,159346.549778659,490359.89360092,181130000,475817.890958438,6802800,19162000,166060000,65486999.9999999,78137.4891416626,3049200,633563.7626314,971760,195112.505192474,58120999.9999999,631328.377874781,319976.184803974,117042.993691501,3310000,163260.171449973,477561.137829852,643568.774511047,275807.685737544,100449.578661568,300164.38619115,363495.352646494,78422000,140640000,55236000,402920000,184980.56337382,21974000,129531.102629691,154754.854561225,551095.818632974,1414800,508410.000000001,21851000,5605499999.99999,697726.97947327,12980000,248206.354722373,32951000,634580.084016121,6357199.99999999,107000.093222203,529466.394626571,209592.408388407,134076.028551062,2863900
PDAC_13_imputed_intensity,0,81654000.0000001,4971100000.00001,197520000,2850600000,511868.381580776,3.0352e+10,638060.736510857,245605.740778275,1.3414e+10,3496800000,95343000.0000001,877490000,3645900,883974.917120205,968867.573932836,804980.969222267,6648600,35179000,131550000,100960000,1351015.64720999,1142373.1659004,210691.350079402,612588.290771795,87807999.9999999,434140.441086836,736707.475985929,241640.87045262,83395000,31766000,2271000,506806.244367768,506667.646524118,613309.757659111,217089.837890038,1475704.92710106,732922.818213798,1744200,934178.728020832,1440045.57500217,1456800,1663912.29620442,595085.759387689,4524900,572947.20597905,1709657.34558196,155353.59990377,193315.91549053,164150000,35849000,55001000,463582.30294656,814222.699006938,3575403.31709587,391263.902616547,450301.011447934,338289.629457388,362324.556165444,21889000,724131.457238627,71477000,17856000,717953.856437618,2341227.84476395,1728900,1013811.33274304,341884.873258827,3252388.85444429,914080.000000001,498729999.999999,573925.072447117,1324167.96794393,181482.824129332,1502053.85679755,13159000,2536500000,71714000,224460000,302687.408455707,83687000,49074000,256380000,141050000,419314.443604386,924640.020861449,586444.624776494,34052000,21384000,583640.552147222,749557.610747082,101970000,602916.952056011,15869000,1889064.3423758,473759.714160194,1102622.77052624,2062607.79664638,263270.619019834,986567.745903973,1823076.89714088,394961.998051975,264889.233998881,918124.269968198,1040002.4511032,383235.063489964,1216300000,22762000,792388.719059926,1051487.65219304,52831999.9999999,678699.529156327,219489.552646868,28233000,271940000,54418000,220932.853850817,4914200,512326.922122932,1398929.33230729,166836.577580416,13062000,360308.009370037,237578.771307655,735678.246032056,705921.538805585,3400354.0270175,347171.076715837,324978.478343927,1110663.53851386,1411310.02596163,307294.525259201,488223.121363843,102790000,75055000,50808000,200430000,371700.805747442,22662000,569650.177409049,119650.333980884,812940.560915283,425426.744841697,240860.512467208,413640.956988815,8011199999.99998,290754.699089239,6912200.00000001,615036.30553048,717072.072440528,616875.279980022,7408400,553779.199225665,1731876.68586495,223653.984063529,1145349.8945093,504382.256024109
PDAC_14_imputed_intensity,0,3649800,6246499999.99999,192470000,4100900000,746012.229760587,1.8392e+10,317687.50533803,1319400,1.3436e+10,5104799999.99999,56192999.9999999,329660000,187858.268830758,114700.142435158,936492.027198784,327587.292323026,2986900,19519000,287760000,97700999.9999999,205734.436153182,5150299.99999999,120864.291834563,276711.373111994,91700000.0000001,202552.694193677,1955200,1055398.10069135,42832000,12053000,285417.665942695,101637.85160327,387112.242009555,300517.463195343,646946.681668171,483970.67886365,271712.708170845,2023600,161022.965223611,231180.625569808,7421899.99999999,177345.275388717,108265.827121113,16775000,891880.000000001,1201219.20189934,286868.571046735,477125.373539738,306850000,27676000,246680000,4735600,7092400,501590.050425513,337145.272476344,263370.229715647,208818.944772837,355025.920497278,5672499.99999999,343027.228847438,47448000,17945000,246953.814369129,38934000,4484600,995241.861845404,146480.974795032,16991000,1539200,409120000,655437.612813845,246333.727762589,182444.245296808,8750300,12965000,1582600000,83328000,155140000,11942000,175580000,25147000,297286.621938585,131450000,287991.17320242,935568.643104103,45949.5443411566,45901000,1946200,187899.657832486,288791.228487117,111280000,154974.248014321,12082000,381606.841000893,251739.915559029,693775.464034378,4198300,11991000,302634.869185861,400698.079435191,414468.309151304,97091.4305104284,143397.451910378,7185600.00000001,81755.7151427503,563730000,20567000,270443.995969082,213458.268050776,88612000.0000001,223375.976050615,264976.907336559,352144.733292327,190750000,50329000,323057.357777113,3877900,273061.303639307,1628300,412073.487666329,106450000,59923.0769661041,401202.46441026,398498.713537786,350430.73670618,78309.8877314914,1093149.70118039,294540.438321828,234750.951450167,170903.947253509,192613.055302632,506516.994408546,114260000,66940000,47754000,452880000,766199.148292044,4091200,244391.513268112,400305.026861662,2628800,1146000,235530.183843764,105267.788086185,6042200000,95053.8216168047,21706000,140974.124411755,21074000,131622.957551312,5991299.99999999,10492000,1346271.87167234,729043.607911075,907010.152180913,3124600
PDAC_15_imputed_intensity,0,280370000,8037600000.00002,231230000,3867700000,202216.650271668,1.8725e+10,867598.830139557,765409.999999999,1.2425e+10,1886900000,41553000,537710000,953115.856704802,1175544.64689238,949439.41245337,761649.346273845,2575700,20074000,166720000,99123000.0000001,127817.01897167,241244.425278625,734247.286874592,496660.534678722,41058000,171651.698483096,248320.243246485,761960.266682716,56910000.0000001,19259000,405063.791348316,435347.308753897,376389.629318912,96466.2024608339,409812.881192515,287902.954774375,225853.61228669,277383.980277212,578949.963442606,1423400,9886599.99999999,728525.998326914,877824.143373029,10519000,238181.533166782,366876.959645659,807649.487423431,237699.233548922,221890000,44630000,219290000,91138.7931866571,495000,464782.688907229,351992.312902885,1741584.45171926,210744.12564495,257586.732846766,6176400,174313.23068379,47386000,22813000,147016.085157359,38098000,504870.000000001,1256675.61066121,1019274.31730243,9982200.00000001,1743400,414390000,3086300,219595.522752662,612008.780452072,86064.0854199219,34020000,1155700000,148890000,79305000.0000001,220864.105856333,224480000,17289000,431681.803545246,93952999.9999999,664419.477936243,3925700,211440,43142000.0000001,1497100,446307.995368927,544111.329820994,133610000,1574364.38280339,8290000,532594.97182568,126307.179283214,810938.954086881,3414700,423096.065683764,680973.746434296,511924.811845822,938377.811836732,579977.419826038,273789.809192276,3814300,522429.226523618,1023200000,248120.191681347,774181.085653102,1057010.99296251,67793999.9999999,429054.176368607,483100.858675329,5498200,302150000,57474000.0000001,576279.902835623,1961600,914173.460152569,188937.679266915,1206912.0764713,46007000,222117.358611622,350851.427894758,201150.76231992,406146.846510338,1296925.41856883,674800.595127318,200309.586418702,561198.56973524,88834.8345601059,393445.522228646,319878.734265024,118440000,73729000,56655000,211630000,338139.668026827,24267000,312874.886020152,265516.474478363,930519.055838229,169442.541466389,313692.316905514,368321.521162919,7241700000.00001,748403.925425107,11582000,493950.409556387,10006000,115117.240190964,7418399.99999999,700118.002783449,1264621.09975359,444202.663475105,44242.3140919581,537281.982614471
PDAC_16_imputed_intensity,0,97526000,3.784e+09,127800000,4681800000.00001,527306.19697907,1.7985e+10,3977700,774620,7705899999.99999,3776700000,104470000,435430000,333200.483690558,65844.6515081252,391687.68353075,6990900,2612500,44053000,251360000,135120000,64929.8415870448,213268.61233883,455086.892995348,100950.465077698,91256000,3315300,249110.53357862,1144900,63016999.9999999,14906000,89686.3746529261,84207.4790032215,466628.924918086,245957.734101383,110177.203938396,367240.110457131,149905.924432474,1204800,189700.071506956,477558.9222811,21577000,205738.430532721,100974.709520477,211133.918060986,2774300,1672459.31044612,163434.66794449,177652.090624648,323480000,26402000,286960000,4406100,3140400,6309299.99999999,297587.169921454,126675.982641495,219490.105480031,622413.195405547,9980300,12268000,113390000,27510000,296874.04923011,115480000,5100500,551071.695494259,242871.813053405,24962000,4581199.99999999,372880000,9026899.99999999,2280900,301334.170918047,158186.900721359,12585000,1709800000,102380000,124980000,195547.85831665,53227000,9996400,206600000,349070000,162780.793156123,6294699.99999999,1268600,29571000,104020,232232.482571727,273841.532080032,87492000,422756.91882142,8154200,63953.9106126449,437395.592677173,221470.62333732,6462900.00000001,198306.948259466,173160.614062586,470445.031684427,642822.854367048,669810.647442405,238706.058475917,2754100,256904.428203144,1317200000,332939.117678626,205385.810516941,85904.7054725199,87893999.9999999,397142.670895939,180162.776972074,6487200,162670000,86111000,105462.321488565,3047000,289418.821759062,309880,279908.22112486,53653999.9999999,146475.170058114,300627.347785658,133295.397618484,171858.106443341,207443.339802109,258385.307870532,587271.303527943,142967.463822973,310947.594460389,164060.266936912,173118.492625262,134790000,100610000,46288000,693700000.000001,181240.481948713,18702000,295102.84554337,1055128.99257284,80251.7633980973,694879.999999999,196835.0096184,1277403.54423681,5659400000.00001,246310.695979811,7236500,255861.076441624,9759499.99999999,536688.213692627,8397600.00000001,242448.614748865,6413599.99999999,2378900,1624200,8625900
PDAC_17_imputed_intensity,0,72404999.9999999,6902700000,232680000,2178200000,195100.081660086,2.0354e+10,2630900,1682600,5679800000.00001,4546100000,92497999.9999999,570890000.000001,5507800,373978.024027872,272631.653678816,196839.145285603,377070.087576366,51894000,174850000,62580000.0000001,258019.948401682,126320.362418131,196169.416026493,2243400,118930000,1956100,3639500,254581.394148465,58381000,23792000,639512.919217758,158385.24400284,111976.766538284,17664000,453238.398272819,130161.945065843,466068.091752103,6742800.00000001,399482.869328237,1095800,2969100,230578.283392188,568815.761765073,259625.471233311,3458300,7703700,113961.470035072,252648.436640655,261750000,26420000,98377000,135596.02142894,1566700,183506.994440281,284658.622226036,350544.80941358,380525.046308803,186757.541361336,32630000,19568000,61755999.9999999,18752000,161441.711890369,101284.895207582,5741700,250374.660854952,1269300,12817000,1240200,311230000,9605100.00000001,173280.660118189,222682.34812553,629411.436960107,10412000,2963500000,35137000,277590000,223843.83202849,114110000,10493000,648480000,144300000,549875.083684478,7277599.99999999,646480,5414800,65150,153527.990983695,1625900,90046999.9999999,887034.903456892,16930000,414401.223829196,402886.748494042,1089424.39252471,21705000,326726.222414839,396450.442872232,273577.806030507,915150.145169452,70005.4550971708,293062.571246714,382198.487951454,346464.451878512,528190000,6694600,138839.105960077,39560.751793292,105360000,315698.981336169,1149783.33017495,34003000,124670000,38553000,543078.696752743,2508000,86663.3289473831,695236.611102277,99549.802450832,46554000,477612.83194882,685285.320183725,150867.042538713,1054994.74715966,320287.039130716,181464.788177913,454253.995047893,269885.096779812,611913.972698531,781043.560331322,419055.291426605,101990000,85780000,69677000,275780000,273880.052012069,17814000,181821.03042128,475559.074250444,480377.103887691,734299.999999999,407730,18560000,7111599999.99999,74224.1469935712,15553000,416618.961371097,11529000,164322.974278186,11682000,106058.203235752,84729.2877221493,126481.085171199,2518022.34518527,1012000
PDAC_18_imputed_intensity,0,368560000,5461600000,258920000,3704700000,172386.472548937,1.8418e+10,9097400.00000001,344236.852886309,1.5277e+10,3842500000,77741000,575470000,2967700,485339.516753039,1223185.37945049,152467.216127588,3278700,36361000,190630000,92739999.9999999,2211327.22194367,117640,804550.131885615,640829.999999999,186530000,684823.736202304,735619.594798106,188621.236135706,56727999.9999999,69539000,630857.306732284,1266260.15827849,437556.117625835,271052.019356548,323664.626912292,1897141.95790321,256280.646697685,2107600,353573.475230629,260589.087373034,3124900,6446900,403864.222119422,1162536.90972387,2599900,691677.413136753,188490.542796011,988823.603277354,167250000,39756000,66082000,273525.753324649,707230,371547.723636306,400702.379739458,209772.982981882,299842.027909394,1387815.42046896,9462100,562416.199979193,60016000.0000001,41101000,415783.084469822,452201.784164063,3712700,69938.3802277281,455220.681782328,6426100,456439.094633236,301800000,50157000.0000001,3271500,1297445.3445616,505751.075766154,13828000,5439399999.99999,59298000.0000001,400400000,721079.525502067,47572000,77419000.0000001,430470000,1.58e+08,987244.272527131,308062.357155307,873767.789147895,36149000,959652.068507233,503847.839395502,255370.331153345,83480999.9999999,728601.133994495,25556000,309253.995123288,144305.503682569,220710.642524429,887672.152080495,846905.203519076,3868464.92954758,381907.450606279,1030524.36660683,599866.50070134,485593.808348134,524174.062454071,1554282.39992652,760170000,29072000,268821.326889429,95025.1372952012,50934000,1093008.29922971,588196.574326599,392129.037163547,226590000,64575000,307545.343123949,3022300,73990.5769103661,279678.840851502,339010.052147587,34532000,821083.183280094,241307.805777714,289555.49881483,755292.143922071,585018.148637274,469616.364663359,1526427.91694198,496111.391846398,1464011.26860384,434570.352203513,351646.814078268,77625000,123650000,85907999.9999999,177940000,627675.054200775,12202000,730494.308166381,3393945.02814521,849987.204177734,640435.44441717,540743.591142409,23572000,1.2926e+10,317220.977159943,294810.225955469,122280.55559438,924200,257968.829310976,6776800.00000001,456026.978099884,315523.169901774,843422.582085657,542159.585121617,1183165.07227429
PDAC_30_imputed_intensity,0,4264500,1475500000,61699999.9999999,2298300000,302642.714242106,4.0656e+10,837754.512094734,6559299.99999999,5739500000.00001,396130000,932277.665047479,131490000,477926.937026091,2538500,268023.834339097,4585600,139494.696688533,8868600.00000001,526280000,122230000,132040.425313557,984544.897592358,366479.820900652,287176.653320772,100660000,1081377.64760489,56783000,53066999.9999999,37454000,28451000,614028.075739331,7445100,1596900,59785000.0000001,11340000,397296.266085342,353918.655426173,9392800.00000001,32148000,380186.980217732,182800000,333155.686546496,319091.238356002,797467.343002758,8905999.99999999,9129900,5266500,437468.516959762,1455200000,15817000,1673200000,6456599.99999999,11787000,476899.925225106,1729200,17019000,9321200.00000001,99956000.0000001,5645000,324805.565294774,14556000,10048000,8608000.00000001,415520000,29200000,519241.39775362,514156.500570244,30874000,44533000,152770000,525488.830180949,9793700,2519700,849975.565910178,19884000,868160000,1328016.59760224,157020000,17275000,52128000,7931800.00000001,118390000,577930000,5278100,24903000,10498000,10121000,51684000,544740,53821000,449500000,58231000,7544500,9073499.99999999,4256100,4424600,224716.78209734,12696000,222071.611020853,198546.899838506,256976.551410589,799564.72063622,649029.155847157,20958000,182960.36270742,1.618e+09,910344.503953912,420078.972389754,311486.660664856,4865000,14253000,144356.522922645,410759.7018826,57034000,15266000,18192000,32420000,6955100,51110000,30337000,102200000,255308.50009323,10714000,3818100,16125000,5673399.99999999,359198.886681291,216172.728875914,517817.968132549,368506.437610486,3598300,335917.01357301,37109000,24173000,20044000,2037500000,11965000,11794000,532430.91157958,601610.356031118,15263000,33430000,13435000,541530.265656053,2895200000,341770.772913189,9252600,6246000,1913100000,179721.776888705,2374900,26276000,5562000.00000001,13205000,6348800,12111000
PDAC_31_imputed_intensity,0,6443399.99999999,1.949e+09,64466000.0000001,2.886e+09,171803.718530995,4.7107e+10,241613.003568298,9370800,7046900000,960209999.999999,452175.435788168,144020000,2125751.08046797,1782500,630354.948238223,4222600,400522.014603574,5139100,355970000,131030000,250192.173484995,539670,189841.849209294,259305.862936358,142310000,191289.915258472,46705000.0000001,2957100,12690000,5816600.00000001,308394.651772132,12521000,1743600,37010000,15281000,183587.407911642,161910.889660311,9326399.99999999,23882000,292307.48430253,323970000,172212.330234609,87133.1409086174,98939.9698045853,7507600,4989700,1784900,135706.864296875,880239999.999999,16374000,1930200000,7932700,2011600,677736.360953887,236300.422787034,15070000,8390000.00000001,180200000,3500600,229939.26376838,17581000,10180000,7849800,794470000,21444000,775382.15167388,1767100,21961000,17637000,207990000,397426.203477998,9294099.99999999,3044100,261276.674762257,7276299.99999999,1.762e+09,28978000,154860000,307386.300759004,50546000,106412.330283633,39010000,1325300000,6910799.99999999,40213000,10554000,6152500,564350000,404510,26184000,349610000,31226000,4371800,8138600,2495300,4729500,427788.372530739,9457000,502157.349815537,1861500,188537.271287711,208011.933584614,166824.489728348,24179000,52753.8796604812,822560000.000001,493273.120204044,395935.594010454,419378.35097348,11915000,6806500,485683.220117421,361376.757308878,66887999.9999999,16737000,21436000,46634000,9723199.99999999,82934000,40770000,153610000,159226.834542099,4897499.99999999,3405600,14088000,5989700,86720.8083958827,277163.505691908,657045.277408283,169967.380027197,3625900,333395.54447347,53812000.0000001,30866000,17766000,2264800000,9949599.99999999,15736000,243187.027779434,167534.424247568,9398699.99999999,21944000,15154000,802930.084713869,3251700000,4869600,3891400,7046900.00000001,2169500000,4845000,2605200,21324000,12443000,24589000,6119500,23216000
PDAC_33_imputed_intensity,0,267055.977956792,5.35e+08,41714000,1987100000,225122.166720597,2.171e+10,212252.791092523,29335000,2.286e+09,562576.772740385,562020.102537215,161300000,758780.563265381,111293.327766623,589032.576074965,7871700.00000001,257001.148333026,3318000,1005800000,89722000.0000001,318526.132029907,2393900,3981900,5730400.00000001,116410000,935791.920641618,42539000,518870000,13965000,8180300.00000001,176862.395486224,13810000,1428200,41242000,32480000,595792.433145441,598056.574123167,18629000,21072000,233187.729615582,274460000,1054684.71298182,390653.851980278,861903.283564191,18104000,3829400,524424.343713445,295885.361753158,2750200000,7941700,2163500000,337112.268214707,17748000,899053.498250754,178088.121587539,15679000,5404400.00000001,101830000,1628900,1023905.8392806,5120200,6123000,357047.851914858,585260000.000001,35715000,1315200,636221.632399345,53060000,49342999.9999999,65231000.0000001,1000384.47206841,17840000,74555.0242245373,297940.129121301,6012800.00000001,1.346e+09,26738000,106700000,283258.857199649,14081000,425209.650860484,32921000,1281700000,109280.883146169,23383000,24622000,3877900,67852000,341412.056807234,39722000,335660000,42556000.0000001,407923.410093217,7343199.99999999,116600.501000028,5606200,788259.576808416,313989.533994831,576566.321697415,327341.019054677,4747600,142426.530239768,1475900,34218000,219592.520662287,443330000,406054.23633645,506063.159125403,277649.549920442,8012699.99999999,11894000,274849.755488958,850627.343767254,24083000,17960000,34055000,54201000,9009799.99999999,70444000,53766000,946569999.999999,4437800,128383.651836328,2347400,17369000,8567399.99999999,177214.319504749,319758.308829896,928276.274029924,125330.241803419,6131500,554184.968340495,30258000,15966000,13386000,3163700000,7885600,667891.112192116,265652.83728327,1195527.62781983,50542000,17146000,14513000,356712.206613086,1578800000,597646.314688208,26908000,3404300,2330300000,11704000,1963500,15269000,4348000,33554000,6835700,22349000
PDAC_34_imputed_intensity,0,40524000.0000001,1513900000,61329999.9999999,3141800000,215702.752738755,45633000000.0001,291751.733361953,659150,4804600000,1541500000,111440.267606478,81058999.9999999,104980.834363588,428584.794460258,1180957.31206131,363248.591346148,324298.413534575,7570000,655390000,110530000,515749.527620946,382483.442741322,292164.018365129,830589.677654297,172650000,194936.372347748,18344000,163311.162129345,28938000,14222000,416373.862657734,2275800,110845.753626484,19753000,374073.219860146,204307.335332347,217033.246503327,16617000,7185600.00000001,553083.989994177,65858000,113222.693798477,200215.216477486,130841.2384844,6828000,3931200,5037100.00000001,645692.723114743,777799999.999999,13402000,1349300000,6841100,32548000,203862.344679921,229105.222979225,5948900,3815800,8719700.00000001,3161700,218897.323678273,26584000,13233000,11949000,420390000,29896000,517806.42263335,185627.371388402,19191000,17427000,202510000,155253.366522439,9126700,2835100,8469800,24333000,2392500000,53623000.0000001,130560000,218537.72559769,34478000,10592000,138830000,959780000,531976.587822151,14649000,4314600,228205.367551844,51731000,609500,10655000,286140000,56160000.0000001,677603.13428167,5651400,291721.485386142,4227900,276018.084245679,228467.511403374,305806.279535107,200370,1408698.75525532,352306.592800429,147571.997364111,8616599.99999999,445195.611971743,1124700000,189315.873888093,108227.836495822,224211.728317508,23030000,6901500.00000001,100882.909611386,4211900,55211000,12063000,21942000,41641000,5017000,34079000,24147000,173860000,276748.10264012,109082.063676758,1219470.44303848,22402000,5090000,418981.437982557,392391.421906015,279114.040405102,383116.713281474,2428300,124839.920605327,50580000,33413000,20355000,2161200000,350477.215445898,4977800,364224.370306119,615939.502924629,3618400,12139000,6832600,524185.869572032,4276300000,3471700,219447.30886943,7178400,1205800000,11510000,2875500,23187000,425845.921532715,18066000,3608700,25648000
PDAC_35_imputed_intensity,0,261251.074058977,640349999.999999,51035000,3.417e+09,237218.169888532,1.7018e+10,314898.348364268,6461300,3141800000,334380000,207714.631690632,251800000,185116.799582104,388131.205820166,594697.940941493,154333.440389244,329074.013533537,3466700,577410000.000001,86820000.0000001,343766.231751453,7993200.00000001,4365200,3050100,107080000,626127.82460513,15396000,7996500,31102000,7174600,207326.849442094,8047500,2375500,111696.297779494,476844.802287191,430993.564533728,289769.494596912,6264100,20638000,169463.506129995,73563000,2718500,81382.4233388595,7433700,7333800.00000001,13346000,543879.027403886,308230.42317211,1.416e+09,12554000,3.766e+09,6254600,143660000,411591.006359157,111690.365523546,17435000,1571400,8175900,1484000,9996400,10332000,7948000,7991999.99999999,377400000,54775000.0000001,262887.671570942,6522800.00000001,100620000,58993000,88136000,254769.464562638,64601000.0000001,2270600,12170000,54225000.0000001,1238100000,377486.948801652,95797000.0000001,1895700,15973000,3276800,54489000.0000001,2331900000,269286.276556454,44542000,40818000,10017000,386530000,970539.999999999,30090000,367990000,57950000,7268100,4925400,4921500,4667000,108747.245197637,282129.47459448,276004.858178115,236536.265924402,8344500.00000001,124227.252668069,1655300,32108000,12124000,423520000,315329.306525674,593191.253921948,343173.755692561,14157000,41904000,262508.749933148,4511999.99999999,33312000,36427000,26718000,48270000,4973500,50847000,16073000,173560000,427665.119607548,525742.938230404,439817.719461882,34101000,6426900,252077.81625149,195566.634597107,710837.290645132,327723.826162004,34095000,166504.907513304,31063000,12444000,6110300,2599900000,14607000,7448199.99999999,359537.028708792,407064.510865718,23869000,30196000,9227100,236179.686446881,1.554e+09,6308700,3331500,8990700,1463700000,11112000,2409400,14417000,6331500,58070000,14653000,57792000
PDAC_36_imputed_intensity,0,867352.041222219,1733700000,42966000,1.874e+09,182014.237473538,2.0711e+10,881812.549047701,2330800,4.073e+09,534860000,9145600,117900000,121237.620608429,220436.611700857,152437.500121111,42994.2177070562,97051.4804905941,7095100.00000001,1141700000,133940000,251569.955234192,1599400,2103000,2376600,80855000,361505.129717728,27345000,211021.410022256,29080000,32640000,505694.764452964,8053900,1702700,695629.084147584,314468.591229766,2503600,231989.912369373,38295000,7082000,156242.322440541,42637000,404293.089390595,7513700.00000001,2543270.21154565,15221000,10301000,6453300,253381.538528374,974979999.999999,11946000,2084400000,5325200,39813000,947879.645052336,327654.88167105,9681199.99999999,3899900,20769000,13729000,4338200,21185000,8927399.99999999,6962099.99999999,695330000,7297100,294940.352865023,2925100,75775000,36290000,108880000,390737.244633317,51964000,2805700,186116.476654856,56727999.9999999,1362300000,25092000,125410000,7497700,44806000,6654199.99999999,94399000.0000001,1261300000,9520300,22920000,14109000,6632500,145990000,1659500,26589000,506500000,52089000,12291000,4857400,4274300,2940900,269341.697941162,480854.234914007,172118.148601242,192904.994392195,343358.293653764,5889000,1486800,31473000,11390000,1099200000,14415000,538190.470248527,1052183.25022406,18162000,3227400,235074.184060146,339600.514406306,41675000,13567000,25653000,49396000,8244200,46525000,12728000,69241000,1572889.53509833,8935800,3508000,15810000,8476999.99999999,180708.579610604,428615.699248142,714576.831185284,438458.436039895,10239000,212441.972802507,32965000,30239000,18314000,2129400000,20526000,5308900.00000001,597760.419175245,366206.289313203,5699000,19047000,8038800,2806400,3052800000,3691000,4080700,3479600,743529999.999999,4365400,2352900,23377000,35380000,97766000.0000001,18875000,186510000
PDAC_37_imputed_intensity,0,57235000,2.1136e+10,88693999.9999999,1101300000,166851.012680704,8794899999.99998,431523.300273985,147401.781788409,4445500000,149520000,12633000,191710000,8779899.99999999,293350.148226814,55822.0003524328,159448.020241631,324930.925942527,18015000,2.06e+08,146060000,315424.602040384,737600.000000001,441971.221847749,54521.6227280184,1106400000,1598000,1439600,220720.451781515,24738000,71418000,5828800,361137.303161209,489143.538456985,135938.385967133,177686.908907004,236096.104519727,136503.184275613,243342.606641148,686955.600399389,392628.675917804,93633.5138905156,200854.99605536,381242.418944478,5883100,763490,4906300,148268.966494051,63433.6341169768,23231000,13765000,10461000,4250400,781382.409654585,258447.895102783,548485.356605735,91848.6329444587,224780.807442504,2146300,758400000,445554.574417024,200790000,7869000,111456.002196014,112744.671522107,346064.188284999,299375.037804892,192843.407995117,78997000,248454.60828364,226970000,72142.8246560124,89776000.0000001,423681.134369023,353385.315665659,13778000,1.7179e+10,57019999.9999999,1415700000,22172000,14679000,48575000,685849999.999999,51873000,188144.418123979,67746.1159435139,462540,9381599.99999999,17899000,471008.89040254,689474.202979211,54468000,781235.247463219,24939000,244769.949019889,528745.914900848,158627.231542948,2983000,187986.35239105,331983.397591729,213342.01208523,149959.480198308,8611800.00000001,559320.657354061,229165.078994448,101426.600671266,489750000,46873000,166868.505053593,643906.340943646,15018000,1012408.06584806,114192.156488317,317759.327216415,97916000.0000001,12426000,578049.597924178,3274300,550894.249904778,162123.654145424,102215.552570021,225735.839992915,279396.644139863,9944999.99999999,633662.63148793,816224.081871644,79128.3383116088,227630.461226426,290495.813217942,483884.455179199,120809.136667169,202701.905764821,219859.601567696,52695000.0000001,64306000.0000001,41531000,254160000,1018987.36508058,6518400,523831.490085047,918745.675360709,8583299.99999999,554440.003256663,137318.74777395,20065000,5045099999.99999,100379.239084204,1116581.83069111,188598.456259864,897791.655352129,410485.379952749,5301900,251028.395706281,12010000,25230000,3867800,14403000
PDAC_38_imputed_intensity,0,108310000,4780100000,151480000,4958300000,532151.750088264,1.2735e+10,104529.297860105,806620.000000001,3864400000,2.812e+09,86112000,429800000,3098300,1821300,1890200,1632300,509913.405330587,42339000,332570000,80139000.0000001,277977.346241253,1498300,526155.256775451,3056300,43817000,3988700,2926100,1289000,44017000,12105000,6972200,263567.998067791,128607.487660355,294980.966249321,340573.943965508,138005.00281854,366864.25487387,1915500,350108.340807063,1719000,7274299.99999999,207823.374963648,503524.308267787,4803500,2440700,4395400,288502.553620296,78649.3681628091,427580000,28515000,206010000,187137.187926773,791170.000000001,586864.625496903,229945.21466937,195489.392249197,310376.992519728,711814.299194604,19436000,194897.328206225,113960000,25639000,314897.888054478,49012000,3333400,421330.190077853,719190.000000001,42747000,1679700,212400000,182780.640240323,9890900.00000001,395083.012805355,309994.456733053,17884000,760490000,91995000,118730000,9020800,76008000.0000001,20059000,221520000,269600000,749321.009504479,10983000,1245300,16472000,899470,307842.654071351,289219.181575573,107270000,177256.19455754,7497199.99999999,653009.389407715,704880.947674211,56484.0786997087,1248677.3445872,315910.004400222,330513.974256687,332008.250091977,223960.302689817,6140100,226201.879547834,2974100,181557.848734041,983870000,19923000,834907.317345313,1128895.05799523,163020000,115536.747640551,8454699.99999999,13836000,105260000,27323000,121674.264764332,9998399.99999999,150591.585983966,612944.841170951,1067527.83466506,119390000,876162.372754111,301317.597996754,427648.462031627,2511800,212596.978570159,191296.257283958,252132.047359681,730258.436150288,426559.870020246,516592.160967484,157824.978412377,103400000,123550000,57837000,618620000,195993.901078783,13131000,892646.098073434,195518.841947111,374129.739138255,290635.063419213,256924.912865061,69471000,5576800000.00001,164890.460240873,6439300,235341.525230197,19680000,565114.499676584,8949399.99999999,206343.776798966,12604000,7719100.00000001,3095300,63480000.0000001
PDAC_39_imputed_intensity,0,4999199.99999999,2726300000,200310000,4189900000,223702.123117687,28732999999.9999,162554.327560168,237115.701426569,1.8687e+10,4601099999.99999,48926000,918540000.000001,3428500,133679.651881314,375038.909990579,287645.869866792,4106000,30921000,115100000,55748000,344455.277022145,511312.606571799,291254.169535629,63661.630508074,96852000,2036400,636068.782290757,127660,63174000,19097000,135959.686712362,529630.099136389,397732.868615942,296869.155945598,325023.553351154,121910.294964294,37943.7998837621,1670200,544564.845075681,402001.431715116,1405400,298072.57569823,192149.872992847,7771500.00000001,6561600.00000001,469611.911549501,154473.535336805,336354.486475235,449560000,33606000,84325000.0000001,473530.777981034,757557.060829256,92780.4703806922,218746.563613624,58938.5509175711,586149.95964862,261271.930026446,6916099.99999999,38164.9435047999,77407000.0000001,36527000,958068.903503457,131751.246853735,10686000,727749.670985471,1113300,7357700,1277500,473470000,516736.676006935,1020707.1837399,93068.3833667058,339358.634634983,15823000,2281800000,105770000,187420000,416084.779624323,92141000,13407000,129280000,79253000,39394.7303174372,401877.061210868,146102.281974747,32849000,726700.000000001,103352.839765946,412321.057062514,157810000,121706.105743049,13635000,426471.825199664,401864.285274004,1136762.25484478,6949599.99999999,726581.371720119,224213.615364511,340037.433994116,289321.352221649,148952.814875113,461069.769249287,4084300,225141.701205963,1297400000,26653000,219891.555315296,509754.022473886,82119000,268648.182700286,493788.553688738,785841.322642894,219770000,88088000,154347.910508449,1980700,298224.503856259,86186.9137543921,329187.491759621,55124000,306078.604123062,573579.910644273,285748.698868607,1902600,642632.337567922,102995.438510671,224415.625800965,954003.449985008,501796.796024701,272816.204302745,237883.112530836,113720000,100930000,79808000,300170000,1011784.84384571,13919000,273395.370129405,273667.465360233,971726.968760915,311455.111601564,319680.376089309,14221000,9940800000,454294.376544687,11824000,97392.9427713414,3770100,265124.606284023,3879600,921319.265253646,378509.104505111,273566.028478713,171688.785144732,147576.324616785
PDAC_40_imputed_intensity,0,502697.66545174,4016500000,153310000,2869600000,349321.932075583,1.5416e+10,2289500,223233.040419045,5680899999.99999,2.207e+09,178620000,652950000,2320700,687652.216818059,456571.91928028,262713.147032851,687810,36943000,1.18e+08,47497999.9999999,366671.661676039,22514000,198163.078798533,1316900,65077000,1439300,1945200,200607.972869365,77174000,28391000,10142000,445006.947354198,408594.264124511,9400899.99999999,104119.236453402,351926.776316891,112545.119381653,2624400,1630900,1805600,4971000.00000001,142714.573093405,196674.812521174,8470800,202218.386071771,1520700,249377.290693133,207198.880541497,156780000,36245000,89651999.9999999,502960.04739891,292210,198325.385361096,368424.805490067,311677.146097083,235314.749782536,218054.238404709,29596000,253851.074061669,58018999.9999999,20057000,227461.066362796,406858.457691862,3858800,111729.565100784,232567.831451119,7752799.99999999,3057400,330690000,174024.934013006,7331100.00000001,486146.23488091,360493.153715968,17840000,1.578e+09,33265000,95267000,4020100,91039000,27619000,99400000.0000001,106750000,301871.348316427,6203300,733430,5776200,615149.608271306,143628.002143624,307373.829628644,118040000,313424.208666712,8889500,145792.84728668,171673.314945068,177884.037964723,2679000,211594.974367203,234081.639688943,210435.275718918,385787.895377931,232820.356937666,303987.238285751,1081200,253163.139622027,575280000,7832699.99999999,526289.811028344,13302000,91858000,277195.413355614,8027900,12144000,125950000,47225000,95727.1910464911,6767300,322679.365971905,96063.3203225996,856972.527761046,10497000,256985.666946512,337799.681683779,129141.285632544,1504700,97160.3287788082,133653.729039704,691117.673334902,131587.03279754,291766.870203376,327904.027345929,204719.691675734,81787000,107970000,46949000,435510000,460914.864116125,35706000,540425.936350063,216171.43496424,3817300,151243.561060421,510000,92361000.0000001,7079099999.99999,2006400,6356400,322055.340746563,406160.141560758,544562.292789255,12534000,1208600,446628.078142934,3836900,2111800,11602000
PDAC_41_imputed_intensity,0,98922000,5.066e+09,198800000,3651800000,270276.354043329,2.415e+10,1209548.69511823,1711100,1.5677e+10,2973800000,43750000,443940000,4854100,215004.012337086,274523.545019839,142190.042676614,6496600,27999000,91642999.9999999,105430000,151063.736329772,4210100.00000001,181790.399820878,409897.600465168,134670000,3111400,2111000,142355.893977297,86177999.9999999,22358000,2758100,90772.0664825164,654740.058694678,173622.662199752,238845.3151821,130233.128492379,576444.228743099,2498800,193145.075238371,1086000,12825000,224489.646459321,238732.557283535,13483000,2470600,110662.264817191,112208.257324809,417616.507383654,274920000,33720000,65348000,144950.661617629,249356.008922288,230781.358851998,435902.613561451,663247.69018811,106028.865469528,188240.879120713,12538000,892609.469754866,58439000,26798000,177799.797329692,284390.409776343,6610500,143056.876236093,225923.400512469,9181699.99999999,3933700,453470000,64854.4628162853,520026.692309158,68730.0214735657,734989.968783239,14783000,3508900000,158950000,258790000,332811.773417887,143490000,19069000,228230000,289150000,317868.708623479,2009900,231376.337542159,37465000,73844,259493.781916045,201886.710382382,151700000,490374.300956595,9490300.00000001,453278.451534876,142899.81837005,517940.108160443,364738.10771675,841423.194563737,510218.54221938,283410,215973.168239657,4418300,301682.332174661,986990.000000001,475925.160215631,483190000,24487000,487954.166172682,866471.54627835,50051000,7792000.00000001,169503.830057512,5074800,273730000,71453000,206527.243673892,7687300,277236.382066501,402307.261190699,308750.080764133,113180000,193489.026777918,2946400,188094.737693342,313223.348630452,978308.353425816,85891.2300316537,452465.15941106,448757.047547431,411627.925874518,325405.23340078,111790.638179959,131090000,85078000,71984000.0000001,393460000,133279.454126826,44878000,141429.627333976,290938.68649404,5258100,984300,108012.183415507,54697000,7138900000.00001,550479.081433333,9681400,260602.463075255,9916399.99999999,761987.330688045,7438600,423650.265396709,211535.240921969,469256.084727919,238165.468655414,3671700
PDAC_42_imputed_intensity,0,166770000,2673100000,205600000,4155200000,203936.990029059,1.7027e+10,377866.109899228,142686.967188449,5034700000,4984700000.00001,59522000,327820000,5774100,374111.354082908,188883.138781248,317778.868946446,1597900,54660000,453410000,101530000,186510.611297588,2456200,678954.642397734,1246800,90140999.9999999,2019400,2567000,2187300,68221000,25296000,214993.319008898,314718.940902902,138200.516889934,857030.408331415,154090.706562767,460700.543118974,1541912.17885262,179456.797620514,194322.097227527,1038000,15954000,307032.59751885,276393.659716182,3263000,2757300,312709.362243171,174931.752328571,94298.0744509738,319120000,35226000,126800000,4953300,205611.92483924,178247.8591561,128185.408446399,193428.101471633,147021.814899676,368869.692683622,21118000,273231.38404947,103580000,38795000,1066696.42809318,143174.868487156,8128100,307573.555679906,325232.669112576,22458000,4709300,317360000,591238.748609041,139030.154029531,123824.136626858,141086.087558,15290000,1782700000,122590000,177840000,270428.179796995,58492000,9488800,165070000,258900000,355380.785315771,8225799.99999999,1204600,24948000,6774700.00000001,884246.523583448,805417.377380632,134840000,3843200,24922000,414535.548326467,178378.842367457,241194.117278385,6489199.99999999,230711.935425147,249050.855910791,161569.139424883,690838.925392103,251232.885212824,412317.120986233,1878900,271719.793758114,1.529e+09,20338000,54475.5263923227,206566.158310986,151960000,482856.355811863,314930.766204544,15204000,109290000,73131000,317053.027568912,11350000,241869.13541144,3089300,188943.105726081,102080000,121292.549955942,751667.072911743,133388.530937189,1303500,418377.190130794,171909.107846206,403603.822939416,321086.352316677,123355.549571998,41353.6183198327,570020.705759613,65008000,98211999.9999999,56249999.9999999,513760000.000001,271895.698553265,22837000,1102453.02969844,305617.144618214,3807300,1124700,369620,38319000,4493399999.99999,277023.455527407,8530400,971188.698579577,34341000,252004.612182743,8142399.99999999,173446.235493548,359899.067399708,799678.347428248,358686.220310082,5001400
PDAC_43_imputed_intensity,0,78039000,5252199999.99999,228240000,3773900000,622595.566394264,2.1722e+10,338704.724993388,843298.717429575,1.0518e+10,1208700000,57453000,805190000,150377.214026154,437141.779516374,549106.872932961,156358.415485139,1516500,40995000,76965999.9999999,51045000,120237.3380036,3880400,589371.400756408,324028.396431755,51736000,207318.417125671,1146682.70951112,88707.4914221922,94978000.0000001,22100000,2744400,788323.411889378,82000.3159135105,454286.842265258,37359.6937683487,437999.581846779,550389.320605448,611170.970343729,97942.6947475083,1330600,86903.6898327452,484752.138922779,158653.57441923,11927000,2325600,103582.543391483,193917.95762912,315823.783602441,105700000,55873000,81707000,152722.841554325,268460,243519.506432174,88088.9422501354,202893.286702451,493120.131389583,499920.469412933,6148200,120051.43861638,52981000,46640000.0000001,283815.490525778,111576.381875309,141550.377414501,225297.887597318,173922.049628801,5369700,609149.999999999,381870000,148171.775883741,698660,562487.943329471,350462.360901531,18877000,1798200000,137860000,162330000,18629000,17854000,22338000,343560000,244890000,191468.199515866,444089.995390505,458954.976226419,18958000,3497800,221135.774122575,103466.596178546,88960999.9999999,254403.350096438,10498000,1198277.84117303,205782.291808414,417573.344019111,584555.069007088,171369.549171001,476282.663113076,290230,275990.967065713,156721.566133566,1137757.77107258,392378.501296711,214715.36609229,492490000,19236000,348860.596549928,187240.200863604,57910000,86447.9865327271,262817.430829175,8504000,171160000,68674000,145634.184553665,1847400,1465161.03199721,249219.824208144,261780.300527065,162134.143570565,525588.913886814,458997.30975787,69492.3017853224,1625000,526569.711270194,170096.756296518,246150.060385402,104102.157291217,164866.422086662,522518.266058414,80714.332510206,98299000,62734000,51936999.9999999,242250000,109344.578002329,23839000,247615.448490875,423378.620927386,407176.491492222,123604.248279386,608280,11786000,7872899999.99998,382846.79554955,776608.700820583,267526.157991331,12151000,270257.45761265,11870000,311327.558253477,294324.511669956,220424.2251893,402989.988616113,122681.818860946
PDAC_44_imputed_intensity,0,61982000.0000001,3385700000,143730000,4.362e+09,424838.624270592,1.3016e+10,394571.205710373,224684.4138562,8016199999.99998,3504400000,108720000,321490000,13853000,429346.457828041,57870.0071224862,249847.099560945,1642400,40100000,249060000,160010000,2380844.32332086,2425500,257122.823995571,644530,112840000,1849200,2721800,240925.194368043,28346000,26414000,3807200,54093.5956584233,402166.232332768,816672.144234765,265241.857053653,297649.30492764,377906.3580769,100695.972872586,152793.943290462,215595.574612729,5463300,308636.236050827,268632.885228532,261751.020750523,978210.000000001,5413200,284289.113438216,311847.876853103,420560000,25472000,128450000,524906.858864168,373851.113702376,119561.615309387,150887.76208056,266509.949093149,287513.504352361,80666.9593902542,7722499.99999999,235211.009853344,82000000.0000001,35954000,228588.539869583,281363.158285993,5181700.00000001,250558.050976982,804414.22242205,9397000.00000001,5621700,253400000,258192.759816163,560415.119692961,260270.568405547,253535.758513793,13369000,1.952e+09,31427000,134980000,161890.632522704,157640000,17728000,142640000,191100000,206279.435824502,3216700,712630.000000001,25307000,55685000,205540.913728338,51495.2112328147,84920000,336991.205440786,17931000,270768.875252227,150940.313316117,448681.942982218,204349.233740223,342890.332782915,171896.498343157,151830.468856106,133531.732372606,167011.064152559,85054.808243099,661130,233600.351354337,1.376e+09,26802000,164459.24972899,934920.693609395,69594000,191939.016115572,229818.196579137,329763.580148539,171370000,42007000,349980,8131000.00000001,135503.859512358,71318.6483706998,3427100,269590000,142439.23555323,125156.699872825,310789.231103119,779503.973510427,710361.087159629,132972.769215872,352089.080201162,479729.861280874,317717.195058332,265984.519043728,143083.33597308,91620000.0000001,104550000,69720000,438690000,365074.342575519,5624200,355492.436051304,290939.080002458,4108500,469690.611400316,179461.216567437,35927000,5586600000,117795.244913474,6323100,537470.019700718,9539199.99999999,185689.928743435,3555900,89667.7020823287,303684.716295913,1692600,578100,5583500
PDAC_45_imputed_intensity,0,126930000,3772700000,157380000,5680199999.99999,88843.7653068427,1.9366e+10,132590.91750926,600750.002229284,1.8381e+10,4230900000,93975000.0000001,547520000,4531700,504246.309004697,286436.213471843,111296.888367393,7233500,18434000,641060000,66934000,90551.7568697734,3433400,148381.043014539,983992.253499938,78335000,2604600,3461800,172031.861096913,50877000,40074000,2320400,2273300,50813.3252328739,204870.848360482,203672.693197046,90939.8162533758,586773.003741197,2135900,1348300,1319800,4346600,161052.645394294,140842.533862261,4963500,137995.359232552,806489.835540141,200278.509214493,90178.7803966367,173160000,47799000,56530000,157542.89459202,2789400,285132.126842903,45378.4650409802,342126.213017439,247115.187186975,593676.513478867,5966500,194739.747957298,69451000,21097000,414800.898967135,109370.988284824,5866300,164723.77582545,102665.594894841,4807400,1970400,511970000,807404.053116953,1358600,295409.9857424,172221.732641194,372174.478155967,1858400000,134920000,141490000,14744000,67639000,43433000,53211000.0000001,192100000,185443.01468986,297690.135329758,124810,57381999.9999999,383190,223439.813154291,2364100,124060000,541909.147550507,8077399.99999999,371332.159100204,144885.927817838,478089.390425057,2923300,133605.607032685,338762.675279548,230159.577828566,77357.7847788608,267429.693613481,721460.27314713,683129.999999999,235407.272272394,1132300000,14058000,581890.324915063,40697.2154254945,87125000.0000001,219518.962034247,640730.421730728,17569000,275080000,73296000.0000001,119167.738161896,3683000,248019.050369313,135256.302256386,161245.460609113,45970999.9999999,531495.028106461,343609.477303082,195460.845444217,2911000,361022.228008306,330380.39862327,407292.63624789,133315.648511182,119829.631721882,91374.3972026565,103642.157263157,111470000,75118000,55418999.9999999,316430000,90377.269670396,22446000,243530.850030144,178554.605519384,3725900,407115.231109293,406932.243628406,27718000,7209300000,226260.09566277,5357400,90180.7142171771,10192000,101239.575908646,5026100,145570.803095443,104922.735627139,369876.715214022,145364.917753238,1269600
PDAC_46_imputed_intensity,0,306041.14628799,4581899999.99999,169900000,3.745e+09,222534.353962478,24046000000.0001,2815200,414309.587311089,1.1238e+10,1540600000,38891000,877320000,8121799.99999999,144007.168102631,200429.086223528,115168.51969636,3907900,33886000,120680000,121880000,228909.413535852,399496.496455675,285661.702501608,1704700,176230000,1023500,4116100,745506.012948117,30569000,26478000,3365600,350413.059392181,855587.648468689,225824.044156038,617883.479774005,206793.381551726,201852.574095664,145928.649987373,376603.508843396,833397.892671882,2391939.67675513,156983.187600777,419294.771553327,6506399.99999999,1254000,423364.480308999,958892.001044226,475459.062174683,207880000,41348000,76907000,453947.967685506,364300,224385.654419917,359088.235883514,512248.153138194,1373948.13992029,314577.319094685,3082200,10805000,76763000,30731000,397332.93470242,121671.326055157,2889000,341035.63706845,751674.283623547,6680800.00000001,1460400,488840000,6804700.00000001,3139900,995316.220911255,802397.485853773,16917000,3833700000,85800000,246210000,318035.353801306,101190000,93312000.0000001,401410000,131770000,209271.981309881,9196400.00000001,733785.549575699,36534000,12749000,119484.369742383,364812.377112143,163940000,102471.628183555,10403000,371650.552462353,795135.577739519,1229510.35893182,3311200,417562.723333179,670536.042913734,807944.308227634,311576.661735199,349365.60145722,524392.907980986,1406500,120225.670428689,685310000,48132000,620777.756514354,99874.2313550567,89478999.9999999,743143.463860449,9727900.00000001,7149500.00000001,302310000,55810000,171163.277795934,4241500,268206.209252077,265567.700719176,171303.433796675,33568000,1671755.132869,478413.642656629,424118.529326535,1512921.56442662,106802.180277336,229739.309861416,117498.265147511,207395.794581707,567715.077956878,312238.817813841,231255.583931923,107960000,139200000,94285000,398970000,339941.671135026,32444000,990121.1358214,300430.601794654,252705.596846984,233809.765614539,574878.67754702,60549000,8944399999.99999,239029.525019074,377274.398867982,993771.608895415,9613100.00000001,189659.076752499,10930000,119000.643535576,276558.107111755,280955.940780309,239020.006924789,209166.935457966
PDAC_47_imputed_intensity,0,84289000,4419700000,185500000,4310799999.99999,80696.4604337304,1.7101e+10,123258.668034512,636237.555595988,8115499999.99999,4324900000.00001,108540000,729900000,3589700,598888.066267122,93003.2071425433,523990.834807143,2015400,42914000,331840000,98041999.9999999,1149945.53792952,2400800,183718.311306023,638566.912896891,116330000,392187.375230191,2859200,290834.701179206,73762000,18993000,8272200,92397.138668636,166658.513663942,169095.966675859,128686.942649728,104859.827807371,410255.434730703,1537600,1899800,1575500,3189900,5577800.00000001,151994.26020971,6918599.99999999,202874.180896878,3636800,78060.8146405712,589560.953814422,259330000,28427000,55215000,141671.721972169,132584.175804972,49790.0076931726,243360.74111244,261477.003833347,135339.572779593,183822.18699136,2776400,342002.323065514,50751000.0000001,36344000,491214.772465753,311477.910468724,5066600,180146.300648261,82180.0711217576,3770900,2515600,426630000,561641.363943413,156503.444014814,183393.123071044,159783.966310194,400044.267233218,3255300000,90536999.9999999,192740000,224547.078941428,75038000,8646700.00000001,110630000,294590000,170122.639001445,13427000,485926.954665968,22245000,615010.000000001,159564.655551321,4250200,73387000,2369300,12140000,321137.099569392,212412.748192062,263923.062854501,4185800,302831.834152691,353078.275233769,236842.443516296,190790.602879105,511017.175632658,247311.351441379,1059500,1073734.98275679,858720000.000001,249813.898993131,446345.968510852,2680100,76278000,102943.196071178,232350.008717625,7581900,150170000,77326000.0000001,620101.708864126,7135000,195019.66617785,1292900,4331100,104180000,272557.867850428,95517.7247966813,166021.715069245,2100900,649371.403606946,175752.284048964,426483.741333512,520405.746984311,103613.06933383,253032.326977541,159842.06869742,97648999.9999999,121690000,47015000,341020000,194840.047790432,23896000,80853.0226931772,276069.081986459,3646600,777330,851330.000000001,92446000.0000001,4656600000,176565.418156922,8177299.99999999,265554.587934543,8464099.99999999,390173.987235051,7390500,254299.080218044,166374.415426369,264169.898829087,77161.7037104253,6134600
PDAC_48_imputed_intensity,0,1359439.88815189,3866800000,121970000,5060300000,307053.653197823,2.5237e+10,859645.779343307,320762.232719552,1.8344e+10,4774299999.99999,52357999.9999999,425330000,5813600.00000001,477854.314784958,227677.190508653,276869.471808739,6468400.00000001,17391000,185500000,65381000,375554.786284631,3670400,69448.508766363,1032000,134540000,2321200,3666700,160122.784858438,38792000,56926000,16318000,584829.282728194,530517.660339357,167713.266017059,159894.499217495,380643.549741745,129763.171209871,1855400,153703.446376539,318095.506869096,6624200,407568.955125713,434045.699321452,10969000,2291400,244393.001491308,525489.04432607,239036.610230321,266590000,35729000,45485000,65828.0895113493,915258.726014411,142334.370115571,606526.427015382,1469599.94223824,380902.339573149,231600.90697208,2465100,435610.115425333,42747000,20223000,441219.139310708,271476.884577122,4728900,355956.966118851,327652.712259749,7287900.00000001,1373300,478990000,320978.90801151,2024900,831154.153593208,219020.708623704,12279000,3585200000,91295000,179270000,103540.079269146,148420000,13191000,218210000,140850000,369510.900954044,1213268.64923999,175265.298088123,45259000,93220000,208516.04940816,150989.160132212,145190000,191147.602095061,21375000,194855.387738543,312336.832513139,325354.095127903,240477.370092483,327430.817139131,443144.719010839,221105.088709048,201539.409489414,1075591.3386932,214504.256407448,354923.409085146,336997.966675644,738830000.000001,21464000,432352.204707807,3466200,63113999.9999999,439477.215827347,14352000,39406000,295960000,75902000,172724.182978647,5337100,320843.301298148,202981.405413085,124387.948641689,32838000,218488.388957884,422651.268043568,797588.175305693,540732.727727002,622546.892118997,218347.926004767,240761.44328853,88532.4795651449,208687.022722039,89957.4042127026,272564.680807453,104850000,86948000,36986000,231310000,100554.899705413,15916000,444997.353540276,2497266.5363118,739286.168240336,629940,258239.767393109,62047000.0000001,6503900000,342736.906567575,8437700,628434.248039694,7661100,402364.819827826,4592400,584889.318586013,612692.333485346,151950.874663633,138088.651369518,7512899.99999999
PDAC_49_imputed_intensity,0,105320000,5356200000,165350000,4313000000.00001,244656.937950412,1.9683e+10,435533.508182884,1803700,4175200000,2097700000,160340000,716330000,89528.9168135126,173313.997712332,325491.156274842,176382.870437024,568300.000000001,42599000,60311000,60232000.0000001,561827.993907757,7359000,190874.682107148,310108.660284377,91001000,1209400,303979.573167163,105271.480329261,63877000,52324000.0000001,875590.075455192,293534.862632046,513282.791081653,250196.786586438,276767.029912438,615245.955904981,277837.321724521,2792500,393776.10957745,672472.743524733,2831100,152996.401600975,1122213.16026535,11297000,184621.435522067,942237.103153973,651611.487049064,634327.533997273,135810000,30634000,175440000,251384.748678447,1194300,744248.981533799,346399.180810296,154182.923692488,435375.377069621,400190.041513898,19239000,7277000.00000001,66788000.0000001,28270000,169335.619078425,44272000,3784700,669682.507921181,400992.437380625,3644700,5447100,381700000,496191.986427557,83042.4065167884,302662.573042267,658296.619802064,17682000,1840100000,70890000,162510000,91735.7732475861,85066999.9999999,2708500,361180000,204750000,972195.850219747,1075700,474810,14597000,237770,837376.652629504,508710.900470859,99987000,295520.385922387,14565000,147257.385352371,284328.748825149,191120.714784426,11838000,324856.893431798,299674.472150215,474797.817605487,99347.4791374523,261608.141455334,238861.185401869,2302800,138001.537111511,927060000,2495300,519540.092677052,901708.261043323,147850000,448704.376079839,363664.917237795,208926.366749311,69724000,50348000,412140.000000001,3344600,238247.809596537,248655.825229103,153846.839989575,28881000,603995.800362392,167805.21346539,201708.797939555,1077149.23339191,260362.057948286,179538.900762224,294721.89838707,211866.789297241,438243.081073357,298128.115426183,201353.708367478,76750000,93930000.0000001,35326000,307250000,128964.817656115,17896000,120838.894448621,2016491.54532988,660976.316187681,1154800,1517417.89221856,11714000,6254500000.00001,328740.933779121,11078000,240990.901000075,10913000,128018.341391247,9857800,260799.195334192,286939.807766808,592242.772871193,651713.115830814,3316500
PDAC_50_imputed_intensity,0,495290000,6811699999.99999,184670000,3293600000,960947.538069893,2.5217e+10,294934.816788023,42878.7949742167,1.4192e+10,4247600000,61914000,979270000.000001,3676100,750633.504578276,513866.926566369,3020206.60039999,2723700,25502000,167920000,84737000.0000001,114388.315882948,1815876.62163623,707942.198859413,1315300,149450000,499447.169028451,178241.658623405,484613.994316025,62519999.9999999,32572000,298474.776984813,234382.523862174,422342.424105671,277026.802227072,290845.268239568,265504.239787184,112266.446450791,482657.549063726,877840,558013.874130173,1833800,388613.827446191,787392.907176946,4482300,299165.344817276,135949.161960652,950988.265075835,275636.922977453,267190000,42903000,116750000,378478.863424173,267250,504462.174179607,297782.481716883,285329.90628421,409407.841482147,418656.687630316,10530000,13540000,49154000,26238000,172294.708839238,358759.530102169,5954400,451294.883947906,479502.01667535,6816200,1615600,243150000,1680457.61674554,409338.701912648,459426.861783464,704024.462265991,12116000,4159200000,94488999.9999999,221840000,1986180.75704241,128290000,9655599.99999999,250790000,125310000,628038.82762481,2535300,325684.478142496,51825000,12564000,330388.266208092,692541.406865396,130210000,215960.155867586,16541000,521289.288559861,273535.579732462,400338.089621756,3975700,283035.731454153,265031.887928499,606427.893133638,521955.993232422,1547017.16794506,459633.321681586,304359.671854021,530788.735041872,388730000,45524000,291587.573224468,233973.763807103,71268000.0000001,263845.265882502,3784270.13606697,29297000,372140000,41868000,141302.016782308,3551300,445028.260376287,256012.572328093,393014.289675608,56554000,799965.43406943,205928.860042511,697342.411280625,1473662.90455612,188464.899229804,371125.758600721,1039431.4464465,553049.310273683,255502.44815467,385606.360248024,932018.545167528,90635999.9999999,77203000,105160000,301470000,491283.773239225,78181000,489129.775487856,724433.550400206,264633.473030923,580350.63516991,373257.004503994,1017638.72148419,8527999999.99998,247442.308890719,6386600,179951.84305288,1264200,146283.609548049,5717000,1526780.81848695,501259.353294417,853635.641472663,333741.426021453,2871049.22850412
PDAC_51_imputed_intensity,0,67720000,5913600000.00001,186320000,5751500000,279051.977374691,2.1115e+10,1113661.91593248,226249.579432606,1.3653e+10,6846800000.00001,75036000,481810000,384556.780263769,841457.714359889,1765587.06410591,368066.628112817,904029.999999999,28616000,147610000,73409000,566455.342811648,2611700,306633.900054889,1274300,150380000,1947300,4084200,104408.950771873,36565000,27900000,312217.920404996,390275.565601749,404701.592683781,23833000,238844.313076783,2876369.90254312,36590.9765679288,2025500,422970,1279600,11991000,288433.883963068,54878.754197422,8987500.00000001,2918700,5501200,103417.579033745,848430.417553345,260820000,37946000,105790000,3435300,198247.162182023,220446.338496731,212320.90310617,340370.813458653,91522.5182328627,1203152.70962611,18137000,10874000,35113000,22142000,2663700,467833.847301879,6595400,184287.190727544,1430700,10575000,991830,569460000,115855.393983095,135866.589757017,913777.29172783,158482.499826178,17887000,3227600000,38596000,172140000,744647.676067899,76384000,3937300,208450000,121590000,446262.489829106,2882500,930680,55782000.0000001,44153000,234064.173490598,589276.069598561,265220000,129956.031098619,13162000,160729.669799818,332462.159405811,358491.926661328,554140.794066248,189780.510641898,66040.8611970005,284612.025772001,325020.688984811,188263.346975073,287984.081425243,675074.938354637,160045.524479451,476650000,126944.127520711,228753.487101753,1360428.4936257,55847000,277420.111848538,6360300,20139000,285690000,83738000.0000001,1784667.35752812,11594000,67373.4927941274,142438.072523853,156868.548617226,69900999.9999999,173242.896174458,580804.729757086,664315.839570565,163520.143646305,386667.484144966,477560.959491044,166360.022424388,185202.775082003,367512.358740494,268719.366537787,167074.772007402,124270000,63553000,65972999.9999999,315290000,218893.621632862,18590000,239737.905243337,175909.186913045,667137.753137172,1252400,130311.159125271,41131000,7762500000,352979.476935357,10773000,190827.729387789,5855500,648970.841512243,5910599.99999999,315829.679665746,326706.672328952,245081.195494519,121950.850224396,1789200
PDAC_52_imputed_intensity,0,15441000,4881799999.99999,244390000,4524400000,379000.61741885,2.1132e+10,192437.138020516,399461.702750013,1.2795e+10,2979800000,27470000,468420000,9502799.99999999,1013984.92257365,379766.86296556,1019255.7992048,8675999.99999999,30109000,138680000,107430000,461494.053777086,11437000,264152.57901966,405535.091900897,151510000,2660600,2027900,186052.693413588,25672000,25291000,250273.693883978,1244700,538796.941508733,19964000,163428.487106492,570831.765938799,174528.822472136,1014200,649370,965029.999999999,15245000,191406.71692283,394377.370091931,12583000,490719.169333563,5666800,766628.20463071,104445.04694795,247430000,26299000,89570999.9999999,137198.843746781,144849.702565339,210861.899214929,366703.402128331,1072801.50558538,701078.788044029,240986.6795467,19162000,362275.762170536,69944000.0000001,29489000,242890.103061469,198496.632987741,5056500,389156.885696283,129971.90263938,9251499.99999999,6675399.99999999,299240000,222324.495448872,473017.414989383,227955.470135568,134159.001953788,13646000,2701600000,42447000,196920000,456747.594005489,29653000,409563.877164261,135100000,169980000,347775.588981661,13861000,1052800,45858000,910780,399662.39124188,219801.225177793,138560000,1167458.05785439,15037000,49087.4088456811,227845.62038631,242127.698776337,479517.179067754,202849.315377849,132058.007960956,961408.763614888,747985.275353991,288386.432710883,1327887.4889392,2723400,507493.265142517,1048700000,11681000,503585.776510649,690036.083921886,71270000.0000001,311178.058719592,6956100,199503.5403816,214620000,93308999.9999999,609740.000000001,7513500,804022.151126935,222081.763246117,1885500,89797000,375273.334969167,1400244.24605043,221559.137932431,3083400,126827.2980719,373142.920491113,159698.481929267,111377.657919104,261436.621347011,73863.556705134,118913.287137456,87369999.9999999,90105999.9999999,56354000,270340000,701183.237219019,25515000,177494.481222493,523404.670699224,2598200,1613400,507874.872551918,191469.908889989,6475699999.99999,94434.1030858903,10175000,81642.1061068537,72118000,508048.569783009,5476300.00000001,72622.9490391319,281005.005957383,547478.432797419,474804.399858554,5753900
PDAC_53_imputed_intensity,0,132190000,4184099999.99999,173210000,5469100000,287900.967639325,1.7259e+10,192891.309131113,137291.553789834,8535200000.00001,3498100000,82550000,479030000,378601.114822285,290695.182600101,58120.6378265045,6128100,13207000,40353000,304750000,88099000,189024.021711205,1813300,437260.510774655,2118400,182120000,1648300,4435400,165278.659039092,35081000,20215000,807215.478252987,320464.546549809,189226.704296939,101408.389678087,480031.952983316,247117.449839659,580166.88469083,2960100,1363900,712880.262643126,9126799.99999999,428185.658335252,280063.922950812,3325200,1548900,5695400,584273.119762585,89890.504130332,415310000,37521000,113670000,4717700.00000001,104800,710602.387914862,395688.155589466,320926.473001132,144019.768752941,163912.442091037,12036000,593049.018921972,59549000,34481000,76637.2785347006,350677.808509559,12324000,124867.553078607,2125400,11439000,3286100,214110000,531839.681984105,333330,61985.9003643096,1726753.8302017,15577000,3513900000,96491000,366610000,3487200,101140000,16260000,251380000,320510000,270874.2492855,11774000,1270500,21997000,63899,203823.717804522,4934400,170090000,219585.757989106,8316700.00000001,223945.687532586,187503.935357593,382718.510890283,4675100,396948.506132038,240436.683162807,772011.671004799,155170.074094246,188470.672608949,107830.747818169,1587200,251918.253873134,790129999.999999,24114000,267151.827969132,177988.974257002,51126000,503763.003746234,305826.898830699,224153.099968981,221480000,108440000,70439.057068351,10365000,276845.992011407,309060.661494663,2549000,51609000,127217.683219197,241678.882366785,773916.019222093,175561.641597407,199811.585829361,952266.311157672,602057.226071321,724031.189082582,212811.315222456,2899500,140351.907967663,127660000,122440000,76839000.0000001,455130000,324617.3968986,39315000,407877.046051998,234238.227601283,3268100,456641.72056434,1033300,50006000,6506900000.00001,108394.515198684,5695200,168500.549484161,19296000,195978.220249479,10832000,243875.52914976,360459.861992803,100989.176891287,561768.655023853,1488500
PDAC_54_imputed_intensity,0,511030000,4.668e+09,199450000,3875600000,322934.388677413,2.3862e+10,667591.858979292,215164.521297016,1.381e+10,6420599999.99999,57598000,585670000,5578100,220004.243583284,608755.739874251,353980.746963475,3229800,19108000,205830000,79643000,100887.739963924,3124100,296041.095970895,1393700,128800000,564955.144876993,3143100,1428500,98267000,23761000,926437.097783443,289791.532508977,153334.743443119,187500.786836405,78167.8805016217,179395.352191354,889613.354849309,2892100,1482800,160822.979867633,2407900,341193.11160957,475474.496307771,3411500,981141.175589656,503843.428213354,330962.143742712,826720.282539298,276780000,24516000,65473000,410076.905177992,294649.232034976,316027.570847134,108749.05375865,442930.977709253,805331.153424655,245703.278264215,9868800.00000001,193623.154566382,73487999.9999999,28134000,3657500,241236.116233632,3674000,135123.630156274,100270.006793631,4721500,4906600,515020000.000001,303863.466389249,501525.762738474,772937.785525554,749114.1994142,16417000,2893600000,116690000,218140000,59403.1341240777,124080000,6469900.00000001,210740000,95260000.0000001,6351399.99999999,4554400,819808.064757933,41810000,721220,839712.605223543,521005.040139719,238470000,1184400,14638000,645355.718862664,515684.244967984,255889.873215214,389157.015897735,390368.96482532,744841.432286808,425287.821064257,481168.456145514,165458.844546824,473538.033372679,367105.393593982,419214.413210367,1248900000,25550000,603286.808557374,528759.063219037,54486999.9999999,662549.968832915,1215626.22486817,46483000,214500000,32272000,575593.438226425,2741800,220187.729033424,371869.440837178,412112.266885395,47012000,1000061.02699408,490475.787261101,1138243.77168846,618465.720478441,241028.717493904,374533.811703022,1040013.41337675,384791.26657053,274545.471008887,145681.017439294,687010.830724248,105850000,56202000,41309000,190750000,280544.702167116,2353100,744471.762883889,171672.910967639,313830.768918587,679882.301164091,239994.691202925,51563000,7830899999.99999,557513.103927057,17382000,326086.552366853,2043200,592345.914357202,5574000,261250.467596101,257554.327369779,518085.750022542,728124.291904569,318280.192579591
PDAC_55_imputed_intensity,0,182340000,6704200000.00001,131870000,3957300000,160996.107509496,24143000000.0001,1628737.39377555,509140,1.5897e+10,3576500000,78754999.9999999,721690000,318627.131443928,239273.05640144,290836.495623855,591583.450649012,5953700,26874000,239680000,124210000,209622.658281902,3999000,658326.313981106,360039.422415933,82830000,2723900,3391200,858404.843770594,38417000,35969000,159047.861542295,735942.110996865,269388.566356629,361069.493505307,278658.394056617,458398.803607604,383391.742443939,659984.099315392,190842.464658984,1931200,971870,750546.675575504,64748.4025548725,305299.940136397,773239.398568476,91592.1821303419,199048.5979456,389349.015665714,186850000,33468000,85948000.0000001,302818.161556032,157710,405907.277374317,563775.854660639,544398.591311509,618038.819140952,752829.269263936,7625199.99999999,721893.20432989,97038000.0000001,31504000,1465962.853939,339430.877853987,3044800,348922.263676345,469860,11073000,285482.799676426,372230000,351117.414013016,241132.371286976,1024067.11239169,249711.18095244,11799000,1722300000,81294999.9999999,224380000,631642.788848593,153050000,12443000,125140000,118920000,1189467.2316793,400187.026087571,457210.988711625,54722000,46309000,386840.231456623,738981.489578277,161800000,734493.655972732,7611600,270543.687912585,215613.828778004,357392.115386661,3537800,866566.495112241,278219.458103249,216580.981764209,365384.219384837,785362.116152851,333016.839932191,554102.625130676,474047.265106171,1326900000,1167127.64371028,671804.74679704,1033260.81572982,70551000.0000001,263413.085879416,135934.64501134,445579.119863588,202990000,63207999.9999999,629890.498493035,5210200,589453.438446114,526120.716795278,1589701.89023833,32605000,158659.080154198,1891600,214178.560282872,1299900,396293.238238489,306342.907401423,231051.409347891,109576.423828407,475503.393512841,476207.68254444,526863.915859784,95608000,99570999.9999999,34649000,250930000,955128.786776368,16647000,453468.262753274,794309.483406512,148310.023560309,587036.633642031,266299.594711429,26378000,8196700000,384229.501601885,674416.884975742,784965.196970575,1663100,480220.403463971,7117700,1428451.34266877,77672.2139705981,522265.073293427,875052.685675125,820686.201082219
PDAC_56_imputed_intensity,0,221920000,4.484e+09,290470000,5296299999.99999,130677.908021306,2.3305e+10,442662.115684409,371649.739892961,7261700000.00001,2213800000,64782000.0000001,924050000,303850.520860753,853543.611949173,750265.784359428,784747.643469977,630267.671826669,46455000,59072000,91442000,625510.781671132,3695800,449855.952130422,292560.062074639,212190000,1862400,508979.978656728,327100,47799000,58024000.0000001,1069261.42728626,318061.227508901,454210.526931065,913989.514384643,651809.683641529,204882.036105643,125758.504189963,3689200,639585.073752946,384615.852868451,172595.640059808,356960.909470497,613352.786858084,683792.621579722,332173.848095832,503850.647293409,241788.814878056,317619.51797266,301460000,37444000,85596000.0000001,983520.752900689,241499.387789,1290064.15050013,377063.746557636,379875.017616403,229969.422001024,359229.873257498,16456000,80816.8128529161,60959000,39196000,747988.805100019,290924.487419038,4161200,354314.603891132,1174499.13055102,6003800,4508900,311390000,5863600,441403.808017158,397459.559769339,4015100,13532000,5916000000.00001,83545000.0000001,260770000,187858.501391295,100990000,21159000,481849999.999999,140960000,916990.61143308,472999.659554691,2051264.5054993,21828000,81271,450248.719488031,1066916.40912687,72545000,773876.641679629,17142000,303746.351553495,617825.759307098,371495.386870065,130457.694727844,295275.251109478,434731.320785849,1063891.17385145,1055194.31133786,446415.965652184,276295.509450347,292765.031491901,923869.42381183,544850000,19213000,166117.36608632,519414.005754442,87861000,533666.794246215,280284.147581338,843970.297431457,145240000,30677000,1105883.04465842,3239900,512899.379016155,375933.358414017,261464.618736273,55577999.9999999,421015.881525766,416715.448389215,744080.177286997,2459841.25148291,646967.712206565,2773344.20264463,218066.183374312,113318.640675139,635180.526327563,3039922.13505921,661775.798257439,154630000,129280000,61642000,425910000,153384.975020074,14453000,895515.16573826,375704.256440311,2788800,277660.879903754,1211816.30307588,43214000,8091100000.00002,486784.745051073,749426.320104704,369535.640033499,3386900,902013.210815529,15420000,137133.247613714,306630.112159939,731573.656706968,947589.142419752,722310
PDAC_57_imputed_intensity,0,505039999.999999,3102400000,136020000,3058100000,102105.709027739,1.6407e+10,327997.162306854,227109.141275393,7055200000,2168800000,19935000,207450000,1584497.73827978,146474.950173046,2132960.03393839,241892.937704901,1341100,23952000,287150000,153150000,236812.502528555,2061200,381446.333425367,1412600,324290000,3039200,4303800,4122900,65869999.9999999,40728000,4751400,124491.089991983,327883.900160704,54712.3461252633,154866.27871753,267777.809810689,207813.260579747,7128800.00000001,1349000,264107.184021957,25018000,893713.520467676,156793.531165829,6399700,307258.650035099,210301.321330375,774859.999999999,52217.9210195125,161920000,22381000,70510000,3474900,476870,2574900,114552.961780868,611248.266030479,203375.022246839,663992.545585172,14574000,616532.206577173,85885000,24926000,6843100,746427.781848385,22775000,132860.385437352,206316.40803594,6863900,8458100,271390000,288297.473723922,6290900,309300.977192995,67226.9313798599,9666200.00000001,4672799999.99999,46799000,293710000,427238.757360364,112490000,5793200,136700000,139350000,251470.144082394,14776000,3957000,16010000,5607700,66198.0848626451,225648.03690282,158860000,209615.975198733,16497000,221529.985919235,108725.089317481,176604.698671172,301014.410576012,395692.599662218,249775.858510017,219422.346481558,210487.67072204,1905200,267132.446471844,3560400,219486.45978668,798190000.000001,81920000.0000001,235783.259775731,352643.120739591,40900000,1490500,22195000,137945.570923093,96187000.0000001,62293000,625072.167345479,13151000,91807.1136651572,3188900,2690400,64044000,131795.235560101,786801.842679997,107168.29521068,2193000,353972.028309306,323193.059277453,340584.476827957,296096.608429983,378937.81999773,107160.077122295,220713.7614774,84663000.0000001,73706000,51661999.9999999,536830000.000001,410650.603485476,11332000,238626.680789722,360211.920176962,76002.1390004332,1376500,781260,72196000,5213700000,207156.405139994,204728.256426147,119501.208224462,453320000,132148.630997484,7896300,76110.1168224677,691203.102105545,251709.608004677,631969.424142234,11816000
PDAC_58_imputed_intensity,0,115890000,5241700000.00001,97925000.0000001,3661400000,199949.58512755,1.2731e+10,1385200,503241.744983565,4.242e+09,3198500000,92997999.9999999,487610000,1155800,329190.289785022,1022912.16960061,406435.291031961,472123.289731312,30623000,641360000,131520000,246151.124818395,793901.003777397,372203.036851142,236187.59004608,314480000,2093100,8431399.99999999,1081900,39028000,26480000,274283.690273119,112714.720955492,396011.712896736,22356000,451244.44978518,179984.055267242,481096.406672521,3590000,3624500,120066.089941219,6348100,279490.50940092,659743.191139495,292275.97391216,372273.445256507,4429800,516935.331940243,340256.306514115,263480000,14400000,108750000,102222.545327809,2536100,657993.046306466,250081.433180498,414006.32801157,565020,2965100,46515000,7774200.00000001,60154000,6794099.99999999,9674699.99999999,356709.719624351,9222999.99999999,313590.150336825,933379.999999999,13911000,14011000,202070000,266255.611474157,171922.544129671,327241.844420627,259967.872302601,13578000,3952900000,76813999.9999999,383060000,182259.908456782,57267000,13049000,185400000,205230000,2063137.70815379,56889000,5744000.00000001,8709399.99999999,166730,505209.478980368,4230100,123100000,478213.425725797,15181000,75266.4318326194,190621.890641094,518778.835875607,10292000,181472.491885119,1289490.69600265,271390,417154.361087917,410499.079236804,335221.395156392,3907500,444875.808660246,1.108e+09,42572000,108477.033022256,299247.168698342,75641000,128868.849225482,5910800,312317.915374898,88657000,39208000,395526.769546833,6396100,427629.6448464,3777500,271302.859288252,19968000,170501.986233831,143661.412123537,237902.221382836,3563200,510902.382195002,293163.536317667,146068.935059951,132819.563301911,248753.085318405,99165.0842170259,305245.562891661,51410000.0000001,100940000,49326000,957510000.000001,60386.103634344,13756000,166697.793193589,711223.883784896,341820.51580237,320336.447948266,1643500,22877000,3599700000,255211.665674874,535913.444642687,438469.088936244,551110000,395181.883023291,8481800.00000001,3940400,464370.407966639,197483.741858907,1028915.42812107,7409599.99999999
PDAC_59_imputed_intensity,0,106330000,4310900000,266180000,3236200000,159238.318461342,1.851e+10,826217.469089073,325139.311488144,9221000000.00002,2721200000,86291000,763810000,3810200,450548.65247866,334337.021171086,423274.979621503,2111500,17870000,175120000,79979999.9999999,175433.465626817,2368100,533377.08638785,47572.7364598097,152340000,1971500,4421900,549377.110270869,41362000,58071000,195216.244181501,597144.529887293,223670.078407734,45757999.9999999,457140.673621985,454584.713057828,1249177.93948279,2206500,1086600,1129500,7814600,334923.322722708,204958.324354061,3362800,5308000,4318500,398203.829180051,294272.804096326,322280000,34395000,108580000,658417.436887267,576749.621215906,316706.221924019,446989.459790027,173928.072495121,209249.695692805,811695.681380694,20425000,257958.330832367,50121000,18815000,283401.56966389,201798.120199203,15802000,512621.89784149,2348400,25921000,4064800,339700000,499756.658234019,383898.403728347,308172.876238078,109736.117755386,11563000,2957800000,36075000,250110000,14279000,119440000,22251000,203460000,138220000,271330.296123934,3964000,1467800,33529000,19243000,220605.742176318,695877.072711501,213980000,1746986.68100744,14544000,538577.68034943,935544.034052303,493521.407506705,4226000,330848.094778143,166331.64627389,338724.189616083,668231.131241973,148654.606185167,548720.382424256,1564000,65467.9130047942,499450000,27729000,514759.807208224,201342.808514222,146700000,1005383.20971653,6278200,26299000,260270000,33145000,1030509.79854547,8110100,163023.696001165,1063837.70725716,10019000,45083000,595545.694861715,180516.185937359,113461.313289309,2960800,269010.181435769,343924.901112702,621317.176771975,648548.592894854,217899.728988008,446499.9880849,225270.408853736,96838000,80163000,56983000,479700000,196409.20232591,51945000,220943.252438429,855084.865898751,490582.662196706,888709.999999999,614300,26565000,6479400000,580480.545729244,468703.98118486,313100.771086825,108880000,128477.273373699,7950100.00000001,475902.227499105,164994.144996625,581414.78355389,109446.919209543,4868500
PDAC_60_imputed_intensity,0,113460000,3922900000,151550000,3216700000,326734.676151034,2.3503e+10,612244.061953521,249387.397959167,1.3019e+10,3908400000,33079000,335350000,330166.2954338,328727.506566018,138479.439258399,180653.102113218,3470400,40195000,3.61e+08,126270000,197404.907733177,3139300,465135.761303775,1407700,65590000,918510.000000001,45240.7526669178,310682.511882795,68644000.0000001,46193000,652066.542371929,130931.576488033,354127.538258039,539840.421702509,485416.380324074,57062.3916067051,296147.624636695,5762500,328348.940716816,1562900,4514900.00000001,631597.579523819,736617.497287294,1557165.8295726,262515.871552875,279539.134762313,664427.574053667,151276.877546463,306370000,33135000,89989000,572146.420236416,376219.989847891,1344378.9412314,198100.418985089,58199.8842394968,208819.467878392,481963.915703547,13037000,428765.456952742,85028000.0000001,29181000,166824.580036289,253497.278818971,9717799.99999999,1276642.18546628,76691.600003155,2625000,1980200,424020000,67761.460734145,714622.144355782,405540.375605712,142662.434408328,15249000,2.001e+09,85573000,161830000,47493.6795874694,150470000,21098000,108460000,57058000.0000001,764023.272324067,12586000,452720,31239000,32189000,181853.104535332,148425.978254913,142820000,144235.093111799,17678000,692619.501961734,271465.474694014,148970.495348765,436366.22383842,217809.179772279,868388.183360471,140642.845559732,267921.795493779,73241.5936674245,501687.635554943,2385000,1618418.11716241,899380000,62541000,480953.670187319,649975.235209175,55169000,640791.309143887,165424.934070185,65828.4346715466,197890000,31255000,88778.0984755067,2751000,338410.619579419,419936.751552892,361180.009471976,28729000,187254.146982646,623876.194836511,449652.328332574,163972.256153224,69432.0542842411,176143.378712312,918592.423265686,130848.458844049,335093.775888853,80227.8009281676,268630.898422626,109420000,82938999.9999999,55561999.9999999,400080000,76808.532944381,16175000,166798.507651755,592655.782549871,245391.378299325,754125.192389336,323604.521879557,242969.59925817,6464100000.00001,1539520.55707519,4953699.99999999,150905.478265569,43958999.9999999,324283.658818501,5228600,53679.232243251,1566695.77079134,608148.750769012,496930.988088653,1093400
PDAC_61_imputed_intensity,0,264310000,4257200000,147200000,3784400000,616148.27553745,2.1212e+10,198629.412807638,344575.054363745,1.3268e+10,2940700000,20609000,512300000,309554.981710157,167072.64415967,420301.588614338,371776.330263314,1093500,17803000,227160000,110800000,170393.062270744,2101200,220267.777977807,3631800,249310000,698224.885830716,197768.26506947,140507.002696442,18333000,18612000,450791.161614096,601270,1234479.1883242,175465.469013136,391133.073729082,485692.421622132,940727.47407127,3135700,843720.000000001,884227.552394729,1815300,147297.291729875,388511.555263462,5103900,418264.506242168,682673.103279499,149116.387336998,282412.335837477,240380000,20912000,96143000,9244800,115960,898347.890219081,187647.837265508,744420.080714062,560111.858459004,613463.801770864,4609500,1673410.52817727,58330999.9999999,24032000,282375.402715604,197144.833858272,20874000,1234061.61810595,1050100,6815500,2862500,293280000,176089.36451352,721290.652774324,322509.800431372,204688.188208797,12584000,4829199999.99999,97755000,241650000,7541799.99999999,85691000,16312000,188370000,107340000,74493.2782766026,2957000,347380.756499067,34832000,140110000,248906.699699125,426481.268588939,105350000,167935.27590346,965646.287427206,871779.325603895,557756.031326907,624338.790523857,129445.601786024,466444.932226752,339108.774217145,549226.092947412,239510.019638591,320277.318983897,335138.420362764,793638.164354694,352460.824304382,815260000,35711000,1087557.72170888,483498.477175877,14086000,134221.972432298,390972.440350571,234861.820538485,232260000,30298000,1424800,2996300,336573.245486649,485441.694103259,788347.107140326,29554000,925752.587503617,637976.504246222,234845.00375193,2924300,164644.245980691,814514.792706805,2177942.17232775,1252767.41528573,857931.704495831,418224.979934108,319034.260766006,82985000,67987000,50256000,422600000,1067821.85893649,24975000,408417.660684277,891516.097842302,161847.665310288,600462.327237425,324515.359045428,6378400.00000001,7247900000.00001,1575169.953629,446969.905579845,157067.836312138,152730000,563756.006316283,5991699.99999999,169929.770501249,211357.968444956,181885.588827475,739091.853823964,5155400
PDAC_62_imputed_intensity,0,118450000,2896200000,135790000,5044300000,397255.887897549,1.7053e+10,752307.952473575,706060.216853811,9006399999.99998,2073800000,23591000,466220000,179867.552362123,169766.159093065,396782.183347218,12105000,3064200,23904000,517400000,95248000,456656.818426836,639734.803020328,478957.437082838,423065.780381667,199160000,1717300,6661600,377811.518124964,38242000,33517000,592768.171954495,558494.639972139,566926.618002168,28516000,132357.430672745,506878.647158938,220876.339655653,3854100,111439.755016201,861420.388460782,27267000,193312.811507696,198977.643588972,624145.126235728,1483600,631797.877925556,315301.900315953,264891.581770436,580369999.999999,25617000,263690000,451465.317392212,6618900,744158.575447139,516519.086900545,118451.132571322,194192.943346003,395517.405280125,7114800.00000001,7206100.00000001,59319000,30486000,5543900,36124000,15742000,481133.439534669,182635.691236895,14053000,4673000,409670000,585945.2149871,124912.365681183,453058.290286912,389376.294805445,14957000,2671100000,132860000,229530000,4903500,100330000,30739000,208260000,95222000,577307.298568145,11989000,516050,40735000,15531000,826213.750988607,277731.494555216,189930000,209097.183853656,11847000,344971.116299847,351553.966135321,175038.589667437,1209000,14011000,294032.380891628,168532.539296628,445137.895140972,659400.082799568,618342.92391298,3199100,619412.894187051,793279999.999999,25290000,399019.161874447,351341.085033981,74788999.9999999,830939.999999999,467333.695251242,310123.699495595,168070000,54127999.9999999,1306000,4375600.00000001,3680200,256845.258273455,414632.282610908,137840000,151826.551624674,394202.164082278,121354.912220418,3102600,676107.681336437,246533.615087772,126869.789382054,204714.372148766,340453.76610981,761152.508106704,712479.816976614,95699999.9999999,71583000.0000001,34404000,652040000,330939.235249345,9943000.00000001,427251.834549338,152930.739440029,477101.988566623,2837200,675063.184530332,339917.28755443,4431800000,399861.122022031,11404000,1060311.58956574,359920000,312132.005256473,5869600.00000001,905600.631503514,367789.896084448,1086600,428307.904572314,6719800
PDAC_63_imputed_intensity,0,363841.809410185,5308999999.99999,176520000,3688900000,248121.806160536,2.5126e+10,1431242.85082524,1479324.59182508,1.5854e+10,2301500000,38553000,876960000.000001,2608500,268892.424779797,623353.311361531,347749.267954308,2624400,24017000,216970000,106740000,325817.721495089,788139.999999999,926144.448467234,3018900.48267545,91360000,295444.026956456,372644.860949739,516994.945501689,47291000,66237000.0000001,137423.620392051,355560.997946809,238869.82504344,208141.973451663,219780.53066245,651028.606843563,317455.941615062,332753.823146223,849007.527498108,300939.677629417,2147300,878995.183104642,301929.551040982,6174300.00000001,212419.730841702,1125433.76867899,531584.895285752,136922.25173973,232330000,51476000,72024000,681520.471849494,951489.999999999,464630.073473936,196279.868531139,446932.473504138,1020347.15742083,151357.279262091,6262700,619769.824459292,61256000.0000001,21517000,242200.000776993,509666.909910838,2798500,905261.512292884,209468.263066326,4187000,215871.873042248,427470000,1469331.91916072,305330,272926.454092334,213939.024827579,19494000,2530400000,92441999.9999999,210910000,754901.594185572,252010000,5219700,349050000,123200000,223957.650310271,697100.004100005,172020,42790000,865870,250155.459527679,428995.394174923,141750000,481953.935023307,9094300,203016.491934969,371139.88931337,782368.665155966,2871900,372082.94202398,446615.343414416,215905.220875728,1221399.64993091,338160.56159362,305857.837273231,257530.072639433,602449.807547373,655560000,23652000,562965.667326636,519068.148093514,30701000,948402.546362822,918742.7832649,242560.461660254,250910000,29168000,960706.826221894,3452700,1165007.17223837,371119.129312298,138995.396991526,62622000,386572.884291626,465066.879663338,762093.764839513,2499337.00680987,1359261.85157928,185984.462622753,407536.132040557,337179.784367504,227534.636438714,1518710.40343686,911109.145476475,84534000.0000001,89036999.9999999,45850000.0000001,306430000,398195.703149082,20021000,841051.005913941,252474.49191289,231900.138451246,305009.620137732,547439.996120444,38236000,6960999999.99999,488678.426531646,3406500,169069.493318009,5378800,816890.292855521,7408300,132442.468538782,817244.068079034,273487.478555087,1823946.7010961,183268.044487529
PDAC_70_imputed_intensity,0,2037100,3469700000,102150000,4667600000.00001,390045.788772204,4798500000.00001,65855.2112060736,630170,5297800000.00001,1116600000,163456.861065223,171220000,205349.092583014,215331.030267416,340652.258406697,599305.331660579,218946.882529395,7635100,382850000,95909000,142190.133732664,279353.398804356,395831.330290499,265060.53833282,180140000,802076.63991802,785995.717082404,2915500,34494000,23560000,659114.004509148,263337.015811415,158161.433465865,233752.365543652,93977.8164741075,66994.0381726099,114862.928569873,2702000,183667.648547004,321695.580709977,1877000,285021.360815336,1518992.37032092,192201.377547313,978983.601255511,290245.549157777,352210.959388306,269914.610408714,72804000,37225000,190530000,183262.177578126,941590.000000001,401538.751959673,126233.866498016,278272.35514058,177153.111935388,990404.177615932,12703000,427843.586618576,33393000,14714000,519457.187193552,26861000,160815.582573951,231163.245156213,856485.239492355,2244600,1008000,196530000,271816.439794619,350028.224742601,127733.047713843,301298.345411411,7950000,2958800000,44945000,164440000,27361000,43865000,41127000.0000001,331110000,324560000,604164.41050891,1967600,236800,12872000,27323000,391637.075677856,2081300,203350000,7825500,10523000,3011368.73979848,203928.78917268,257475.017802795,99128.6126348509,323881.881191951,240293.286270955,364388.836044735,157136.348990934,217257.129106561,722855.24169127,2464800,153963.772375645,1606400000,2783500,224664.535909018,551101.966624274,12711000,943960.000000001,135416.166054262,241706.53933129,82534999.9999999,27282000,140817.296968178,13157000,294934.587778523,312624.423139236,282866.911878663,12493000,340183.920921494,560184.012983045,99648.1746649569,3041400,536516.418202527,84052.6853057538,500560.259742474,163224.694977148,386114.844291442,134910.371633679,98441.6602870468,50887000.0000001,54677000,31281000,629179999.999999,104647.772616882,29942000,134637.390480253,295055.444863283,1187800,109397.73118066,236290,291114.154597882,4859100000.00001,394879.354539687,359991.800410402,112871.777244065,133880000,340299.551419611,9893999.99999999,183733.178596285,211009.244226907,755203.921533433,723636.642299218,9240100.00000001
PDAC_72_imputed_intensity,0,15886000,3217100000,93681999.9999999,5609500000,205797.752282384,4509700000.00001,571463.56750033,334371.891188473,7712400000,6033299999.99999,304609.33783364,191720000,330457.150533882,1330090.04194564,1182108.58034416,1481995.29032938,727260.396626757,8970200,549660000,99098000,941649.367351741,769486.491829334,217718.325875436,264663.655595549,223030000,444960.539383231,7683100.00000001,356035.793633306,24884000,27879000,810436.066305708,2835216.14901726,489988.818650782,296805.516959447,598745.742853546,170151.025338408,235529.61901487,1905600,246036.582030555,303712.778678024,965930,124835.977910952,1481764.00927494,958114.273195372,1066392.2285184,4733100,183867.617600199,290935.066769406,33290000,55809000.0000001,170830000,672932.88800048,1278700,302232.630391073,123875.405606931,130864.066552205,4407800,3863400,11185000,1058628.23353465,41482000,7694299.99999999,886502.539020014,38817000,427420.132348097,631711.829791627,356609.138563429,1393100,337135.532059624,216250000,288824.898450296,1075882.13967285,340834.504408095,972540.730335659,139154.454980685,4767700000.00001,121780000,147880000,23134000,66659000,8236499.99999999,143980000,180750000,189833.974372956,4344500,846699.999999999,15076000,165700000,536711.201883038,214947.071330026,245370000,5685800,10993000,1152137.71207293,223001.58521231,301945.946146541,430891.81072702,9656200,692389.102989768,445203.291504343,397869.161499697,753891.933196426,597016.917467114,2880200,201238.042623751,861460000,7369900,218805.234528188,285979.958038018,828846.996399619,911949.999999999,240531.0188484,699276.595903531,160780000,25663000,323085.465504785,12213000,428450.899724485,684409.393046553,213801.460215453,4313900.00000001,1141499.43414137,10075000,111351.634277926,605437.538828475,313592.562835889,563931.202259571,168862.017785342,1120882.99541493,1326351.28704661,642466.605905135,439297.269275471,46564000,27933000,7694199.99999999,345720000,479194.009799831,20382000,308859.818195997,896404.5943728,2034452.60483963,171327.288426906,876140,9488300.00000001,4632400000,307532.871924939,789072.762555498,280171.40593456,1801130.25583922,412632.337083213,4389500,145426.014720019,525482.462654215,257960.218633534,752189.649204444,2536700
PDAC_73_imputed_intensity,0,85404000.0000001,2412800000,94646000,3373500000,139091.146482307,6380500000,277985.619291062,1890800,6076400000,1404300000,625361.804548794,214300000,1183011.32795801,1322600,249508.542942474,272221.542571356,705426.285529349,5915600,267800000,91112000,2314053.84342743,716608.282566651,417961.520320311,612698.750858739,316130000,236464.141305028,293701.557991891,1168500,17648000,5618000,304520.525617476,195175.614350469,506858.305392717,871175.992047396,492128.18901077,739190.92145522,802499.971518397,3349700,172985.778816283,112592.590752925,4509600,588702.82496486,639856.279298227,134322.714598005,709959.856069608,265597.270569636,401136.882429191,474237.44747322,101840000,24772000,387530000,743839.412697149,475820,395789.152845093,1060134.06401095,187321.597651524,970790.363364152,3666400,15231000,646915.809677694,32989000,14324000,204448.135356779,53085999.9999999,1036500,421430.136612603,767232.949126803,3968800,13669000,192470000,81350.443643633,243827.255716749,1592411.86068301,238690.188738573,13818000,5363799999.99999,154980000,280140000,30261000,143570000,17870000,163530000,418830000,1120079.85480954,4598100,1535100,12628000,196650000,215892.604050275,409412.568638415,158460000,335132.561766004,376748.059977029,576834.893539895,1242167.91884301,928217.04083164,451279.137183072,8719100.00000001,411847.425375038,185450.607237207,762371.645956601,2445458.26146152,985853.820385405,5992799.99999999,277404.365379556,1025300000,12288000,658582.438716232,1029359.38165193,541738.468793144,474534.723939363,220505.383209522,418361.160150982,80968000,47980000,781677.186052157,10656000,651493.39785653,208910.19596138,298720.366899277,27627000,1211207.78450218,616694.769894744,1241139.17346785,429429.418769751,310295.859584427,154014.834039778,1207044.10695502,381895.025718332,531248.850836616,715485.125594908,392358.092423112,44579999.9999999,40788000,25786000,404640000,250453.742779301,13727000,156159.980298973,350592.143706172,1808000,330906.353746396,1369600,629861.517368365,4373900000,920494.489075492,243136.772584737,29311.2629882043,207260000,916984.143561584,3281800,587580.372619926,2537015.26975052,74580.8223848147,399898.804672485,272275.4888633
PDAC_74_imputed_intensity,0,72029000,2303700000,84109999.9999999,2999100000,521672.554689944,4950600000.00001,107896.758878464,1397703.88940069,5953600000.00001,3143700000,142338.454378452,181480000,498979.275415259,375699.32802572,410653.695768187,117514.617438398,346334.461601021,9681899.99999999,472400000,86484000,237043.6486876,238878.505700115,69042.720722115,510176.206017073,207760000,84968.1607356602,614929.353779891,19161,32604000,56827000,188206.721928168,147920.136125196,176554.636634735,520309.797605106,81314.3157918637,379108.217888245,459594.12833889,1801500,375539.724555449,891243.221564037,999130,508874.952483434,183410.251522209,356181.137258674,265993.500186825,11036000,185899.811296418,314356.254576299,106710000,29486000,227980000,124115.440251037,381730,391980.488723637,342731.687759384,129041.689819173,118041.862081154,109979.540507898,4015800,398280.067550309,30524000,8851000.00000001,528440.174584495,46879000,346756.775201692,523633.019383391,410404.38030971,568081.051538395,407700.434568114,242610000,683761.686189054,1234603.87383154,101152.883963712,195420.615433282,10653000,4517500000.00001,100370000,147190000,13962000,56051000,17872000,130470000,283060000,1709151.61055959,5700300,1069500,14376000,718780,451397.482161605,80088.8214473167,282370000,801449.752237291,12116000,127651.626814305,409025.599608609,482607.239831646,738162.922680864,12541000,809739.136068191,592204.980297659,42469.5746631313,346394.472251266,596284.704500845,3116400,33274.542207035,1162400000,8915600.00000001,278014.267840308,737792.318849226,207901.113901935,773730,438778.834876332,434316.826791909,131030000,36867000,1786700,7044599.99999999,319259.368146225,67086.8154934807,1926134.47679531,16102000,199391.66246457,5762200,189780.458007094,1500100,234638.153700544,696584.407178837,151942.629595596,446067.399385021,235553.644128272,80598.4637145931,639080.124743986,31940000,28355000,30241000,224570000,384718.040970198,12873000,301645.204272161,254059.943696048,223609.412955646,219221.690254942,148586.182919559,225410.522192389,4364699999.99999,641794.169823998,198403.924813579,221982.676676897,5387900,123351.981480522,6757400,241202.060902846,503720.002008497,317458.433684271,272581.493267482,116444.671929258
PDAC_76_imputed_intensity,0,171040000,2.058e+09,130890000,8607900000.00001,2846248.20967047,8116700000,846745.552112907,383425.680374128,8575500000,4987900000.00001,770285.134337162,227810000,290301.784025475,2797900,470493.477031485,314890.143418807,380822.368478545,8963700.00000001,241730000,63243999.9999999,225795.3015473,754099.751354401,423528.447880012,581272.105200073,347530000,143562.448554446,532146.404947908,75649.0000000001,51405000,53113999.9999999,1208117.70919288,217482.438325834,357024.324024005,85945.8255641242,443116.187731585,148698.646505262,554764.656009206,1242353.89487712,1208140.48468585,669665.471235412,968323.945547749,420222.065625834,2675192.6642744,1679444.41450064,714607.165312551,160774.44457897,595692.763359493,546138.162752502,24100000,36871000,75056000,1271102.86387118,232616.180377813,1387295.80666242,354527.547575812,195974.26064771,513656.31652753,364924.54971808,1690400,344824.133343968,55713000,13265000,941291.337503745,31587000,793470.000000001,645101.614775243,540491.057479091,631882.366843396,2117249.91040543,387880000,1110213.91044027,420255.375497613,1051338.83341537,323097.536592687,736296.100658109,5.531e+09,177430000,233820000,14032000,146900000,30778000,202360000,136580000,507218.27226454,764319.527065127,754529.462926239,24213000,11408000,130191.265205256,1392178.84281618,269240000,205903.111047222,23981000,1801988.77613982,1402968.45481744,793238.686119099,565132.978698772,197689.673205973,403727.472326155,277328.380239922,1281204.74719495,340772.795908782,435132.126737723,3325700,240046.770373432,2098400000,10704000,287828.579159355,446069.330972878,433301.535573776,418154.978457456,500555.495445375,797058.017540041,156270000,55262000,697594.282859991,4728800,1207764.42468465,307248.127709138,525193.089107183,185047.90153338,543745.067787299,12530000,206388.230367685,602559.123639759,369137.011352205,837654.264135629,416433.05375437,512063.780330114,608451.338948625,688414.912853564,267460.952513973,50830000,32520000,40911000,207940000,1539701.28826625,17410000,314680.069406648,527321.561823298,706993.899499883,108299.751575664,205159.036888633,1352904.67815159,6115300000,1300324.05215953,746412.114725893,1388631.20434782,633006.256217119,237663.708188221,7769500,269184.882094513,221659.834464364,956095.703509599,481176.159821689,717208.04571392
PDAC_78_imputed_intensity,0,180260000,5396300000,80817000.0000001,8275200000.00002,518242.546612648,6887400000,627466.39902927,357130,3487700000,1848700000,1701945.83937843,81562000.0000001,515402.582505426,9661300,1274185.23934846,629982.718561123,3571577.34117662,13539000,326610000,99226999.9999999,171887.516089996,1113341.32154,454237.625771225,1427696.8064568,223750000,252933.016695489,174654.372659983,462516.585043494,27361000,14714000,895780.070088717,1526983.17059134,2301342.43499604,231189.234431861,833894.927793131,1199304.83824919,1130514.12257663,1376200,1744606.29100676,209576.779725622,181107.259967287,1547845.82594409,219477.376925507,212783.501612997,669691.809468681,3089535.34130575,343063.701392335,804621.265433266,13420000,30263000,75971000.0000001,3186110.80444705,303476.901866995,269654.974567327,409727.360712761,1593848.82429093,444974.454082898,698859.442275463,40957000,1473515.10848771,50128999.9999999,7303499.99999999,301609.873054307,88106000.0000001,1560686.68875758,361061.767632602,910575.796156905,552467.880053603,548609.839740255,198540000,471987.11674381,1301851.9684859,278630.578860863,368960.19492506,702601.122500149,3832600000,85054000.0000001,259450000,12040000,129340000,6375200,203630000,143560000,380976.274632237,539450.693116785,1789022.66159557,8453099.99999999,7809400,1261857.82847067,955735.758709787,226540000,9033499.99999999,20544000,261260.51944965,655993.094873336,706068.626815324,128950.033339806,3291400,306093.097225904,926520.955535081,582037.902133152,704230.900555259,441758.607076273,2795400,656684.929527107,4472600000,27856000,1151443.79810332,557571.096701014,529028.69714154,627175.721345445,488486.653860057,1134325.37424172,92031000,36724000,972219.57525816,5057299.99999999,357653.456531875,76738.4674630415,726201.117634529,183798.756897072,239755.590881175,475435.93053552,558459.967568568,422803.182872048,1520839.26432674,207870.42700699,1546597.51006629,259850.419160014,215723.185866827,431496.329687793,175063.087351089,21691000,32393000,16130000,191690000,825418.109934493,37360000,482010.65000945,362658.821697697,331011.465288648,543330.032771593,236000.526136345,6935900,4044800000,424170.626298888,1682650.56155042,953930.499862603,1241553.03811964,1136672.12567953,6023199.99999999,571909.182641943,391368.757048429,315154.872714574,427188.658241447,2556364.15726857
PDAC_80_imputed_intensity,0,16594000,3214400000,105190000,6767399999.99999,123877.805924125,5062400000.00001,102656.239721177,1606100,5037999999.99999,1134200000,801625.516961895,169880000,957871.014172094,302385.94110447,152501.227269632,3403000,492968.923591914,11574000,177320000,81679000.0000001,865268.442846984,564951.708972963,213602.812482958,87669.4312418315,180720000,392044.956048483,1427583.02616154,774690.000000001,31505000,15692000,513837.758000244,229480.587448292,105660.108291582,367366.039839143,200027.40513507,129995.62695045,227762.100196886,7463000.00000001,1538800,154243.265703044,1647000,166144.661276817,153336.003550928,266375.8050972,504207.176559118,422998.937242291,236799.916128575,515409.650255429,69533000,30388000,137490000,412966.913921471,513519.999999999,121103.614801827,358495.034430812,613337.850208503,269529.753116696,2045600,21069000,337793.290734095,36282000,27435000,361680.256890841,37782000,447613.767202645,378189.392836545,446084.905663281,1993000,4095500,228320000,378778.997297828,336309.327788381,101296.71984885,229281.918973296,7119900,3091600000,40962000,167910000,12909000,96873999.9999999,19755000,90973000,175530000,136605.292065363,6792200.00000001,493739.999999999,16474000,267950000,380812.401072661,136119.555524531,201610000,460639.689552757,10788000,536371.234190366,471867.518061937,332075.947964035,1093384.73788198,699334.828310913,290348.564219627,540063.800171944,330726.944761493,671399.486881669,502873.143224895,5477200,388121.879703562,1719800000,5154500,144129.665015304,154415.93118838,20053000,925470,2925100,2463200,88945999.9999999,26938000,392624.991251906,8901900,579998.786914257,821604.528901842,688875.622530851,7535100,269853.287978374,493373.52918295,286309.387793245,737970,884272.703685321,299812.352177337,237685.453644476,381927.211901676,551395.502050052,143987.79041816,255927.518257474,66973000,74510000,19296000,694859999.999999,301613.870528241,54648000.0000001,421535.03270704,848903.64867572,2070100,365462.204950395,963450,15504000,4696799999.99999,214147.577749516,742434.661872315,201649.756451412,39090000,527791.086808584,8351899.99999999,2378691.43620583,111262.344883121,351387.256188336,464892.288749115,710200.126429999
PDAC_81_imputed_intensity,0,155080000,2604500000,120320000,4721200000.00001,590356.159589831,7782599999.99999,443674.316630583,993000,8226999999.99999,1945800000,906925.780610244,472480000,511445.197523941,226596.469977653,416222.959503473,1318586.59933617,299094.780654366,16552000,333200000,65351000,339941.029130904,717384.167352692,688011.991541561,146495.910067088,266130000,1023959.82362257,415004.109607505,932079.217278679,37217000,13003000,179042.308429116,364482.18407,1954172.73031309,462899.866223975,776031.526439675,47478.5728894489,1098471.12618274,2223600,1146815.95073206,592462.046601261,939450.000000001,86220.8814063832,528587.535248304,847021.238187175,170557.719449808,273633.492894974,533797.311124634,775181.766700471,69217000.0000001,25650000,145050000,348128.641075361,368560.621062234,424474.059828275,328767.20624583,350951.659649479,1386819.23612845,1401653.85597519,4813300,642283.244886236,51757999.9999999,9231200,295288.409049924,17969000,983386.875121365,704974.429401581,359420.461310682,1147761.74016999,634485.104543962,349740000,428457.656860494,151513.809627047,662478.692549446,10336000,222578.086797253,5088099999.99999,125990000,198290000,14910000,15920000,12477000,387470000,196570000,484152.592458254,264016.009562491,1422675.77419121,26682000,41621000,685446.03794832,1642657.86651306,171300000,260699.145493567,15976000,185815.695547701,234874.905033922,602296.237138725,355180.711393164,587627.15751354,406941.401724682,261052.181906555,336459.510010077,240677.802069862,944647.132244627,1179100,641079.201420765,1077300000,18843000,732222.157133027,411474.91808094,24353000,1547700,71378.6936564553,889944.538055398,125950000,13202000,866570,5626400,395597.315564372,432417.593651776,231953.096187129,21099000,906895.752563717,398421.878501283,239269.791090644,2039000,664593.367162804,97374.3666244853,1454467.42881644,218350.941802194,668432.714389339,265468.818298892,217061.19100195,55535000.0000001,34806000,49382000.0000001,390180000,429864.337239377,19535000,253423.243146059,690275.700801141,553408.467803398,404230.17228523,275482.647703689,1132147.22513364,5972299999.99999,592176.430691872,1026852.67131495,358550.901058713,503957.288156585,213907.603949217,5139999.99999999,892637.682421552,472325.793667683,305268.261590052,541569.631056298,1067220.03783317
PDAC_82_imputed_intensity,0,20584000,2897200000,93662999.9999999,6608099999.99999,418170.308446238,6556200000.00001,520273.380794842,1313800,6377200000,3.85e+09,153443.256496701,293110000,1151441.93751897,2461100,901227.845879035,283315.065595289,241317.441140989,13018000,295840000,67910000,505434.427988679,159611.739843759,353851.543821328,117846.099274706,282160000,352029.313076824,278739.252935122,563424.169250758,27477000,67219000,310608.048483583,478005.469311655,341542.376608877,546769.439011836,654745.444263425,322045.710409226,650610.40079673,1979600,527594.597769306,747172.303550586,772210,458269.461746031,916411.521711036,394076.018990831,147227.563740543,171012.695695229,213504.535713046,220885.680773006,45207000,43826000,134350000,401817.967047964,296190,266697.589323819,531009.100248694,728690.852347335,2018135.69192515,1807200,2081800,766129.123646049,40027000,32058000,303657.174550173,30363000,937440,681370.752164492,426854.647906198,737609.764201682,228082.962646077,320080000,474892.373291926,440722.979436542,315959.340886523,119617.953035706,11018000,5572200000,160250000,198760000,30464000,121710000,40982000,190970000,87913999.9999999,212559.639707771,6805100,518050,20687000,438250000,260822.429179787,252793.25526847,288180000,294882.714718821,12622000,168161.958502717,237935.922662282,94946.4466912734,602400.837508666,4944700.00000001,271451.111814052,280809.628249451,293352.681512265,926371.471026628,282527.444943403,2301600,275601.503474271,1130300000,1.8e+07,387775.954431308,610385.439803011,1009583.64933003,480500,925456.494197357,2752900,137760000,14059000,289131.605721692,7675600,865357.585675132,441423.156063673,291430.554301398,26087000,1365058.73707708,387833.65894173,777152.287967065,1814000,317461.036847249,939812.238105011,549525.91819499,1572726.96944474,218911.177037046,416200.202722616,704739.392792671,59522999.9999999,24358000,29626000,416660000,786588.713850504,30637000,330909.420704568,246410.136304666,505710.745770822,743895.837997363,596494.312371069,878231.607679733,5087699999.99999,334010.837398772,246270.75452731,1092799.7259495,1448600,231530.820336119,5004000,130604.200066233,106445.273707777,388980.046812874,646026.571291447,1231200
PDAC_83_imputed_intensity,0,3895600,2854900000,64720000,5674300000.00001,1857370.36860572,7286799999.99999,777687.745074732,1088600,6109100000.00001,2127500000,647014.879942139,221330000,532678.450746929,112415.33544946,266513.908045114,390646.729300154,352067.808189338,9719100,576190000,120490000,232284.411920389,978611.581242732,526896.514215181,295940.141860983,3.02e+08,381299.666811917,2246615.44226837,390339.79231395,53103000,27623000,315537.100096166,122218.428134539,584263.97751066,1691966.82800945,549380.67405775,261130.437286637,1122352.80845883,3343500,655812.919934116,359583.744472895,505481.22355807,387789.797389338,308673.995714041,349860.753869034,275669.722234056,299083.41883197,649596.03556781,445159.170351029,32293000,38867000,86268000.0000001,163359.156557373,542320,954443.92045518,637295.727564985,223485.905882616,415641.111339404,415681.842526334,4771000,723891.563876546,35271000,23302000,274643.700466031,23338000,896180,767744.516310956,506825.194103883,6524800,174116.409369946,283020000,667529.58749383,317868.338739287,873696.839653108,55156.664692162,129998.310389981,5547700000,107970000,200050000,11839000,126020000,445099.385760353,923057.574305831,160900000,284221.161945612,729540.000000001,3324300,27965000,106080000,806873.597444108,599787.427856905,217560000,168963.993936893,19941000,185282.323917495,639151.022481325,250357.694368552,260594.693998907,415047.018765471,231682.122459854,162872.55977672,463235.403545801,997493.65026784,475361.901912444,2039200,839237.82639962,2108700000,7882200,321468.110410513,303295.423339469,458299.80533742,172522.952959505,1014435.76015759,1625618.55091847,148250000,29629000,345670.743553512,6345300,979503.293844674,335503.439154535,305787.333041907,6193400.00000001,199329.182144916,10679000,338021.817186966,912045.206613536,1743600.13083216,405125.929964916,608855.28977584,949161.928187171,752331.945432788,737292.599020688,77372.9140137521,75845000,44804999.9999999,40527000,492140000,1188307.70789726,20754000,248713.697228372,1280459.15566177,374899.059953765,279393.989497575,377951.060051721,583451.988991278,5119400000,238960.09647524,966123.905619701,806070.623126582,1736300,503809.541539673,5569400,304053.170464631,310710.68712254,725616.329059451,275126.36940497,510020.933799907
PDAC_84_imputed_intensity,0,37018000,2090700000,167820000,8090999999.99999,778833.779449337,5508699999.99999,239778.527958397,1037300,3832900000,7424899999.99999,1101382.2228554,219450000,362520.389711073,3091500,389653.295957396,1229852.50563379,1307870.12368787,17974000,247680000,98545000,110406.192360709,899482.572223864,1091365.63469411,593421.320041447,251320000,447257.624901294,702320.344086719,6770099.99999999,37004000,29588000,154985.080866995,477354.142797882,64512.2556253221,221582.583474755,296750.077489701,468580.993141756,235285.644979434,4777200.00000001,922609.902547638,209885.007340908,766629.999999999,802006.625642602,1594564.40007077,83512.3869943101,122764.592794625,325293.630297661,375064.880027882,468825.220843043,51814000,33070000,127620000,634224.632831688,454682.200973259,277941.359205701,360924.801927301,492058.440286438,419174.037674717,905818.209141495,28464000,503442.901171805,32790000,27837000,433001.00063116,44482000,1220000,293518.416130239,683132.601144533,8762200.00000001,447688.435092147,220460000,1204200,1830343.17700636,247046.538253857,7014200,11569000,5079700000.00001,63515000.0000001,195030000,10310000,132910000,38796000,255340000,268300000,631642.566042485,2287300,261890,18912000,1472600,1282284.40551026,202099.327738971,178540000,4875199.99999999,25410000,305646.23963249,166232.538187014,872943.13369167,532462.459263091,513743.494014138,219262.261822301,507972.709097757,821002.409502766,682034.15416889,167539.095490661,2127400,1006513.32358208,1523500000,17739000,256850.076433128,384864.160570078,17495000,257972.434912028,2364700,4082800,108660000,75506000,805470.067758966,9928199.99999999,552893.679323668,236240.286591616,446994.316741922,36167000,326640.102551778,317132.380001525,141218.47203486,769708.23021485,676245.223789931,471541.343282267,262044.982348016,403563.875518412,645666.704916011,154451.274752326,396948.293870661,97552000,79005999.9999999,31824000,778580000.000001,485455.602534801,20726000,557449.545366751,989375.058630612,478468.594396841,409494.85390782,92763.3516877355,634947.756587543,5913499999.99999,786059.115181699,884484.61826497,720594.986482597,2894900,229050.125291747,10309000,535676.867389385,304793.086063303,784911.143740711,770710.767491272,299429.447868474
PDAC_85_imputed_intensity,0,20449000,2749600000,128570000,6570000000.00001,521955.292009321,4218900000,555012.051612262,1069000,3525700000,3593600000,129957.173182999,353610000,315285.153342846,303147.251861257,189324.475888567,278726.960115217,465729.233289373,8601500,312530000,92188000,1132459.14773782,1025968.09177799,1267682.26602427,147005.843204087,329760000,703472.835642007,1077400,460467.142056328,14055000,11726000,422546.622469728,217759.910641958,473371.577988179,417244.503440042,268405.353848429,215914.211410461,271194.221316955,1824500,5068000.00000001,378810.879847193,734130,131312.881611929,645238.151403325,449364.513925846,1054789.94990282,1066262.34552183,363104.922037083,1117140.41315363,69448000.0000001,38245000,125060000,802481.866960522,606610,350381.335419582,181242.437925158,90557.1741304611,516940.723560604,770941.058235014,12838000,311587.834920606,30306000,26378000,663383.180858554,52130000,433873.115864337,566041.694076267,521831.194921568,3384600,2557500,264830000,665496.659167543,522700.428216346,1998449.10089347,237561.770105872,7846300,6053600000,190220000,230560000,21056000,128340000,17322000,379110000,268750000,324206.560154441,4910000,147377.113477414,15925000,8461600,1145653.54611062,805299.761640396,133890000,8691400.00000001,11988000,184432.56330812,245221.459465406,515606.304073207,407566.444937588,241056.105934123,498832.368816448,245602.174541092,240241.761709742,416863.473110436,59002.3776386875,2758600,493266.333638314,1191200000,7003400,908601.321064712,190102.383700145,13771000,353452.31800305,916322.448108824,255417.316709259,87011000.0000001,29288000,101648.812305849,8493800.00000001,322708.372674625,216858.10479468,586513.597620498,5866600,180159.787356444,4651700.00000001,333899.064784773,1265800,294178.932111632,566270.344788486,999328.051043518,456311.206806148,724417.453441235,1542977.24168824,751075.807489909,76049000,97093000.0000001,45895000,726380000,539216.141901784,73984000.0000001,771838.770057517,663034.890667213,2798800,452362.29243126,144140,584151.348905357,5659499999.99999,588661.42537199,476002.383673508,396838.994203275,2221300,695726.278663243,5086300,340865.917780427,515043.405835853,266632.315972408,1305875.95418911,2745000
PDAC_86_imputed_intensity,0,437216.797743751,3271400000,117180000,4326099999.99999,90946.2810976561,3903300000,415341.279687722,595365.869497062,2092100000,1190900000,591608.596725106,181490000,347804.63067098,2453800,1015144.7663564,261922.323143474,118598.680940451,14674000,534780000,117300000,781046.194126702,50589.5814194668,750761.602874018,168730.714719231,192430000,208063.033834506,594164.216780684,5193499.99999999,19220000,19211000,145500.764242157,397436.617825753,260403.937443859,162655.700775559,218946.011111841,333304.165690254,320508.420499475,2876200,47322.3109248947,766786.341978536,4258600,249054.940162915,1622663.91538467,669409.725764115,239035.823888492,219949.374828194,441945.712172113,169885.587213183,178580000,26576000,496559999.999999,577658.065342179,1324400,579081.05953691,139214.571463432,1085230.87511162,122871.08254201,361193.187846504,3305700,490927.768721039,19957000,15834000,494653.574946029,42275000,678920.000000001,333685.503580378,655862.585635018,7547099.99999999,9552300,114480000,96995.2923660422,217571.346665968,1660061.04480036,30705.3752667582,10293000,3087700000,83991000.0000001,115170000,11140000,10787000,9387400,169980000,1245200000,166232.322701163,2718600,235440,16177000,55064000,271690.187058935,183988.203564512,179760000,67417.3067832084,9580000.00000001,625802.386736211,381890.24629712,710165.687363187,923751.967408913,831690.816583758,681143.366152554,97656.1709453789,454452.261648805,749534.558549015,456991.061055176,6006300.00000001,816551.768485756,1276700000,8949799.99999999,90932.4912774277,250916.160876681,19047000,842559.999999999,574144.013948804,315542.301262916,97580000,25709000,1255600,8546900.00000001,221625.24628773,351108.890578362,595929.385435403,61625000,76032.8386765586,326788.047391329,177971.360226456,1612300,483569.60561415,51715.0446099527,88477.1833300418,143559.628616829,484141.517027756,839771.306131114,201527.302999014,44333000,36596000,22948000,330770000,325344.222094508,48389000,480820.981455599,343023.71868942,2721200,771310.351633361,343858.822910547,261227.02223884,3.771e+09,180756.358125002,231901.806676671,1162233.04105622,213540000,226441.374032236,2358900,3751800,189304.32110505,168375.582063239,302809.038731729,2987100
PDAC_87_imputed_intensity,0,366422.036336123,3.945e+09,113130000,4297200000,69770.896743259,4867900000,875631.054120174,797149.999999999,1763700000,1245700000,198355.34383007,244470000,76785.1732916683,555390.420856566,657459.577416873,213446.088543577,1154573.21009789,16614000,206760000,104800000,386288.98697925,438980.019582358,431302.19008694,894323.509168573,178380000,454377.922911395,195226.67369323,1798800,40343000,53768000.0000001,252575.919670829,950590.06224564,273713.804107168,204253.14406679,180040.012323909,65604.9183104795,385768.789069729,2810900,1266400,515046.271775839,1999000,696497.173485501,584349.365197172,111117.318878316,564895.728371758,7406600,269196.986351775,247398.120474209,151030000,34963000,252900000,403484.42252229,507810,273758.862916833,354482.2594458,1187039.88734913,454443.616797709,117223.572853498,21743000,691114.582442702,19034000,14851000,153471.730994556,23859000,990596.082184351,222198.427516519,190305.280099124,1030938.82932909,379988.237028654,217340000,585633.144703469,936369.265591531,219955.723424813,438722.3171185,12119000,3453200000,94087000,169520000,15815000,166520000,2912900,154380000,600480000,446463.229627432,327646.63967552,2438000,19189000,15735000,509941.144964259,1422603.10487405,140490000,164126.365942499,19664000,386978.399662191,503525.609197741,607667.919328324,212137.251412064,131658.385123632,382888.14533858,371288.76232806,352288.334982849,218623.087486305,781935.84474332,2621600,335275.27995191,1103500000,14120000,476151.973196826,394885.711050552,14751000,199765.560230393,863478.783702827,299579.942574177,124710000,9879600,207923.073797068,105780.798459212,963297.967507962,599619.751047031,260781.928108307,66930999.9999999,787328.5353915,6340000.00000001,632766.129147305,1436000,780287.388574605,115743.025500894,501287.2234493,486814.849554831,521923.74873313,421927.23248827,349758.270148522,41292000,34325000,38689000,312600000,1294300.12788522,35728000,479480.354878796,1556178.53282339,497770.45151996,434833.326171996,268500,589537.131363903,3737100000,536746.976748909,102175.112126392,524885.177033746,24075000,207543.478667066,5299999.99999999,908864.868952573,602711.340510564,15979000,174787.381886343,676210
PDAC_88_imputed_intensity,0,41556000,3290800000,115610000,5280299999.99999,342695.441785805,3837600000,224714.776398647,505777.329827152,1404600000,2472800000,722115.979830507,308990000,577498.186223127,425699.993876431,519234.802148467,88870.5481632319,99657.273712835,13467000,332800000,61101000,654178.438035777,487473.895541986,226667.702948468,330226.364181094,265470000,348953.941937982,965049.735268839,1008100,32955000,31502000,872495.880722049,395754.055091878,894936.547284693,203234.433067378,565841.944188059,262399.977269663,1031354.61671572,1650300,2328500,254542.908090041,2341800,308793.978730813,373117.634217913,561839.512811307,196820.23406547,176100.307856832,269155.663444691,187049.42786727,164310000,32968000,263560000,170542.538510203,300270,962955.258313441,522201.518739534,702647.894457097,2540600,1733800,1968100,150493.693170131,37415000,13201000,101609.816941234,47660000,151440.849564651,207492.878172157,178810.5242535,6844700,1774900,151160000,819655.020453159,185020.085628714,221655.956829229,6030300,9717799.99999999,5261999999.99999,148140000,2.1e+08,26784000,104160000,26476000,273430000,759720000,518520.533973368,291324.386090136,655740,7442500.00000001,455740,241407.435342385,461472.431657896,177590000,19307000,16839000,392308.391742429,266143.847848807,537818.159793353,568495.105052821,303886.194816098,410773.03947308,340793.780837858,527756.188142124,718865.285657944,456053.822522466,5085000,587406.349920107,1135500000,23418000,133378.456343834,135569.1281184,18595000,161951.255261291,733343.806104805,130901.270661439,69429999.9999999,17490000,134536.373018422,7051900,136131.710566176,185251.462374528,240602.123100912,28113000,330361.26212358,999496.272656996,229738.950796861,2753400,488156.638916479,294291.308108688,234154.551342811,182318.126851485,289508.425217756,537616.991938367,302900.876464796,87275000,43492000,9931200,701719999.999999,73497.8155110051,31489000,478065.56318821,1276711.06729335,4252100,1001625.26182858,1640400,221465.787273992,4425100000.00001,185035.291079494,703841.961605629,144883.932138753,2711000,289032.503489101,8355699.99999999,287148.957520374,578937.875399276,225140.164861093,894432.506629963,315129.339409081
PDAC_89_imputed_intensity,0,211808.477883248,3172800000,133040000,6768399999.99999,136464.711598435,5909000000.00001,105089.399268751,300643.989477397,3412300000,2058500000,361337.486534217,251450000,420971.861694364,123531.892773761,96078.7525307644,105683.420068728,340036.070546345,22175000,284130000,85800000,137825.71351816,187351.166927454,163325.389713562,141202.410423507,50042000,590130.84575455,469522.634780162,1838600,31157000,18813000,455897.190811774,2065608.47851166,397202.086692837,451591.576705419,165111.654966465,230331.837062314,140531.210201924,2375400,188592.958068396,890649.276385448,2154900,543741.999282188,207952.892153927,359061.814037235,426082.075264768,239694.494146714,1184787.61562532,294735.592606283,146230000,33925000,247620000,356166.277350689,601950.000000001,323504.873232696,174296.279937332,353245.680656884,343726.327369874,322255.028945817,1963400,358588.794761876,15438000,13660000,279838.63170357,25947000,244247.216001009,358828.47379861,162103.973676139,2374400,158612.094223791,181700000,1837500,582162.490751593,329832.342394348,500086.319978188,14643000,1536900000,53171000,79295999.9999999,16288000,81886000,7385899.99999999,94715999.9999999,554930000,101616.014638829,144218.121704004,119140,17189000,39785000,243811.667855083,349503.283879768,68673000,92795.4737778586,14930000,741796.659529777,227901.968490172,855921.94831278,987700.173989577,223903.727554207,456043.360252045,728563.803599379,473761.144440526,469492.4660854,265318.371320831,3335200,183185.892331566,939260000.000001,19116000,353326.995466468,789645.68157127,17202000,766529.85485171,584266.44452057,346185.643534345,76229000,19887000,527690,4716200.00000001,267006.176467683,515520.319980892,794524.853512681,42047000,3054158.68335889,5354900,445685.67394898,1783000,540134.801517865,151331.012147299,183716.510409373,315507.098009555,137094.150947695,689194.275139679,1260206.35635367,71572000,72090999.9999999,20959000,422160000,454790.005757241,25970000,245467.284117509,160039.599339527,2340000,545926.914517811,218801.859815685,16700000,5034799999.99999,172204.999237417,311958.500097661,279934.590311049,3472200,424790.779078646,9701199.99999999,258643.696347978,75105.505168508,140202.189271268,679920.093904284,319191.420927281
PDAC_90_imputed_intensity,0,9151099.99999999,2521800000,122330000,5624999999.99999,95507.3955353232,6063200000,599700.430845628,110442.063231215,7632100000.00001,1888100000,844427.941263225,289540000,976600.709835417,889648.760037349,223725.630851485,322318.663799415,688335.924510884,14513000,191820000,95164999.9999999,112286.724234475,562345.442160755,448448.845319189,487033.238853311,209950000,791582.64388019,1060724.75906301,401481.472211675,47728000,11163000,1061039.95335274,471014.803952207,716653.599654565,283838.423301655,2556576.15476944,2952876.79303562,314882.138267568,1653200,122530.349803055,744973.701937939,403173.88090225,93445.0636984518,107868.182981764,1341808.38657631,880652.769635935,160949.503646645,973021.035331751,655322.606676482,34381000,35333000,173170000,266194.66449758,1092200,1272460.47289456,851514.3339922,216026.382455037,148326.396403488,393324.852106164,2845400,876367.83304424,68478000,17748000,1427223.49625866,40894000,206674.557408323,830334.43378724,77631.9061156954,849984.413562916,394932.840136264,220650000,501055.486186169,2171100,1373067.40978432,9081100.00000001,15248000,4025100000,39664000,212170000,30761000,56980000,9111100,151910000,108340000,270355.309735391,4935300,1193937.03681887,24665000,52111000,589244.907341645,201510.461107326,139200000,4148300,12163000,1175465.19847479,618561.075618642,533777.480141701,305884.281049367,550890.066228268,748095.418289413,595881.317082904,1085597.55287404,837827.747125072,963143.378326416,2620100,391283.960641664,2.26e+09,14420000,2082606.89540363,1874762.32022889,19073000,161377.720275952,496023.758342262,502019.355678095,151450000,22123000,750210,4762200,455797.135733786,1073820.74903207,1005735.2440016,7906800,1677507.82568121,7387200,157860.814908995,1042900,187128.917548384,288075.959121929,370115.736862733,407410.404835765,173539.868772267,231183.323464805,277879.383573551,46866000.0000001,55543000.0000001,27634000,273740000,281770.493442791,21348000,435006.384445439,1013161.17027718,559678.643302023,1181295.77840063,457150,339207.792003111,4833400000,623561.005403023,475873.511843771,2015516.90914051,5528800,583139.213646959,5448800,809242.379717185,349157.859183176,561291.734998531,193209.762950319,1586700
PDAC_91_imputed_intensity,0,153900000,3260600000,95500000,3916100000,166277.899634213,5033300000,592093.269095141,336580,5770599999.99999,2393300000,399452.835236877,260550000,232752.125789537,375516.912883483,122051.05339638,757199.358679873,166633.304950053,17910000,192540000,190560000,172833.549266493,333689.498767388,513691.017784331,822901.96287069,158130000,359075.220941056,108822.581564175,353008.73630434,28767000,35555000,259759.984979981,560121.95166616,453472.78213905,2495119.28413756,434228.580591613,451313.501987739,319306.21748874,987799.999999999,593755.586565997,273986.713460192,699560,281398.854200253,435585.339870408,431635.145250222,348616.502954795,167291.302745388,156574.974885755,252415.999699463,33716000,36410000,106150000,151551.955945706,1570100,367359.657936793,304932.390999713,568607.937599152,368978.014788074,213196.809403301,3138200,760309.919387413,28330000,25429000,196557.732805253,44494000,977080.000000001,168256.209855112,147509.165594124,1815500,828299.52352581,177890000,301120.304322761,1100517.84069333,320721.003935248,845780.17972549,10529000,2464200000,165960000,309730000,12105000,124950000,15300000,209530000,276410000,743212.03475937,127997.249423032,288480.248179167,21047000,55638999.9999999,348150.558334034,713874.360139611,61880999.9999999,225361.63190862,14597000,173738.08679272,351424.182791227,615590.120091959,2966582.02807102,5867400,693487.323347306,725607.676913783,569273.552010219,310974.738995689,2903660.55442135,441699.211679561,121742.145711353,2115800000,17604000,182710.536836954,753999.806766719,568254.021851034,167447.800479119,973187.903620811,546891.866583589,85932000,15593000,43176.1196844918,4872900,234315.232604735,293550.624034205,404857.217723337,13694000,672617.319610538,6039400,499040.56622382,991361.078670394,700610.679728295,386442.587165019,320436.250338059,394156.009457513,1099985.29497252,331615.134895644,244784.846301649,54004999.9999999,72169000,44313000.0000001,527960000,185145.601238225,20485000,1104327.48933117,387647.287950234,312253.878819293,231526.09437492,407714.978097746,1338912.82409341,4063100000,2237241.72662206,346679.958174319,559866.82196575,13822000,1441243.27684219,6209300,343612.722406108,213917.469115579,916558.782080839,227438.437725701,178953.733929076
PDAC_92_imputed_intensity,0,274605.185508728,3141900000,101300000,5186199999.99999,764170.555185056,5607500000,1167392.05483644,671751.054950345,6482200000.00001,737809999.999999,412658.455780498,342530000,291239.375152882,319249.097122447,442344.894784072,147909.615546798,209139.33849605,10399000,94348000.0000001,83449999.9999999,405532.408498229,3088500.13785501,338390.947465152,205736.957035922,230620000,1433863.60927522,246968.376780023,235996.599619853,47132000,40633000,530252.341791909,4035700,170151.898015274,234991.032688229,528458.514696567,257054.106738358,482107.532471126,5325300,225554.964001335,532222.599278721,11906000,1334096.44775991,384707.427888307,235935.282074805,332034.744956546,489063.565836455,554495.875820803,349306.034709799,145390000,38962000,248170000,625602.493340531,936930,1839806.0688792,218596.201749826,390330.039469327,225602.650347056,483332.710191684,2713500,710985.654851692,17249000,18854000,477638.868702858,25626000,1719500,192861.504824802,395580.638537237,349455.523629434,266041.11377109,320610000,264552.40986468,605654.786794056,278061.332472772,95370.8797582883,12889000,4379300000,70823000,224920000,522581.760169403,94471000,315248.335065396,139550000,508940000,169011.66540065,3737400,531440.000000001,22191000,48323000,144104.535625025,343912.046445215,310250000,995935.356116422,15969000,356155.737914063,1734461.89901401,121184.556144575,95698.7519751922,7523400,221966.495829931,153017.329702284,368113.523125562,182979.816311827,353501.715753122,3524700,238519.032823678,1097400000,16197000,389461.117936427,384752.189957933,535316.890703913,94910.9708825502,1559841.66721828,177793.304319792,153990000,14616000,4181100,8462900,361705.289781366,875727.508164494,189954.224055679,16394000,175299.355237291,416614.630068141,658493.540445923,1698900,158575.423610101,52459.6013089336,515833.571516423,233083.736530567,82811.8487949449,295010.383922576,191703.143572884,57844000,38606000,21777000,428910000,1078345.80027773,43777000,250764.376975006,959459.50207352,189003.872334337,1058600,306690,468519.390081105,5230799999.99999,492548.813187801,378920.476741922,359743.861549986,62122000.0000001,18424.2932283187,3167600,775036.936906299,287263.275335434,137704.388052607,576796.999323991,406270
PDAC_19_imputed_intensity,1,50701000,837909999.999999,55988000.0000001,1.985e+09,195660.789946069,4.0585e+10,341888.700186197,1470300,5968199999.99998,242080000,356847.719483282,183800000,144682.331411163,2519500,180051.278202936,73049.0205202158,311048.692380214,7061400.00000001,1687600000,190890000,349200.839829578,545190.150567818,194035.02678035,1053000,153600000,322853.139181972,11228000,163550,13857000,7882300,246758.31677152,5861600,571270,417785.271559477,664930.944282379,5786000,147291.298596288,13347000,1729800,558081.260125481,94016999.9999999,239896.299455368,601220.145154982,193298.684863882,7304300,33151000,2082800,741486.499619537,1562300000,13064000,1240600000,1024483.94963169,31692000,101317.174656223,222488.314358981,4113100,1084000,3476700,1566900,20475000,33328000,5321800,197540.817669627,45593000,51583999.9999999,1323000,2607800,65472000,18883000,99510000,440185.353983325,101010000,2605100,260272.192886302,27627000,2511500000,41800000,157760000,503703.512988881,31662000,4881900,102400000,1693900000,5871799.99999999,49240000,30277000,7760400,110090000,742610.000000001,20832000,333770000,48245000,830739.765784007,8917800.00000001,2225700,3841300,388451.68772995,201205.241875115,129658.842185411,3430100,10253000,9294600,2761400,5127600,2952500,1.441e+09,486014.669591259,480233.451042137,367705.113862408,9454799.99999999,2291200,199452.720093476,3847000,38960000,13681000,24098000,19801000,4504600,64163000,14262000,537070000,1251000,774719.999999999,2350800,12256000,1924600,149602.130156158,197293.433651389,294794.721528394,184713.597186803,11264000,142438.4378122,27695000,19546000,14664000,1771500000,845012.270319662,863174.53109561,1418500,891706.734575615,3907200,10082000,3323200,11004000,2555200000,479024.847804961,295232.782759795,386556.501257272,650979999.999999,217796.533627506,1396100,12906000,39916000,188520000,48554999.9999999,366910000
PDAC_20_imputed_intensity,1,130601.110510335,1704800000,87901000,2792700000,983072.95382512,3.8088e+10,278804.236829626,2638000,3335600000,725380000,465243.507608066,161580000,267206.705427022,3207100,195059.755105457,3039100,139802.451088326,9646500,609910000,92898000,676123.405735249,79239.3355410513,1841900,1693700,164470000,335322.947536003,15123000,2440600,18346000,22101000,310413.216620428,5760900,2389000,49054000,9572500,296282.709981939,514269.727116995,23286000,15501000,266777.39181457,62144000,299497.956626139,382681.322846354,287558.638967572,4053000,10772000,6013500,430993.614408893,951979999.999999,16977000,2404400000,5788100,46518000,399706.777940578,286481.670048659,7130100,2069800,11259000,1724400,5061500,19747000,17345000,6024500,474190000,40194000,291851.253840309,1384000,37497000,15527000,125700000,152932.073306804,28192000,1493400,9093100.00000001,18001000,2.268e+09,902812.703044423,167980000,203243.534113886,50458999.9999999,179267.881962461,184610000,1600300000,163667.231336146,69828000.0000001,37844000,9630100,45227000,123870.205073061,44717000,414070000,48595000,8271600,6415100.00000001,2218400,3344900,386102.578243541,12544000,187089.007186687,556480,425123.012557107,232803.726159795,674900.000000001,61308000,285918.720866976,1210300000,6099700,791597.343877325,327036.599317518,14352000,2342300,333952.468889066,601009.656868046,49020000,39180000,11775000,23874000,3419700,58806999.9999999,12684000,131200000,6146599.99999999,2075600,2609700,9326800,6342399.99999999,1006710.57942468,150404.240262053,111949.007579051,212321.972979482,11536000,642343.258067827,61047999.9999999,56693999.9999999,16759000,2245500000,9231299.99999999,17035000,138206.888488132,317104.277110552,9224600,21932000,13103000,99255.7518885027,3611200000,187778.6454993,388489.543143882,6191500,1670500000,11557000,2962500,17608000,7144100,43657000,8391399.99999999,33955000
PDAC_21_imputed_intensity,1,8295099.99999999,2070100000,58619000.0000001,1976400000,468315.350903413,3.4063e+10,571457.866881639,2956800,2737300000,263690000,127595.154516294,150650000,291919.651418764,482368.026675455,90538.5128767607,5717399.99999999,498586.890515895,9353200.00000001,1196800000,137560000,487293.203193299,210223.09024431,120519.009244155,2025500,94211000,653079.886194899,17021000,5815400,20097000,9301799.99999999,398089.715111398,8096800,2643800,43960000,196731.833591686,711961.809877653,337366.952035378,21953000,20481000,397696.346357089,114010000,971662.121029237,207013.908966511,141098.472905482,6170600,5819600,341626.436497096,316083.655165065,1074500000,11183000,1743600000,4380600,50818000,303420.179861488,383861.138901979,18853000,3406300,15879000,10281000,678281.210369498,26107000,12486000,5861800,718440000,24164000,2976500,1165300,33851000,36687000,141230000,439583.597359552,19462000,1991100,552046.394605363,32590000,1070800000,26462000,117420000,438965.178097051,28128000,5186599.99999999,546019.814075979,1.94e+09,8116699.99999999,97483000,47229000,5172500,180430000,544430,41957000,377710000,24024000,9429200,4169400,2456000,2556300,517418.94708403,8744800,186539.738533964,245430000,12280000,115002.487957613,607540,52081000,774584.973294722,903479999.999999,516310.54392017,370775.172469589,566100.417204804,13231000,6879400,243044.86676677,804832.774676602,34364000,12278000,22129000,38615000,8547900.00000001,88714000,14494000,135620000,2957500,345422.499564562,2770400,12949000,5233600,834903.200462131,203249.156984376,313700.587669464,676671.300656888,7459499.99999999,456041.727359571,28139000,42459000,19363000,2732700000,13659000,12118000,167779.739341528,191398.643156271,14102000,23152000,31565000,1180701.80420256,2133100000,5107400,5627500,153311.281481268,3373500000,9417700,2136300,26580000,166623.775788719,26707000,6393799.99999999,18078000
PDAC_22_imputed_intensity,1,2837500,999970000.000001,73586000,2189100000,406030.147228196,3.2333e+10,210482.295043416,2574800,5609199999.99999,832730000,220705.58485698,147430000,99332.5608378787,2544500,76553.0832482105,3500900,295960.790092057,11840000,772850000.000001,157840000,1154908.13533222,416612.684442631,3042400,1858300,74305000,157974.599712187,25831000,1007100,31392000,17160000,127320.216627276,4915300.00000001,896759.999999999,53525000,128679.16118629,620286.244070336,657045.387648627,16301000,9684200,140520.135628345,143480000,499087.775964333,22750000,248863.45131538,10804000,5647600,109507.205566901,186211.760528703,1428600000,15724000,2042100000,4100100,60309000.0000001,131694.493029208,263990.305650503,11090000,2452500,6694200,1936100,20865000,32759000,8653700,4901600,516810000,24368000,5156300,3547200,32301000,37365000,151360000,80732.6302166773,11226000,3694300,203088.513874814,69185999.9999999,849970000,38642000,109050000,78149.4791951156,46114000.0000001,2492300,47017000,1602200000,291425.041642538,37032000,16492000,7388600,1072400000,836280,27466000,603940000.000001,69025000.0000001,16471000,6194700,2578700,2279000,91631.6625365221,16545000,189293.205934616,2258400,7995000,83216.5812552512,263440,37342000,8612500,2356300000,254057.593781177,142120.460694274,121282.007498917,16361000,4983599.99999999,141713.043443725,86460.100248055,48678000,15144000,17598000,13781000,3655900,111750000,24522000,149630000,654553.569528942,8197300,2683000,8363700,7355300,513449.147748411,224480.03090287,342173.240221414,311429.922345069,337592.642572195,1024181.55563965,33987000,31920000,16619000,2302800000,16417000,4613200,757720,423517.964759574,10389000,19958000,7572800,1093116.49687681,2940500000,6053500,5412699.99999999,5871600,2574800000,4907300,3332000,25238000,6872700,19876000,7564299.99999999,28613000
PDAC_23_imputed_intensity,1,215885.64061719,656639999.999999,51705000,1376200000,151757.132998456,2.1968e+10,442402.722928381,2863100,1808300000,386290000,48367000,97729000.0000001,346111.021577767,1660100,80794.3534866026,1502200,143336.701264068,7642800,2296900000,154800000,398417.851261363,4637400,4021900,1233800,71400000,144756.537410484,12175000,1022800,16652000,6088999.99999999,201176.306950612,8627600.00000001,3490100,71929.000162605,13638000,1228818.61572426,174333.882447073,25909000,5806100,277294.956975556,108860000,114217.781211638,4311600,4754200,14547000,6333900,4913400,379886.323038444,2911600000,14343000,2809800000,8769500.00000001,108990000,276015.653855413,1699500,9830800,2244200,6692700,2695300,36940000,9480200.00000001,5812500,4214200,1458200000,44311000,1343200,2552900,52216000,41055000,81458000,323822.544342322,27466000,1569000,9102300,38912000,770690000,7835900.00000001,58543999.9999999,343786.930871845,15427000,404545.50897201,64997000,2399200000,2851600,131780000,81537000,4444800,148250000,683890,44649000.0000001,262820000,42528000,9712000,1599900,2104100,1948500,182914.33398421,16779000,125200.92510996,23232000,14238000,400850.554276375,3011100,45108999.9999999,69304.1445014272,999229999.999999,221278.785707124,153481.563176884,124015.479034269,35789000,2348100,121659.958742186,63359.4037022748,24143000,15898000,7486399.99999999,41050000,9747199.99999999,33957000,5734999.99999999,498859999.999999,1440600,224937.711352303,87505.087224547,9293799.99999999,5338400,163641.958358595,449341.950904355,298219.640488726,301642.226247207,5195900,611631.095064672,31407000,31578000,19467000,2.187e+09,5619300,4884600,1752400,210544.494249381,23874000,22053000,15667000,85148.6064972944,1607800000,2583200,3399800,7364100,2145100000,6284300,1972900,17051000,8913300.00000001,20897000,6048499.99999999,31428000
PDAC_24_imputed_intensity,1,149302.799388539,3049300000,197280000,3989400000,1222894.9322119,2.0081e+10,379491.741871633,273162.302459189,2716300000,1636700000,88948000,240280000,3384400,301730.139602821,535209.619321908,62881.4465065044,154038.177547089,31355000,563750000,132170000,931502.324873234,193544.697874794,212233.916356019,1209700,73932000,1765800,643024.704896526,1257960.67887462,37724000,24590000,2857100,465287.829015785,391529.164747198,406563.669736563,282266.333499074,407367.418434256,549632.838135648,1904800,585480.568410725,136756.41167963,3189400,4496700,547181.806550939,1496221.15159289,775823.72341618,3655300,212827.106984399,264106.350651808,332750000,28942000,96100000,8286499.99999999,282651.322130362,127401.452630374,830930.559362059,130899.544558419,70544.3259473732,357165.459899815,13760000,10757000,31822000,42553000,451900.397775112,90574.6905118631,5578799.99999999,412114.009970665,908354.650580467,9136400,875360.000000001,262300000,208512.103855439,647249.999999999,133759.860940684,504979.583693922,13857000,1615500000,72763999.9999999,96247000,176784.450086964,79481000.0000001,7491299.99999999,196950000,184820000,502338.658801336,4068500,484660,25040000,411050,280769.611057323,859825.606510475,55019000,713064.085162621,14959000,264442.823284856,491909.785810205,799623.003620049,79315.1542568748,518443.091771909,2778344.92447793,674806.809467259,222859.238994738,257296.337288879,255136.35600133,2790800,163331.990388447,1539500000,396763.942675147,658106.609688863,273515.063716042,88854000,382045.478203115,143577.3644048,390356.72743212,150180000,35580000,421613.294071859,6100100,289490.358541194,306246.475988463,103608.649896887,52474000.0000001,163312.063158107,90671.4001777033,173916.987429013,348145.183361097,301768.639102173,656223.670560091,391536.05810315,1186800.83451619,937060.181582783,648448.228213268,625505.303689551,84316999.9999999,190870000,96333999.9999999,527749999.999999,305626.420618642,19877000,1901715.55154426,318205.856471844,2723900,119633.391959255,644230.000000001,34881000,6531400000,461148.661583755,346804.369658976,1236516.47544492,7223200,561476.976876359,11340000,268236.809443788,310841.299810207,99606.2175359696,173245.876170913,2689200
PDAC_25_imputed_intensity,1,255537.336237142,3835300000,206280000,2621700000,510629.165736255,2.2515e+10,530349.827392498,412517.460439601,1.5603e+10,7558600000.00001,71031000,331020000,3605900,3694300,156410.219797357,348557.842655143,4849100,24242000,236720000,111360000,970931.100406923,2823600,587806.613159647,2692100,102450000,332502.152479938,4645999.99999999,366292.546370951,65628999.9999999,26571000,401387.518311369,293981.057212216,139829.810735435,331708.882087486,207959.888897545,321125.854286016,674629.834720324,3515100,509176.320139731,2166400,3944400,150948.225112371,796266.534686353,283111.032812712,2187300,4273100,1255037.6559236,398611.884523245,302780000,38541000,95830000.0000001,659725.247307995,490020,904347.090559585,319770.472587722,110993.817818011,327782.747519298,371870.854017769,6644500,673490.000000001,93713000.0000001,27923000,220939.819052677,296701.920710995,2595500,297033.222024942,253886.916254002,19340000,2056000,539610000,734536.488139417,309903.498833295,259166.823832592,2157944.10408693,11295000,2264800000,163700000,172750000,544214.163462303,126320000,61401999.9999999,219880000,177740000,697066.249538807,4552400,463380,29706000,3944100,626275.501452776,298853.261903915,215260000,675248.231192993,12629000,570384.418031901,290515.090549893,65313.9056354621,6838300,361928.518459908,61779.9819060778,137140.779058614,272223.03068908,344213.32016228,1129614.79414497,5103700,300528.687502349,1348800000,70135000,452490.277153483,285470.338525334,48987000,249256.130579835,302930.379556331,16960000,272770000,84812000.0000001,329989.0058937,5971600,569729.591226056,168255.807871867,1585395.83418044,28834000,492324.752287255,3651200,262867.418613619,303269.042127529,522180.242812557,1446598.96488753,246919.364779177,1009862.51235341,826939.651934345,512492.694358568,1453074.43222643,113160000,94449000.0000001,45146000,227680000,133371.435888981,8881200.00000001,529947.893797785,92537.4266592623,419379.478517273,654752.364380355,234458.768479266,20771000,6407600000.00001,499363.758846594,26189000,777498.419405136,23317000,709697.902222334,5857899.99999999,457269.085493811,782605.080330878,627135.75341674,324578.61622066,3347200
PDAC_26_imputed_intensity,1,4536600,1081700000,37542000,2133100000,419047.722406943,2.2647e+10,163065.231694894,3613900,5277499999.99999,572089999.999999,147402.501875055,93114000.0000001,275789.999652691,544149.588359864,343933.227358796,2255500,333290.711186315,10500000,1.068e+09,192850000,208805.113330573,345980,3919700,1610200,102320000,136784.54755465,12545000,366686.812539525,13072000,10732000,114234.376160121,8240800,2959700,29361000,401674.23414687,155966.298140328,1274092.26779915,27489000,4485700,125759.176574081,173400000,6840900.00000001,90840.9099035353,665673.049503108,10843000,17770000,3494900,302594.944204378,3350300000,9301000.00000001,1912300000,4822000,63949000,233696.752311573,139462.797332558,8993399.99999999,2848300,11143000,2648200,16048000,19483000,6926099.99999999,6723400,1014200000,54976000,1139200,5784200.00000001,29516000,65106999.9999999,69530000.0000001,128040.067599754,16090000,4737900,6826000,34830000,1.268e+09,21201000,97468999.9999999,145408.41343215,31168000,3612900,61467000,2197700000,6462600.00000001,33631000,17597000,5984000,255090000,567480,16092000,391280000,34723000,7358600,10996000,2455400,3760500,118622.256436491,14077000,126184.804822346,547447.996552278,7869300,311197.77656399,1954500,100760000,3804000,2123700000,189815.63870779,690243.170650561,231335.554894056,11274000,5809300,226742.41383119,484992.125489862,39590000,14586000,18936000,65628000.0000001,4674100.00000001,60240000,34120000,709600000,932889.999999999,1750200,4413400,38800000,5233800,122713.755037893,125187.516580383,1519624.58763614,815126.374312325,120582.799502487,142909.157942836,23502000,16833000,7089900.00000001,2293500000,9391199.99999999,1716900,678710,290541.390701945,8834699.99999999,12617000,12141000,186376.53844404,2181700000,3603300,126491.09275042,7727300,1759100000,6410600,1588000,18733000,3178200,13173000,3302400,17480000
PDAC_27_imputed_intensity,1,64526000,4.296e+09,152700000,4710200000.00001,187605.718461466,1.9155e+10,1380012.5313782,490431.713662399,1.347e+10,2217300000,23449000,394780000,4217200,2020831.74438825,1150525.33003495,1609964.48244031,2151157.83410687,44314000,303180000,143220000,740793.672010046,3588900,376409.989695241,155605.25940794,96120000.0000001,561583.9558379,341521.942245579,865297.398405947,48886000,24324000,617427.876694307,622629.073460936,531687.297633559,734275.357464365,1027322.26452846,1012781.90025047,638662.078504131,2294500,577719.073544685,179826.046717914,2015000,2083800,428678.652133467,1764074.96704048,2078600,944540.058433991,261089.645437605,306568.281096408,298760000,29189000,56302999.9999999,2195244.38333897,1398857.83949455,254089.396823175,566373.5585315,201752.16568911,140747.818361751,389944.757950654,9043500,13432000,58012000.0000001,27937000,473294.49784607,270002.43720741,4557300,262739.736523051,1031200,2491900,1322100,352690000,185681.780582575,1776660.28868409,1237074.31229953,2046001.9056128,14370000,2375300000,96312000.0000001,190550000,886520.592570631,137680000,15676000,237440000,156970000,942838.057854772,248225.980855129,508223.412597297,31982000,1465600,563803.271759847,342247.576823779,66970999.9999999,1645005.17846563,24639000,697590.071868131,1152608.13048643,1240947.15920908,561668.831732944,905419.554294895,602292.85117439,424938.666661401,786998.923974585,131318.440347257,235255.425753587,304163.415626411,2249731.41287624,2.813e+09,15032000,291326.511115819,2639436.33552461,44583000,353233.482305146,65819.9330025057,191760.846447315,231810000,58283000,129572.732881024,5268200,725976.063913729,266330.4893675,218986.669320747,63533000.0000001,182768.376650849,460710.952126194,230411.471272769,691832.531360267,1084761.23305566,365355.326331422,1549385.2167651,1527660.9606489,743386.778018248,997715.493718973,788757.163957362,78464000,105850000,44369000,269890000,121495.289578293,14451000,814055.486029148,138265.041176423,463028.352591065,201655.61235841,788552.429159663,272201.830069269,7189699999.99998,64004.4522793413,404785.859153635,1191545.099453,1030773.6010614,551569.802389832,5577199.99999999,732605.329207458,331348.773478569,364392.987319189,1826428.34027457,782680
PDAC_28_imputed_intensity,1,15366000,1384300000,43673000,2.415e+09,750278.341268386,2.954e+10,282217.35760958,4249800,5716700000,387780000,112019.186188724,203180000,256597.700252233,1350100,135092.262047223,3529200,197195.446490902,7263500.00000001,637300000,129980000,341420.593189827,152710.686397452,2011800,1138700,161910000,87686.5355723434,14101000,831023.485327673,33129000,13816000,287599.58524665,15287000,384530,61929000,354295.294927433,117305.016520402,342553.313879385,12533000,12208000,291819.17596217,130510000,1358800,417814.575910434,181935.417741882,12859000,5330500,52543.1381835521,104652.09118186,1570700000,13140000,2310800000,4773100,25363000,187884.357805456,441517.940461091,9175900,1973200,11774000,1287000,16554000,14661000,8755899.99999999,9710600,450240000,36844000,698290,3199500,12269000,32524000,126240000,277487.885996234,6705100,4012700,9664300,31768000,2655900000,47082999.9999999,140300000,164936.822164092,15168000,8401300,102520000,1538800000,5954999.99999999,45395000,16855000,7465000.00000001,1626400000,548410,24427000,263530000,26273000,303623.852510522,3597100,2639600,2826200,151930.935003512,146303.504623722,271194.334702351,768620.000000001,6521000,92764.0073606336,636360,35754000,15183000,1201400000,312129.443994281,864670.608127452,373038.508091587,7524799.99999999,5405300.00000001,49879.5846667977,183601.2557216,54449000,20873000,46345000,28996000,11105000,61147000,31440000,299210000,1620100,5187000,2553900,11460000,5008600,57338.4256865161,141533.868266456,386652.606322655,328547.833250956,297597.459757962,335695.674688813,32757000,25645000,18860000,2413100000,11322000,163652.90663383,2809837.16510908,160064.594596675,3631100,28083000,8444100,276417.839981374,2656200000,6048600,60576.5575957294,3661600,1389800000,7060300,2329300,14044000,247295.570700908,9212299.99999999,5406700,14976000
PDAC_29_imputed_intensity,1,150317.663601034,1805900000,63285000,1996600000,60746.3825482153,2.5396e+10,517299.873614442,39149000,5885499999.99999,820230000.000001,6039900,134590000,451234.957701734,456499.211361661,215499.325041566,5098500,61072.52277953,6161700.00000001,333200000,95664000.0000001,117323.11051454,478058.348188756,2721800,3469900,77343000,166998.478933501,30999000,3183300,14916000,25854000,170238.648509227,11929000,660720.933495112,111880000,53692000,252856.418371235,632102.618670132,12569000,49622999.9999999,363786.538019946,175570000,1914600,246069.277589927,279651.885102261,12327000,3498800,3613900,245352.586212817,1765400000,13263000,1977200000,6359399.99999999,20263000,104438.372076979,375290.246894201,11062000,9051400.00000001,91089999.9999999,3285300,441426.247271869,21916000,8294500,8435800,30252000,49400000,505469.999999999,2083200,51129000,14140000,145800000,271500.193460682,11758000,2396300,835338.956317699,10977000,840129999.999999,24565000,61404000,46238.0879330494,24901000,10032000,66096000,1.505e+09,7835500.00000001,32004000,14973000,8414100,780810000.000001,342180,22170000,495100000,20712000,4135600,8075700,1825700,4434600,1300438.59076963,58011.1287065236,405037.034254471,194939.721226865,176014.726056492,107633.895504811,230961.688398215,66711999.9999999,11911000,934660000,183545.94611425,264721.292037905,312598.077605946,27157000,13768000,356817.717242854,91730.1150853624,55104000,20231000,12803000,56841000,5867700.00000001,46032000,25055000,202990000,314809.266372652,10246000,1802600,18666000,11760000,109643.723466609,66476.189530594,184293.903588301,531618.86993358,3255300,585906.733204698,57752000,24616000,21333000,2978600000,9769100,5618600,201203.660781124,120133.324035688,18460000,18126000,18309000,240544.834079144,2.396e+09,4516900,7237600,4081600,2638800000,1848300.9562635,2817600,21699000,7009400,24551000,4206900,18098000
PDAC_32_imputed_intensity,1,189312.925699824,915770000,69799000,2400200000,340618.778964786,2.4431e+10,243991.879769634,12287000,2785600000,453330000,7195600,85763000,1402000,59391.7772745612,160640.375909311,7224500,150724.343375887,5311400,503950000,112020000,318186.081864344,1188697.92560622,4324399.99999999,2218200,99771999.9999999,317722.765265639,37420000,261210000,5722900,14287000,496576.63997021,10186000,3502900,22236000,19314000,962190.000000001,726150.340509573,27658000,30354000,474577.668413861,48476000,2134900,604619.842519777,275759.397470191,30821000,17408000,5520300,645054.529325621,2.091e+09,13813000,1583100000,3040500,5101900,148448.782309298,235303.72507374,25304000,6581999.99999999,76410000,13066000,849888.270456131,7887700,5838300,5892300,418620000,47772000,718680.019921527,2788900,21755000,52866000.0000001,86888999.9999999,663179.155258337,31466000,3231300,3398800,5183600,1167500000,13773000,123830000,570847.964805517,20022000,2646800,41743000,1014800000,6400600,33684000,16142000,4958100,488350000,602990,34413000,273590000,69412000,6953300.00000001,7298799.99999999,2597800,5745400,441917.114042657,830939.28878646,491628.661831451,616852.161687477,9430699.99999999,266702.700735901,3362200,21703000,291482.370324334,910780000.000001,182795.75048259,722836.281611941,255926.827174205,6041600,12091000,466835.052933271,409182.655409636,25732000,8729899.99999999,32659000,54716000,10437000,107380000,16813000,475180000,376830.458468551,5315500,4031500,17814000,9017800,424325.110038283,499815.594895193,799949.793277096,441453.653191358,12530000,257252.535279186,35547000,30538000,609911.544894723,2946500000,14600000,5108700,742453.119342449,499554.71489366,29629000,23505000,8920300.00000001,101392.856855662,2999200000,616772.112578133,15637000,11368000,2189300000,5561200,1718100,30722000,6476500,28963000,7723000.00000001,24079000
PDAC_64_imputed_intensity,1,207810000,4825900000,200900000,4700800000,230318.128082306,1.9206e+10,279392.32294697,504110.119287864,5621700000.00001,4563899999.99999,104970000,532460000,395807.508374543,1097182.46170474,332166.078632482,787651.836393584,1209900,54645000,301740000,74130000.0000001,183636.272316448,88099.3314031549,359038.342132071,2958400,115150000,2400300,342795.07218215,315886.671686103,65676000,217571.967662122,484073.518038328,351222.127556902,266661.515042919,395483.068922775,275263.620319095,1012411.0420693,806107.183633929,177681.165758298,643960,294426.867605562,1740400,300125.391242014,482377.543575103,522920.03645613,2244400,835797.487554757,344572.842854684,861137.641469277,90853999.9999999,32605000,128700000,912730.790419908,373937.897342547,146371.211519011,589588.877071527,372114.29661541,243275.23902645,281670.4318551,8809000.00000001,11590000,58068000.0000001,23820000,286355.439726036,1177700.73436764,594026.571524341,894457.682330221,263554.704473315,13276000,2501419.91800983,327150000,384719.025386336,330320,594070.946568099,164411.567899657,13930000,3576200000,80915000,324070000,112869.507759916,1.41e+08,5482700,244870000,195710000,362070.310904341,12206000,463790,14584000,328649.203067283,508129.046101751,1711977.45760716,170640000,422196.954490647,552860.871865275,274014.300557481,310078.382927713,211269.617519368,11446000,457508.226565838,94854.6401812801,472379.397354095,635899.786566457,236601.237594078,523332.342797084,80565.145722457,972957.581522504,1189500000,16451000,837399.030016434,74154.2873383687,57647000,670271.107581441,621821.156492367,445827.520387443,138440000,71059000,233077.230382764,4506500,457343.358300997,240670.292979043,295922.007895922,20076000,238134.313405761,13542000,506881.832248384,2002715.57011344,93761.8387411375,851829.890010758,54649.9519670861,282924.005825694,687544.669619386,465446.389513922,241803.444331108,126220000,118650000,65882000,349680000,1063140.77324026,15610000,194304.007339571,125017.133644156,628558.261883871,1915300,454945.707044006,46040000,6226900000,375857.189505036,357518.537574873,233903.729826135,11889000,213402.560855064,10615000,808122.054812777,246721.477754976,223735.580753772,83122.4191727538,276689.591786371
PDAC_65_imputed_intensity,1,283510000,4474800000.00001,166840000,3732200000,242379.966117222,2.2263e+10,56535.7893522513,256951.661100595,1.3822e+10,3.482e+09,18573000,718110000,125018.55308369,2844400,123022.712982369,1344640.87572437,773021.489517449,18232000,335460000,107910000,5191309.38021571,2421249.89077239,191246.755464537,766228.914502187,79500000,720457.960855006,2064500,824514.53978131,53576000,38768000,213027.509279059,849215.523222223,146331.546524494,488567.809496301,319702.798034604,1011221.90403335,1915877.38717346,299709.823866654,872265.073487747,496399.609690334,15763000,1697213.05770176,968130.109342082,205536.412886364,545090,2561557.58499701,665856.257517466,938509.704621324,152360000,48545000,70131999.9999999,1480033.11015629,854514.791136155,110452.220316052,1105092.38851921,980661.384858038,247444.561043451,370593.675515723,5978599.99999999,1665099.22828021,116070000,17174000,270315.444270774,436218.512429913,3676600,552771.797365184,1048500,4077500,670785.29949205,395090000,145266.33745772,308519.43768912,623474.592907267,899778.170847441,11085000,2.717e+09,102250000,163090000,1197522.1651425,68883000,6659200,289123.153425224,131720000,137840.68912026,556720.819583537,1021989.98648722,55917000.0000001,37649000,332939.764771528,766056.283807731,158600000,836906.95461095,18812000,2259061.60018283,1813738.22918635,1660593.09224373,447929.809547342,1358315.34988289,198112.849561318,682800.864374613,496093.347120398,261876.260084717,686043.051842886,286535.291521542,820176.434030167,1.3e+09,492711.276188231,509034.187186605,565168.521005819,78003000,468776.356315909,310735.9688188,231599.957676522,201930000,72970000.0000001,179219.998412553,1854000,224572.535389278,233036.976003287,404527.349756192,44287000,4183111.15390559,4065100,349161.129923977,533396.246611197,178567.239308925,1916619.61959929,166471.460907853,719383.68921626,1068915.67984541,654565.463993182,1768438.94556433,94218000.0000001,31790000,68100000.0000001,294130000,341337.1161053,20558000,553778.647280028,471784.225892733,918868.659888116,1083400,380101.863872614,16161000,7100300000,302885.507666386,277991.252091196,474537.789057628,267468.415758241,1553954.79872683,7664699.99999999,660962.042182037,457120.166133424,3672225.11198353,252002.393009961,654328.920043187
PDAC_66_imputed_intensity,1,905310.766666612,5090200000,132630000,3899100000,534591.956571727,2.3102e+10,363826.653654675,1485300,1.1172e+10,2298300000,25296000,483160000,353055.607890639,238259.622213054,772608.904902115,1940002.21512163,1986900,7874199.99999999,178500000,124210000,565843.735661368,541760.213863616,733268.190538132,1880800,63751000,157059.492693289,4144500,777132.741566413,66106999.9999999,43533000,1743005.63480535,345307.063325356,396627.99351671,595290.91571742,1056602.39490444,448247.041661987,527845.059364274,1618800,222828.982855252,1427200,2934100,735507.773908831,1341913.70714178,621991.036960897,1000703.42410586,1002154.54881194,960275.597250177,395475.147845148,2.48e+08,30910000,135080000,667420.989790561,227373.008712911,278384.624930089,638319.861630141,1535539.01259963,571152.681701061,1098100,7911799.99999999,429320.816439974,93046000,19361000,774061.606754229,34110000,271590.782200811,631630.790881771,1141081.9407726,5579000.00000001,833618.580376691,465630000,952571.019661772,473561.108788345,1931035.41343441,417038.676157684,16091000,986320000,52077000,167520000,387720.460803145,50003000,1000647.64091548,594288.832035422,77787000,459289.923371422,890912.129310666,147126.908411719,44755000,4895400,352042.2161865,951468.34895064,99592000,235437.334021003,1219385.0155597,1550735.34076259,409157.350333456,521179.706159999,277664.770967485,1703000.55788807,195537.654106012,121396.511775726,232175.14806306,452723.036330129,1363070.86991919,490169.743101835,484515.496915118,557800000,18909000,352597.671673916,201284.59688901,19837000,984630.106856251,285846.45670155,1308997.99345799,215910000,39795000,349027.51251584,9961200.00000001,328811.334609387,616023.041375123,350326.699315781,101270000,832597.342969396,197684.466957899,288299.336183419,1079899.23606412,307426.900375412,461962.06878205,852274.532307128,424695.817272021,256158.489808752,339751.439166904,576565.920676879,105680000,58250000,48559000,280430000,1348337.38724158,11200000,222672.907929667,234710.71378131,6053199.99999999,549443.498880871,85113.2957369224,645381.622515226,7.843e+09,820136.742854098,5949100,779915.218167085,4489000,1024734.77107447,8054100,858911.704467944,390459.912156259,1817696.59929503,541740.973535466,5175400
PDAC_67_imputed_intensity,1,264970000,4175500000,261590000,4137700000,845451.04847737,1.9092e+10,128381.313613519,305626.641479509,8450699999.99998,1953300000,47147000.0000001,382230000,502923.570201086,430876.887878216,336836.332387313,392777.703435492,970289.999999999,44692000,109520000,94344000.0000001,513266.060247665,350182.34167345,446587.352427181,1554400,142160000,350898.624625423,925899.13403538,394436.671409086,56806000,92793000,219336.960497254,1027870.36097292,617966.180656336,568602.007219204,238809.637403643,2841805.27465085,612011.655880707,3325300,2840499.93437778,318975.399961076,2341200,820885.849796459,708164.089045746,636963.341201545,1154122.46041197,413875.951842176,781581.618609261,1086037.41789996,96674000,50727000,88796000.0000001,629541.807209193,429851.693950825,299458.914711759,483105.863603254,417854.854314078,1096821.3037666,1207855.36677865,22336000,1533815.15283196,71651000,61143000,1266056.18194023,1435097.48541613,8864800.00000001,1221050.73598331,549967.824460982,11736000,6043599.99999999,425870000,238759.134877302,2274108.91626608,688480.419114335,1064926.50152565,14897000,6139500000,118620000,469930000,1794859.2140543,2064557.86256977,59221000,357120000,74750000.0000001,421270.802413563,376593.204336972,447493.623097723,29699000,53379000,1010759.46992924,312264.136060944,90278999.9999999,878357.92701197,212141.305957623,235465.002389767,1092493.23519611,625349.602355003,408297.598799432,902491.760799096,344003.975602366,662238.148788598,2899147.57946398,941772.159475858,1284336.2415808,522716.117897175,359878.178412092,2.561e+09,25686000,1408032.83747777,257464.356906349,31145000,1103905.36645693,11519000,2256044.30084081,355900000,50306000,770663.331585999,577588.135775614,276370.067782473,424981.842517292,988812.271457992,33506000,712240.674585087,914885.286336877,1372955.34598305,1736400,493831.040219878,1129222.31789619,189485.246705645,1057872.77466021,965153.070191909,1336515.4615549,663755.611755029,94707000,83845000,106560000,411580000,379893.724796592,23619000,764668.311059095,528628.521091671,994308.760008603,2733700,339352.186543749,103270000,9724500000.00002,1442878.70192743,157984.961342743,306951.952517145,7470700.00000001,521402.704049908,20264000,936944.746719603,386389.827018232,552797.845783894,934277.906517962,184210
PDAC_75_imputed_intensity,1,4417200,2068500000,99376000.0000001,5876500000.00001,676489.414035595,3652800000,130926.669715402,733339.999999999,2322400000,1117500000,581885.160119514,182560000,467159.547861727,3283400,304126.312288537,245296.172665213,404892.410560133,13715000,206260000,86626000,180351.020426852,47372.0774247445,461772.013975918,418557.155020704,90120000,147826.809510406,388148.009819082,898640,23626000,12146000,68766.2944080038,377895.180727077,589963.938787282,576088.167601928,706405.484240175,591981.775940374,323654.051667179,2009134.00462299,736680.329691038,511460.204660182,2014000,792564.250725882,715569.947897768,804283.971810694,224414.314791121,1823962.2848032,886399.934750602,466310.331458926,111080000,43370000,340430000,663653.988936076,2304000,276151.717477417,385795.84147665,722631.45315048,388666.044843572,563540,5964799.99999999,148191.308079906,33387000,10537000,438891.206588829,44125000,1630400,1100303.33910296,609055.354692024,6397900,2841800,143300000,148948.042999725,421240.149460462,108318.733123281,7960500,14217000,1840700000,48748000,58432000,249345.692871649,56334000,10756000,1743856.13004971,739940000,316447.598206893,4570200,1840800,12808000,642749.999999999,661136.324699108,979609.822962141,230750000,2452329.77507787,14716000,283983.638609003,702354.308403798,534128.779364894,509095.562872944,5474700,142186.733950611,402321.24015533,278436.292193117,582700.700914614,729583.901610263,32904000,158582.367392691,1308300000,14021000,466129.490894473,268982.895797637,10901000,1109838.25008666,332129.196949783,1211655.68083412,31127000,13851000,625410,11567000,338291.395390126,443660.324850999,1340942.88733884,29720000,358304.682697209,1350471.98519291,358937.908113534,2135400,629947.864605664,438526.545954721,535533.922538035,1148318.6164337,645617.783123772,369709.801947528,645444.101393195,58468000,63243000.0000001,15312000,592200000,370148.627157456,4101400,613192.870594872,190685.90460599,6097499.99999999,135904.23161238,226410,1196856.5693448,3440100000,270296.413267037,577885.10806308,506372.540951592,58501000.0000001,2442278.90713958,6247800.00000001,1347226.41270606,593794.194195683,233125.536805893,128365.492064923,15483000
PDAC_77_imputed_intensity,1,21495000,2.56e+09,78804000.0000001,5286600000,385962.709511949,5408700000,186952.803910603,172280.063672803,2.656e+09,1.2338e+10,389358.291779107,221290000,1002513.49279987,8406999.99999999,234720.182280102,121952.504330054,1023248.04864599,11310000,353110000,87432000,584312.796452105,370079.408107585,539519.161208731,376535.725989671,109190000,319224.314622828,233695.089824391,1480000,29111000,16488000,629336.247321584,531481.438778321,254880.750280752,219229.939392501,2922394.98386592,65911.5425658423,1189503.56369364,2945300,1236700,226167.564709351,1040600,253177.695052759,352647.855214029,263629.791896289,158702.35484496,230240.368352912,283591.088733602,898697.577216883,58798000,24772000,152200000,421043.259060859,391500,1013720.52687296,290281.00738214,364941.19607425,338391.667562088,1307100,6293700,244879.799274005,26949000,17146000,485587.630856203,46693000,465685.134966256,1177622.77570545,1625500,11042000,2678900,187670000,66377.2695852391,658294.198779924,89828.9602656779,8123100,15524000,2749100000,88090999.9999999,134840000,13877000,118120000,1151999.547402,135880000,551930000,271601.419237576,3877700,1032700,10244000,22532000,167715.270297285,301131.039706589,251010000,272121.193301099,11218000,398699.112201237,387408.005966206,1612965.72521961,84773.4848884392,2279800,266150.284244743,423882.765670254,157708.844829493,368083.26500759,102207.745342208,5028200,324217.766427721,2832300000,17843000,1211229.9024617,99906.735229807,228341.003148645,79095.5912284007,255266.211299471,142304.05498184,77096000,47524000,142295.046552607,7601300,396483.403651901,286155.383080921,1170978.36746797,19456000,687603.745873021,4381000,264250.515571819,1831300,531489.802520572,371065.523261145,617025.749528485,370774.886487203,179068.565901561,366311.432641799,590829.767139914,47426999.9999999,45994000,12158000,542220000,507435.807440292,31845000,1754446.69635054,464649.845515563,236537.776000464,715161.312627563,3180900,79160.9445920341,3089200000,275616.016958762,880869.25545095,262662.783663424,62276000,301467.667672275,4497599.99999999,560475.817032996,379105.003081943,619793.79776429,1052308.16318963,2677100
PDAC_79_imputed_intensity,1,10966000,2922900000,104870000,6023100000.00001,310143.164277229,6545999999.99999,403413.013160706,198898.703754144,6477100000,1278600000,735885.29738692,323100000,884861.653690425,455379.490786266,144222.142868665,423744.471324924,486064.127305733,9998499.99999999,477480000,89265000,450947.873493278,1384224.49620848,779015.770864183,515056.988952352,155870000,447680.597982521,659551.67314639,641865.50710382,27115000,13684000,410130.784353782,574581.452720676,1687721.90298498,1137157.97086879,265045.88727722,400056.183843556,161903.347260832,1636300,223550.335715679,197677.438669628,1684100,451490.730515988,1940810.80514297,182401.722373729,315328.168422878,231154.775748038,291195.44479846,690445.208191743,101080000,31377000,163650000,225522.56414734,654909.999999999,133441.815072794,225529.628065426,220917.767251772,647017.032614772,449845.100018101,2518800,596990.053191185,35854000,13310000,389672.334623852,35818000,462771.924709296,430053.516787396,618916.910622533,15017000,472492.19421605,230710000,1032257.33340916,214472.542572266,353043.942867399,6701300,12812000,2890800000,71914000,131180000,8879800.00000001,82000000.0000001,39122000,136480000,301550000,2475169.51406787,542457.823670671,269790,21973000,3028300,1353893.75666774,1257600.29619133,157950000,377385.566579369,11175000,1394486.14842367,235783.228811332,180214.171908869,298379.415501039,8077399.99999999,606155.083584038,1586781.29680683,791408.506909028,309413.628489713,661787.538687154,2805900,724125.252145687,1794900000,9351400.00000001,727532.035976162,486614.040724974,236258.133911594,379922.963915699,1080740.16085133,241095.784816798,116740000,15042000,751199.490206458,5710200,831446.034107168,536838.275841929,1427553.37232395,32394000,354890.273925945,12558000,1275824.59433785,3559700,771914.166140465,358814.260829266,214555.373528628,708019.857419982,344302.994290924,120378.741262669,725221.602333934,64299000,31404000,23828000,276750000,725612.577524233,17007000,701970.274212934,746060.095466639,114985.975465134,617590.880120623,344542.028632647,111910.258152397,4241100000,852894.25747736,412823.619735417,137506.890715377,1825300,157906.820098946,3383800,777868.488647498,811720.892512585,467187.086075456,539818.808448985,787527.103310977
