,Group,A0A0C4DH43,A1BG,A2M,ACTB,ADAM10,ADAMTSL4,AFM,AGT,ALB.1,ALDOB,ANGPT1,ANGPTL3,ANGPTL6,ANPEP,ANXA7,APCS,APOA1,APOA2,APOA4,APOB,APOC1,APOC3,APOC4,APOC4.APOC2,APOD,APOE,APOL1,APOM,APP,ASL,ATRN,AZGP1,AZU1,B2M,BCHE,BIN2,BPIFB1,C1QB,C1QC,C1R,C1RL,C1S,C2,C3,C4A,C4B,C4BPA,C4BPB,C5,C6,C7,C8A,C8B,C8G,C9,CA1,CALM2,CALML5,CAMP,CAP1,CAPNS1,CCL14,CD14,CD163,CD248,CD36,CD82,CD9,CDHR2,CETP,CFB,CFD,CFH.1,CFHR1,CFHR2,CFHR4,CFI,CLEC3B,CLU,CNDP1,COL11A2,COL6A3,COLEC11,COMP,CP,CPB2,CPN2,CRP,CRTAC1,CST3,CTSA,CTSB,CTSD,CTSG,CTTN,DBH,DPP4,DSC1,DSG1,EFEMP1,EGF,F12,F13A1,F5,F8,FBLN1,FBLN5,FBN1,FCGBP,FCN3,FERMT3,FETUB,FGB,FGG,FGG.1,FN1,GANAB,GAPDH,GGH,GNPTG,GP5,GPLD1,GPR126,GPX3,GRN,GSN,HABP2,HBA1,HBB,HBD,HGFAC,HIST1H4A,HP.1,HPSE,HSPA5,HSPA8,ICAM1,IGF2,IGFALS,IGFBP2,IGFBP4,IGHG1,IGHV1.18,IGHV3.43,IGHV3.74,IGHV7.81,IGKC,IGKV1.5,IGKV1.8,IGKV2.24,IGKV2D.28,IGKV2D.29,IGLL1,IGLL5,IL6ST,INHBC,ITGA2B,ITGA6,ITGB3,ITIH1,ITIH2.1,ITIH3,ITIH4,ITIH4.1,KPRP,LBP,LCAT,LIMS1,LPA,LRG1,LRP1,LTBP1.1,LUM,LYZ,MASP1.1,MASP2,MEGF8,MENT,MINPP1,MMRN2,MPO,MST1,MXRA5,MYL6,MYLK,NEO1,NID1,OAF,OIT3,OMD,ORM1,ORM2,P01599,P01619,P01700,P01714,P01717,P04430,P04432,P06331,P0DOY3,PCCB,PCSK9,PCYOX1,PDLIM1,PECAM1,PF4,PFN1,PI16,PIGR,PLA2G7,PLEK,PLG,PLTP,PLXDC1,PLXDC2,PLXNB1,PON1,PPBP,PPIA,PRDX2,PRG4,PROS1,PSAP,PSMA4,PSMB1,PSMB7,PTGDS,PTPRJ,PVR,PZP,QSOX1,RAC2,RAP1B,RARRES2,RBP4,RNASE1,RPL27A,S100A8,S100A9,SAA1,SAA2,SDCBP,SDPR,SELP,SEPP1,SERPINA1.1,SERPINA10,SERPINA11,SERPINA3,SERPINA4,SERPINA5,SERPINA6,SERPINA7,SERPIND1,SERPINF1,SERPINF2,SHBG,SLC2A1,SPP1,SRI,STOM,TAGLN2,TGFB1,TGFBI,TIMP1,TLN1,TNC,TPM4,TPP1,TTR,TUBB1,TUBB4B,UQCRC2,VASN,VCAM1,VCL,VCP,VNN1,VWF,WDR6,YWHAZ
HC_1_imputed_intensity,0,149814.61193128,185620000,1374100000,12604000,2385000,5512399.99999999,58939000.0000001,102540000,25332999999.9999,279818.546137782,6485700,2536400,2070300,10363,442958.685929747,79335000.0000001,7.732e+09,345570000,334360000,497760000,236160000,720390000,304044.447115739,141950000,156750000,3378200000,97233000.0000001,157730000,6806800.00000001,87459.3599770096,21985000,110850000,416366.875633473,274535.85396554,4424200,29726.0152508845,412906.382181305,53194000,56610000,71126000,8606700,157870000,3017800,4192900000,213760000,1029300000,1278600000,131550000,129320000,99551000,48435000,44583000,17160000,27482000,161060000,667703.589263704,6271600,5499500,3828700,159141.925931921,901240.000000001,176547.341334237,8240400,1370200,13573000,2071600,372490.790039383,184786.263416584,153739.00957786,5530900,177770000,13520000,326180000,67135000,10088000,144092.819229812,47309000,60396999.9999999,1586800000,5496800,4023000,3192600,42448000,525770,422810000,27216000,32229000,6006000,2846700,138557.883101885,311453.964566143,181380.299273758,11568000,33992000,9329900,94951.8838737639,2263500,28815000,123380000,6107700,6799000,16068000,5377800,82368000,198880,33506000,507169.999999999,11466000,3671700,29623000,128059.315539525,7129099.99999999,935610,1530200,108660.641493192,340690000,11470000,15312000,7443099.99999999,159771.778349515,541842.036205459,15555000,142106.591444976,11519000,8232900.00000001,195610000,39879000,218400000,152810000,1995100,29393000,9245600,2488300000,115521.883570641,13725000,6930400.00000001,100687.58797089,4915999.99999999,15229000,1886200,122660.23164067,9166600000.00001,10627000,16417000,56597.5853222223,1845800,2414100000,176182.022294932,6593999.99999999,60174000,2237800000,916480000,10733000,319050000,46691.5442230873,558695.571753357,2884600,554919.282056931,12164000,5710600000,1.256e+10,916440000,398016.943094735,791500000.000001,7087600,21136000,10168000,149821.87500005,57321000.0000001,54884000,1653600,156850000,596320000,5152000,56100000,5314700,52931.5877283346,16327000,2002200,156586.264168579,2208000,6423700,177330.255226256,181541.79000904,3929200,14333000,328860000,3516800,2715800,12693000,1224900000,291960000,15186000,469270000,434482.030152765,32455000,28846000,4186100,111894.080047528,77749000,3142200000,424027.574525311,2437100,5659800,208680.119855312,104862.734921946,83567000,296048.350324719,565130000,173030.589129411,3607800,1542800,197800000,16496000,16831000,41575000,22047000,146870000,49205000,165864.967373015,6676000,8425400.00000001,335840000,6537500,84218.9413644822,7866499.99999999,179936.464679547,69703.4105815277,29029000,847584.182523534,22975000,5324400,41078.2505854419,90689.4398060606,234843.557996689,37452000,571050.569586039,75782.3050458922,260209.623855831,12303000,2434900,9146499.99999999,2245100,9807800.00000001,8020199.99999999,51356000,1516300000,13078000,82534.5390100284,144310000,31846000,11660000,23102000,15682000,78564000,33169000,116290000,945980.000000001,562688.962839759,4025700,49393.1307462841,4127000,176481.618284346,38159000,16551000,90385.1069236752,641219.999999999,1255700000,18945000,51639000,829580000,657150.000000001,606250,244255.787449761,2898100,9973300,4759300,2461100,4452000,1123800000,184103.75033537,13746000
HC_2_imputed_intensity,0,4954500,404670000,3356400000,40697000,6076099.99999999,10233000,154060000,136110000,4.0276e+10,109756.030648733,301794.530513371,210335.732800218,2147800,822640,302358.39744421,77007999.9999999,1.1827e+10,1429500000,796860000,1720200000,2411800000,4935800000,24649000,287980000,842990000,8287100000,179710000,415860000,299598.732833469,192187.452974658,71777999.9999999,209130000,223708.864414025,10673000,11104000,4669500,3898000,31723000,13711000,70522000,12140000,825850000,18206000,6077799999.99999,322480000,1403400000,3022200000,349670000,194770000,71703000,47695000,45370000,46928000.0000001,64238000,80773999.9999999,20795000,185480000,178582.520897483,3856100,2778700,7842100,298006.156403683,32940000,125452.703004651,1234400,9880500.00000001,5299900,925065.805859101,140569.697173013,15786000,467180000,38920000,855930000.000001,29457000,18287000,12919000,101030000,113870000,1692600000,35144000,181975.187036729,525959.909582123,44297000,27711000,643620000,65488000,36768000,18305000,7778200.00000001,13528000,160895.891512885,87700.8003946182,154622.088151837,208234.377357653,373695.341610646,3065800,2090000,371026.728926653,9003500,19463000,130821.855139051,102160000,14968000,286340000,636530,29251000,223751.78029005,43434000,4385100,51487000,9446900.00000001,23790000,2.694e+09,1054100000,29983000,339060000,6458000,8295400,2786600,502744.67313124,615999.999999999,69980000.0000001,757000.787371429,65462000,6608799.99999999,472750000,393820000,1146500000,423700000,17414000,58643000,1055816.81645605,7252000000.00001,256757.634965999,6388200,25270000,285292.320413283,263952.853119219,42023000,7998400,6170700,7124599999.99999,1456915.32056877,222999.572647841,564701.780970455,1455000,4029500000,129012.453912542,170654.455406633,74902999.9999999,140212.81306455,658460000,11785000,321630000,802209.999999999,7200800.00000001,11148000,5742100,24545000,928080000,2546700000,77223000,172325.312942414,976199999.999999,504988.549787123,55858000,36936000,13142000,80789000,107020000,23672000,12055000,187800000,3084900,98481999.9999999,19924000,62494.1581881276,266048.987903949,438211.855866311,2851800,131206.286569642,43468000,245892.74822987,4461800,239113.255862868,1828000,34027000,3570400,153055.994083863,94006.2358267557,807379999.999999,450890000,136741.73734787,655420000.000001,114970000,327831.652538467,24761000,453132.885217325,243501.030365952,266690.725145606,188490000,206887.934238851,1273500,81570999.9999999,12506000,562128.598254598,193890000,21510000,134710000,15546000,88335.4913550086,3650200,638179999.999999,61047999.9999999,309698.643561984,4788600,1575800,316400000,122920000,4831500,9703700,5660300,1150800000,6129800,5152800,7518699.99999999,117025.305610944,438973.967054972,1632900,124514.571830551,841650,14178000,17251000,16504000,169106.626105871,64409000,128733.524184089,282239.780243266,121340000,274840000,274940.171392723,2023300,8984400.00000001,12610000,1616500,117350000,1645900000,36083000,121179.304151968,670490000.000001,91854999.9999999,13749000,46379000,50937999.9999999,128030000,76992000.0000001,251870000,12618000,20910000,10347000,399888.39958904,16862000,34282000,6761100,10290000,398199.798184955,55523000,111110000,89019000,363878.197446636,979259999.999999,592350,3479500,213388.946706268,6024800.00000001,3242500,10726000,2198200,109106.542629081,107140000,117998.706659519,50937999.9999999
HC_3_imputed_intensity,0,585950.318029464,184920000,1296300000,14518000,3946400,7034699.99999999,46784000,81269999.9999999,27850999999.9999,317465.178499817,2714800,2217600,2155800,501037.070490956,117092.393386003,88493000.0000001,8243799999.99999,419550000,520860000,421420000,328640000,2562800000,5809800,179890000,226980000,4763799999.99999,117690000,128460000,5041500,315475.915201569,21914000,124390000,288097.285823826,233582.83271085,352696.277080915,190818.733177706,224337.496612176,43729000,105660000,64527000,8791499.99999999,113200000,3934300,2617100000,656610000,1726100000,1287300000,128440000,121830000,70259000,49124000,35071000,19399000,29186000,106400000,1359300,16921000,488850,250933.598443238,196218.859479458,610460.31645471,99199.2204580366,9188000.00000001,146378.896008446,39973000,1631300,206160.805840523,13609000,368289.054187569,8212499.99999999,1.27e+08,17247000,230740000,71962000,10105000,70418.2239008673,40673000,83283000.0000001,1537100000,6753000.00000001,6211299.99999999,4564400,39419000,117890,396330000,25250000,15177000,218879.989853525,4291999.99999999,2943100,177425.035711583,956797.014817427,2437500,13625000,8092699.99999999,4482200,2053900,110274.90512197,419647.543929384,7092600,1295800,38741000,6734700,145380000,627834.77271159,30133000,101023.563460026,2029700,3121300,22230000,3006900,9065699.99999999,790100,1618000,218655.59349237,391130000,10336000,4831800,1449400,243896.053153687,1856100,24365000,2937200,13400000,325505.997453654,161040000,42203000,211520000,134140000,4830900,53785000,12769000,1059900000,3884700,16015000,21452000,204425.352227108,338779.983860705,17257000,2302800,744004.625358763,1.2664e+10,17898000,13279000,1024804.60079297,2367700,1614900000,164626.452657423,678804.57606581,39477000,367799.200087127,1096300000,735165.155095604,715080000.000001,847064.311692443,95191.6448161728,13821000,235567.600688059,22664000,7880699999.99999,1.423e+10,1.663e+09,206808.505146979,680010000,308293.219576919,29960000,6304500,823217.45575089,75785000,30573000,4394500,133790000,557530000,550875.537586132,212250000,4876600,569840.099232445,88488000.0000001,611140.855186066,81389.7999510643,305839.716387438,5637500.00000001,236594.677694473,272409.531146826,4048400,13349000,254850000,126550.325899532,6511699.99999999,24006000,779670000,167820000,19476000,449180000.000001,73411999.9999999,37034000,44671000,5732000,226340.292618283,66033000,3739400000,144981.569165101,5367200,23104000,328712.182940488,152046.050600432,69301000,2087400,1099200000,9116600.00000001,361099.499706275,309318.119058609,175700000,16426000,40059000,34485000,33237000,161850000,53087000,4231300,300399.529740812,5987300,377790000,6589400,383112.06807756,253937.288935328,85145.0472287288,5212600,23023000,806101.150527521,9703000,5734999.99999999,232653.747271832,7569500,3398400,40653000,151385.822174779,207622.993020001,225647.211793293,630583.397341577,130395.065472588,12885000,3785600,209040.427046124,1885300,80257000,1332600000,11141000,626969.380345278,147730000,34625000,13011000,32982000,13080000,84458000,30540000,133220000,14386000,583702.656884782,12654000,252487.764746207,6059600,517311.287903647,33639000,14561000,234893.534063394,3250900,1161400000,35257000,24001000,921819999.999999,423460,279384.601238186,317942.006560194,2447200,5698600,672388.101710351,1763500,94836.9155211303,759090000.000001,262355.974894776,18200000
HC_4_imputed_intensity,0,4571700,416740000,3511200000,80993000.0000001,6706100.00000001,14472000,213160000,167850000,4.605e+10,738615.66408074,803482.393025465,3661800,1744400,744690,709050.977935279,66271000,1.5535e+10,1339500000,1633300000,1645400000,3207900000,3488100000,51867000,459770000,880620000,1.8457e+10,334560000,648250000,165611.010389732,326934.174223718,67686999.9999999,193520000,454176.296140724,18922000,11058000,10827000,3471800,671663.252118967,3229300,85596000.0000001,25933000,1023600000,16704000,5665699999.99999,238840000,1461900000,3.44e+09,468710000,158770000,90662000,48445000,54272000,64917000,66638000,75169000.0000001,13838000,142530000,440789.657418459,9084400,5698200,7934199.99999999,3478100,55795000,4227800,459590,10096000,3147700,49451000,312670,23457000,402850000,22481000,880010000,22991000,33393000,8558299.99999999,117120000,112140000,2.162e+09,41713000,259403.347991523,392359.265438292,16986000,15932000,380380000,62609000,43210000,300302.928675335,10890000,12734000,534965.516326431,92814.4119123975,145039.49430317,176946.827093766,817759.733426738,11102000,5767200,253925.523019022,1449600,16515000,74675.3715988433,79318000,16935000,1.39e+08,780029.15260394,22975000,333947.263830025,18183000,3399400,27898000,10936000,18067000,3755900000,1000800000,32902000,525940000,15270000,5229600,2179900,7644000.00000001,983330.000000001,48856000,279870.112470322,57354000,7565100,493200000,243130000,1899700000,701849999.999999,27825000,67044000,169671.112938168,3.543e+09,1067046.20053261,11508000,55900000,153021.089109977,78675.4910317896,48426000,220822.637682148,8670400,9104599999.99998,306875.529412202,41216000,93599999.9999999,1423700,4009500000,8987900,475698.50395773,55936000,318767.499658527,1018600000,563957.018111021,544290000,379248.776394082,8107600.00000001,18136000,10526000,59546000,780270000.000001,2032900000,101530000,230063.851861439,1.091e+09,165142.712762587,43376000,60023000,10223000,2233400,70986000.0000001,15860000,12160000,280270000,476593.319963892,108710000,44416000,209545.483813831,307876.902681907,176493.68263382,5202999.99999999,513071.588509054,44526000,267426.81379304,4056300,6030200,208200.894395104,26875000,479991.739484666,865520.000000001,497048.205470488,829030000,829870000.000001,312164.741478137,572290000,166900000,121407.551534774,37945000,328049.10878232,6334500,157282.996028933,308550000,483879.396725431,1794100,36933000,23678000,914819.453983962,246770000,27215000,135270000,3743400,227462.573094504,3770900,712340000,46419000,1014800,3138900,3413300,362090000,284400000,4413900,41981000,11201000,760750000.000001,6092100,19691000,22771000,257395.506674747,411415.551400033,1903500,2620800,338060,16583000,17409000,23364000,2321000,47326000,223229.050330685,332801.30511369,721650.531044995,16367000,662292.295986661,1832000,4428600,12207000,5152400,171450000,2321100000,30963000,527846.778968172,466860000,91998000,20613000,48788000,40133000,92897000,108230000,225900000,11992000,19559000,207364.125766756,340631.499476908,22854000,51484000,10938000,10565000,272717.599843488,105580000,40168000,183430000,20700000,870620000,513280,334355.178188942,230203.217699694,8542699.99999999,2936300,32264000,2843300,261607.565744865,106670000,858938.882455466,56987000
HC_5_imputed_intensity,0,15472000,309380000,2574600000,16727000,943840,6335000,68416000,96779000,2.9701e+10,342689.477256396,2723900,231895.004274632,193396.22101248,82436.9999999999,97233.5874738939,187130000,1.1835e+10,536120000,416940000,558670000,118100000,832680000.000001,102889.552862162,110130000,182390000,2331400000,94762000.0000001,168570000,3578100,170634.271449388,24209000,159650000,6533400,180852.495491983,7016800,135843.863399082,115913.883720371,68785000,96252000,90084000,10223000,165360000,11063000,5162199999.99999,563380000,1.89e+09,1.224e+09,123050000,146920000,80430999.9999999,60356000,45869000,27442000,36947000,113500000,8186900,25635000,637630.000000001,870161.10657988,1137150.91719956,454573.779513166,159539.897211374,10071000,1720000,12583000,485660,305563.609631244,172694.093993921,187595.169322229,5892400,260280000,19286000,483010000,65242000,16311000,162176.899132153,65218999.9999999,91455000,1658300000,6039400,6945999.99999999,3016100,25520000,130310,576070000,15815000,712961.012215145,344499.157519762,2074000,239167.182656704,81633.2469305951,340603.378279676,3349300,39806000,9211000.00000001,989940.000000001,2730000,265838.151789367,2195400,5444200.00000001,5896700,15177000,4656600.00000001,144100000,236790,31973000,329817.563684031,1616500,3797600,35955000,62206.5146200484,9687400,238240,490790,324858.490545191,428310000,10744000,7533199.99999999,90988.0010329065,968510.436904887,1898900,26191000,276732.128200775,13840000,5405799.99999999,94209000,25546000,512820000,336180000,6259100,29829000,279671.502651099,2212400000,2481100,16971000,6506800.00000001,197716.733282627,4699400,20691000,997889.999999999,85851.1686247877,9934900000.00002,14196000,15648000,287932.580844637,76537.8373321026,1906100000,147730000,15586000,180860000,1912700000,1881100000,17345000,93271000,1835500,136855.13615068,2923900,428896.609147419,17463000,6448199999.99999,9788300000.00001,1.266e+09,463738.711996302,858279999.999999,153232.620443976,40617000,12482000,366737.128092738,78876000,48572000,822260,102110000,303180000,75211.2922204649,63483999.9999999,5174200,276036.126285285,157588.82615728,1960700,188997.19988053,3733300,7080400,222113.914149024,975600,4123000,9034800,255400000,2774800,3191500,5979200,934840000,193040000,27590000,440110000,54837000,23323000,19587000,8358700,301233.751930433,94049999.9999999,3.437e+09,703220.314738982,2366000,10778000,306955.10556279,198099.290988753,75607999.9999999,256649.264084759,595050000,152342.73683393,4611800,2549100,221840000,12453000,45901000,34089000,19612000,119210000,59687000.0000001,397259.023128783,5448700,10839000,295640000,5369299.99999999,241026.01681243,94293.9641033327,159093.311589795,4609500,17510000,82728.1539251205,45408000,2955300,166534.991147559,5390200,2965600,29872000,119799.805993184,658952.921320045,424738.129834346,60920.5324808781,2424000,669045.678567101,539055.348524654,514741.354184762,4725500,66232000,1817500000,12359000,179399.434225105,154790000,33598000,17279000,46613000,16820000,60788000,36431000,162770000,1745300,429335.795865466,2670600,5236399.99999999,5077300,5651400,19197000,13696000,261674.532373478,901979.999999999,1537700000,42353000,24040000,991690000.000001,2372000,257310,1189393.36931978,1266200,7708800.00000001,465039.875035236,2296900,177251.389464147,286610000,55833.6399007012,18075000
HC_6_imputed_intensity,0,133750000,401960000,3241300000,144280000,4619000,8468100,180410000,184130000,3.9073e+10,1725800,1244063.0796737,556916.070740278,941210,905500,7957700.00000001,89913000,1.4831e+10,1596500000,1632200000,1455500000,2.071e+09,6027900000,49825000.0000001,345200000,744159999.999999,1.1189e+10,347450000,497600000,230476.370324728,148641.71618897,85515999.9999999,176380000,456225.744263153,15595000,9755799.99999999,166359.750493275,3668800,502425.763452284,4152700,80763000,14739000,1018300000,23611000,6727599999.99998,220360000,1210700000,2.825e+09,3.84e+08,163620000,69900999.9999999,59915000,49903000,67670999.9999999,80556000.0000001,59855000,20843000,239130000,756695.81898258,3745700,6195900.00000001,11250000,198089.385272229,42351000,3093800,657270,9300000,4317900,22865000,118050,15129000,433810000,24715000,793279999.999999,33073000,51733000,19231000,159590000,79601999.9999999,1935400000,46555000,635119.170491343,610311.766694888,60346000,21753000,413950000,64899000,25145000,362844.505593132,7136400,9582999.99999999,641446.191899769,627072.047839124,443984.195937271,494911.353697413,107006.382126641,6392600,2647100,411653.388711298,2897200,15038000,318766.231968822,122370000,8283900.00000001,135630000,316401.558048745,24577000,261751.362756409,4910000,3105200,29468000,9429200,26853000,2613700000,771720000,12863000,478040000,5499800,46709000,3252800,13289000,5996700,60956000,491826.277303781,63072999.9999999,5596600,361770000,162550000,1114600000,491250000,21937000,92646000,298983.470353959,2486200000,348852.660743382,8470600,64516000,176245.89617868,437128.220287113,56207000,169756.430749178,11419000,1.4195e+10,4123800,254728.507206432,340860.465821476,1975600,3198600000,557994.146230253,11187000,98403000,566395.381878718,1181800000,26088000,732110000,216129.385006455,4445700,15531000,5805500,33715000,508230000,1335100000,22599000,411650.86017186,1065300000,1045200,55794000,57620000,596732.523876122,4608500,99265000,11093000,13303000,157270000,520077.232860132,72005000.0000001,26018000,735865.969639294,359566.666247149,719168.06336337,693315.784133611,193425.166010776,52450000,269138.668031373,2312500,6221300.00000001,521748.923903315,22484000,2640800,630504.743743544,784728.353256657,629110000.000001,670570000,237110.711669449,715990000.000001,209460000,28111000,66941000.0000001,214996.032044239,7221600,110173.660299448,345510000,280816.598793839,1158100,76110999.9999999,19979000,754622.010885294,277130000,57962000,135020000,193053.169261022,14886000,6703400.00000001,680630000,65822000.0000001,882304.140746933,2484900,714066.615566669,211600000,57404000,5864300,14468000,9274499.99999999,717070000,9740400.00000001,13300000,50208000,451273.000577876,209587.638116608,2395900,3121900,4381900,11548000,35841000,15476000,564365.713873529,90654000,471727.202622966,185012.262352355,654910000,4360199999.99999,105148.294121829,10802000,3858600,12543000,6987300,117690000,1609200000,27499000,1099397.26526217,419090000,84441999.9999999,21446000,80073000,59343000,81579000,121900000,227070000,8780900,20961000,3107200,405447.535490398,27433000,66425000,9189800,10760000,173485.477439008,176990000,26912000,124900000,229567.219165709,756869999.999999,219560,6420500,1124317.3607082,8460600.00000001,1619800,32554000,2688800,11819000,81622999.9999999,772236.633052647,55193000
HC_7_imputed_intensity,0,122729.856701063,273610000,1210800000,9613000,375643.918117307,4257300,66240000,97189000,28788999999.9999,1252400,2431700,2406400,2010900,1262000,282250.333510093,274580000,9012200000.00001,461550000,509650000,799870000.000001,1026100000,3073300000,5031400,433980000,156490000,5321900000,77859999.9999999,263990000,2801100,223420.456635156,29042000,145750000,172173.924704524,153300.85129736,10923000,170065.80882774,199657.743837734,41118000,132260000,77765000,9176899.99999999,150110000,5968800,4500900000.00001,525500000,1532900000,1789500000,129410000,130150000,55027000,45821000,35254000,12392000,46693000,80764000,469969.102844117,6416700,189417.420281362,473994.567043305,230818.960259991,104282.05766056,157471.348558088,10566000,2840600,32778000,499310.785142387,105213.257142785,268517.273902347,313620.298835085,3115800,228050000,18732000,408530000,63361000.0000001,26156000,579322.325359796,53090000.0000001,78485000,1401500000,7219100.00000001,6844000,3696000,52644000,305220,519980000,28163000,27041000,10439000,3635700,133629.641760526,132094.872765272,157017.38296286,2932200,32131000,5770700,883547.426443126,2875700,724333.904561698,1808100,6368800,6328300,20680000,6755200,149580000,3988900,28007000,577166.687313217,6494100,1488100,14388000,271502.462059824,7038700.00000001,441680,82000.9999999999,308874.772948607,516169999.999999,15555000,11908000,50860.7500506751,339519.676608382,128529.283646143,42294000,382620.759374191,12928000,3532300,166450000,34007000,569330000.000001,337910000,9124200,29931000,13338000,1974100000,2942900,12284000,5650500,119579.428849948,336081.825711045,15995000,358199.229746723,284326.406955681,8136800000.00001,62159.0961198941,1966500,181264.001337558,325050.902930111,1724900000,492005.175874284,393838.108635384,65490000,60987000,525039999.999999,24300000,122850000,1195900,141566.45490991,8846400,959380,27435000,8046200000.00002,9288100000.00001,801070000,165597.478911983,660849999.999999,83224.2928791861,32098000,9819999.99999999,677074.153514261,77562000,53787000,5472700.00000001,118340000,536830000.000001,434331.067795895,256390000,6224399.99999999,487131.586084542,140925.68735083,3292600,118493.890753539,462685.112982516,10193000,666785.335714081,233091.755640179,2658300,12919000,264440000,4233800,3049100,15825000,1524100000,282610000,26517000,324830000,606890.641677873,54647000,24077000,257657.463423665,132176.724578821,150520000,3639800000,101513.871687327,3524700,14914000,404363.646882423,413986.934853702,43689000,263055.448387698,530660000,6136100,43072.8314143768,2640000,178750000,20795000,29792000,64254000.0000001,29196000,124730000,53617000,6191900.00000001,2195300,24991000,365050000,6793400.00000001,4508200,18355000,3246100,5017800,11905000,710657.486794517,18038000,5578799.99999999,360021.101974247,4254300,4692600,65793000.0000001,170456.794446989,206835.319192721,638917.792994193,192298.191634759,4044600,17830000,5181600.00000001,293462.813713207,4197600,59152000,1801800000,10013000,374546.506841235,157070000,47770000,12343000,30566000,13732000,65947999.9999999,47883000,124780000,81176.5916564365,290565.360283063,3452600,68086.5903073998,5717300,5392800,42905000,15545000,274247.510900453,2904200,2441200000,44118000,23861000,1458400000,1091800,62302.1468481792,195063.845525494,4423200,9105700,260094.460113238,5631000.00000001,5741100,1489700000,143447.704022354,12443000
HC_8_imputed_intensity,0,29829000,498280000,3811900000,87136999.9999999,2989700,15058000,202340000,193350000,47018999999.9999,237368.023648099,571628.170708919,366225.476274428,2662000,257530,299766.658408306,51601000,1.0082e+10,1285200000,1329200000,2.16e+09,1365100000,2168300000,38277000,159360000,938390000,6799400000.00001,333790000,642570000,229375.206065689,150983.36967122,98644999.9999999,272950000,307823.725706627,14711000,7404000.00000001,9271099.99999999,957640.000000001,43925000,11561000,61868000,21844000,494449999.999999,20555000,6802500000,79250000,1395200000,1835800000,281280000,271790000,94818999.9999999,72177000,55512000,62312000,92535999.9999999,92354000,20022000,89560000,309747.253052917,2828100,4794199.99999999,5146200,247443.188305679,37678000,7571900,1948900,4131600,701129.160042342,20124000,122064.695105314,19697000,693609999.999999,42012000,1281900000,65689000,57905000,707289.546519043,164890000,96949999.9999999,1553100000,31016000,557782.599035088,463524.931313829,45230999.9999999,13080000,456490000,89819000,33815000,11668000,3942400,12929000,242441.076413648,484851.796697811,2901800,2086900,1160676.28059211,5376699.99999999,789674.25058646,218690.939803996,802889.291270266,19482000,981485.866336611,75162999.9999999,11519000,188410000,702620,17296000,840768.753427162,3912400,5380899.99999999,45715000,12299000,22371000,3896200000,601910000,25974000,498769999.999999,3608100,8051399.99999999,2438900,3368100,72696.0315679103,53134999.9999999,160760.676125064,114900000,345267.545221305,515620000,296400000,2.307e+09,1246600000,43717000,64714999.9999999,147587.401656308,6036200000.00001,98262.4152995542,8647499.99999999,59734000,480313.748421685,219881.990329529,54609000,4139800,7335300,1.4754e+10,246218.611675395,251365.359433317,1223570.3036173,1226200,3676300000,76029.957745548,688760.300118575,131200000,279305.709147873,1.886e+09,20806000,459803.66356141,898530,7859300,9828799.99999999,524146.336574058,34817000,319150000,1770800000,18767000,556140.843619934,1173100000,769561.278255181,15109000,36006000,19520000,44696000,101650000,779390,7763900,127290000,10921000,62945000.0000001,28795000,593723.203813287,106148.036627154,213955.813791024,403166.100156453,139197.542528708,69735000,188196.710147971,2082200,9379300.00000001,295442.455767026,21372000,442937.602748923,101813.835202577,184894.113120057,1570400000,545390000.000001,584419.504873886,674360000,232120000,1228931.90884821,69092000.0000001,311774.142911532,7936400,73008.3133086485,316320000,201456.341644282,198118.606259284,31247000,7217100,454091.970389061,210830000,25232000,19280000,726285.932710889,544073.004714998,3511500,995650000,32546000,324567.803493732,6877100,730650.172449265,194950000,228650000,6566900,20568000,4542700,538980000.000001,5595800,8022600,8623200.00000001,143588.660715517,336208.359137765,3382500,2721500,1230900,16914000,713572.209195206,8584600,2114200,51186000,96134.6041953906,1253151.85904361,181450000,251440000,289688.198993519,90761.2008065301,2871700,68864000,611068.510396902,192220000,1531700000,34184000,295787.813591775,630970000,111550000,25504000,79105000,58056000,232860000,116170000,242980000,8098200.00000001,699516.461354532,305076.339804858,456100.277817476,11536000,92071000,2141200,19218000,2569700,119540000,209385.75930168,66496000.0000001,129138.863475871,697700000,334130,409556.612200864,2921056.64651882,12532000,834450.000000001,20916000,2643000,202231.02842019,33212000,479098.32417194,34413000
HC_9_imputed_intensity,0,99403.7149422735,308750000,1849300000,16821000,1150700,6277400,64270000,108700000,3.249e+10,274842.274119841,4141600.00000001,450375.392550262,2279500,322118.009259978,162664.221764738,158480000,9908499999.99999,601650000,313530000,696919999.999999,421560000,198450000,3644800,155210000,131060000,2456600000,47415000,147690000,4398599.99999999,187026.653318777,24461000,190430000,165657.976583427,145298.770394028,6647700,759273.423574915,188368.015858976,90700000,123740000,78064999.9999999,13180000,118290000,7875000.00000001,4.73e+09,592390000,1650300000,1044600000,88883000.0000001,152780000,79266999.9999999,64739000,32162000,18261000,35222000,106430000,3057500,15187000,1458000,2764300,656530.568803079,145958.284464412,219419.643748316,6234300,290567.955728425,12934000,3230200,278022.619361843,14633000,247617.219391774,4490300,230190000,39312000,418140000,115440000,12239000,97221.8784549278,46320000,66880999.9999999,1123400000,11867000,4250200,2207500,37779000,218330,493970000,32336000,28207000,439598.537972473,2491000,53960.6077318139,208102.904465013,940268.151805167,2558200,89678000.0000001,8280199.99999999,1463500,232274.566640979,246783.160145943,5622600,6319599.99999999,13251000,16592000,2113100,87865000,122590,43818000,275310.902406864,8416900,3304800,22880000,932850,8841900,153350,90274.9999999999,332708.851713884,467249999.999999,10548000,3103700,4049400,44090.2061769395,625811.053502422,33372000,452464.412746418,25373000,144498.825444781,206430000,28139000,417870000,246490000,6370400,48727000.0000001,8099400,3050600000,3276400,10132000,5376000,99137.7328308918,4289000,15789000,5689300,162445.946723259,1.2689e+10,175739.746675176,15328000,192747.052603114,289201.41084882,3015600000,21204000,11557000,126420000,76108000,1524500000,123289.420001136,270820000,342528.402512615,359584.853361099,6979999.99999999,482597.748448398,18662000,6174900000,9139500000.00002,725470000,68610.5508283774,818580000.000001,118624.567154881,29779000,18455000,273049.40021143,157410000,52708000,2967700,137510000,322790000,494152.895975895,93059000,7681299.99999999,69423.5626394672,9066300,123801.399293107,82588.1871987346,2107900,10001000,200760.430728101,2144400,5168100,7876200,257530000,55525.6470007333,1596500,11860000,1.081e+09,483629999.999999,31348000,429220000,48714000,16444000,19514000,8640200,220521.195743063,98565000.0000001,1.147e+09,172591.681633835,2989400,4833800,152418.268820215,223096.449320737,158220000,1999700,389510000,9443099.99999999,1051636.70113656,3058500,221690000,21018000,24359000,38484000,30104000,136040000,136430000,6558100,1774700,6404800,292450000,7510800,136734.130620206,140197.181679025,87143.9681305308,4029600,11555000,1115100,4844000,4960600,240611.305387192,318571.844763877,3392300,47341000,85978.2050131491,510562.376128433,176037.168956626,1427800,197276.528523275,9199800.00000001,2780000,210294.636965536,3917100,46823000,1844100000,18228000,205516.511921964,190260000,53624000,12271000,59280000.0000001,21628000,77519000,49960000,110300000,1751100,342080.334607669,222678.367850522,8611200,5706300,76710.8133908755,33393000,11684000,27136.2516679859,3150100,1080300000,53105000,67951999.9999999,1239300000,878260.000000001,226090.679934201,140584.149780298,3709900,3719000,2045600,2385600,330453.555428011,903599999.999999,167521.024341587,16715000
HC_10_imputed_intensity,0,123250000,540080000,4064200000,99693000.0000001,2495500,12145000,164920000,195740000,5.0214e+10,407310.243885434,284142.038990186,121821.262779497,2174100,639380,643482.850223674,73431000,1.4342e+10,1311800000,1403600000,1252100000,2095600000,2894900000,46187000,257280000,1150100000,6345600000.00001,195620000,616520000,1055827.80884543,1127404.9800457,105880000,228910000,176803.956882121,696807.256921636,13662000,592026.801776287,791590.534398142,8474100.00000001,14792000,75020999.9999999,15410000,200700000,21722000,4693099999.99999,148010000,1404100000,2321100000,286260000,148750000,112600000,50314000,56291000,88020000,108530000,81359000,31264000,19663000,3434500,5040500,4270000,2531900,416991.171526106,48990000,4958900,768163.324750299,2968100,412509.375768573,487376.564814267,369624.751469134,11284000,695020000,35096000,1142900000,66799999.9999999,18409000,163118.105752361,158430000,129460000,1492800000,469080.692650595,211848.514736907,123653.920397043,36936000,1121100,241770000,64632000,17010000,109550000,2618900,8051399.99999999,750048.750377428,135797.271874358,722090.59975116,230026.453976508,323591.874534138,6443700,1869200,778380.5739989,139712.158921595,7692800.00000001,287957.055098051,77576999.9999999,9904100,85797999.9999999,401970,9456100,606176.786536158,225834.76871858,2598500,49886000,4581600,24112000,7013400000.00001,1883600000,110060000,417350000,121500.438114703,22726000,2969600,10032000,233104.995983867,46667000,113866.260725799,80970999.9999999,562514.697457844,501860000,201330000,3261500000,1082700000,45582000,67733999.9999999,2814800,8071900000.00001,477362.424328533,4214200,49695000,180587.91040337,260863.101320553,42656000,2344500,12675000,1.9511e+10,125779.01942865,21898000,184056.963524322,99581.0679501238,4146100000,496769.524657326,332961.254477555,155900000,52450.3969426086,2077300000,30653000,183294.143524231,868820.000000001,7458300.00000001,6688800,5750200,17925000,382510000,1061900000,15462000,385413.998348468,1423300000,949427.868840133,33649000,26098000,341130.984316757,2457100,210740000,311370,2893200,94659999.9999999,4447000,23348000,23404000,259276.304114245,388263.45942614,59809.4440901912,477018.353598941,480241.356970631,73405999.9999999,252386.648922221,2251700,146440.035117792,621861.775342979,8169199.99999999,150207.9654827,86334.7221717351,491462.984697774,1276700000,866620000.000001,217429.723128738,862039999.999999,284810000,35445000,101480000,296488.86604328,10818000,409407.078411237,687799999.999999,187377.018730676,2367800,19957000,10231000,379258.357871498,331960000,30247000,12599000,3456600,14854000,3769000,903279999.999999,29999000,391288.559563757,317165.542848264,408522.610107797,40528000,44260000,9426299.99999999,20902000,4972200,503540000,7656100,3260900,228618.899551704,268026.083195868,265080.109828854,1275600,765120.232101142,9504700.00000001,15171000,11836000,17699000,5140500,53350000,467976.911391279,458897.537615233,449960000,484580000,601470.6543886,78537000,4587500,7972599.99999999,267168.60065179,93741000.0000001,1874200000,36147000,234396.703169237,200630000,38530000,25070000,51086000,29576000,97680000.0000001,128720000,182540000,6324200,179394.492070944,267055.640440174,203454.042584441,9995899.99999999,35946000,319898.340117138,27406000,286239.044775815,110150000,1490900,22696000,1258404.74800144,783779999.999999,276592.729908343,443460.470580762,78527.2158153695,6103600.00000001,790269.999999999,13580000,274670,792605.455957351,20178000,144613.246992293,10225000
HC_11_imputed_intensity,0,103588.69841877,134780000,1184100000,21133000,2860200,5318699.99999999,57233000,100410000,2.8048e+10,144444.475157745,9295000.00000001,231950.692879589,2846200,279400,386335.476321091,186430000,8749700000.00002,444700000,446110000,480960000,405440000,2913400000,104135.253256428,359750000,174120000,5772200000,99477000,166400000,4335100,148921.53804771,25601000,142530000,53395.7499727985,183453.254330695,9938400,298377.905653767,473512.979217601,52974000.0000001,87892999.9999999,52537000,12021000,130280000,4339500,4.143e+09,597700000,1351600000,1060100000,114680000,110360000,61870000,43369000,26800000,21543000,39684000,67429999.9999999,270447.501237428,18578000,683208.42441432,373084.409032468,485253.183261325,380581.735074895,130770.515306867,11135000,922003.705348459,13740000,4474000,215868.787535352,413137.268910764,55430,2686500,156410000,19606000,260120000,78768999.9999999,13623000,61450.2363898989,41435000,71310000,1245800000,16721000,2928800,2782200,239740.433703236,113720,377130000,26931000,16445000,656663.976716639,3136000,278133.69871155,98014.5863815886,75311.9817941878,3357500,22462000,7018600,2877500,670880,63675.0804527382,8197300,7328499.99999999,6576999.99999999,24461000,5646800,160450000,41575,25072000,84619.6575147091,6279100,1399100,34142000,1524900,7035899.99999999,1095800,284450,191404.15372079,586259999.999999,10433000,67968.4103513913,430152.658112112,503683.232555127,2523100,44868000,227380.779580738,14894000,4422700,160350000,52723000,807049999.999999,435600000,9946600,48117999.9999999,13063000,1.557e+09,3896600,14252000,6509500,142707.996705394,4300900,15090000,211974.580768149,6609700,6992599999.99999,3632500,14715000,133636.493862883,60839.4083641323,1779800000,115882.849424364,5597800,48129999.9999999,388384.386870885,810460000.000001,11925000,331590000,1521300,225111.947118368,8045600.00000001,429620,24133000,1.0076e+10,1.2207e+10,804760000,156987.379659671,781170000.000001,486877.756062536,26206000,8540900,2741500,49743000,23398000,959080,155070000,439740000,468349.448494689,46636999.9999999,6141300,262691.778321827,35640000,218877.242633372,205520.98432606,219456.626655236,4894500,262996.117339086,408543.01003856,3168200,7926099.99999999,343580000,4987800,2645700,5478500,1054500000,286710000,24228000,252890000,59091000,25033000,36851000,10645000,62073.6292289616,22747000,2470600000,257135.547758515,6288700,10255000,272928.251286554,299352.23541996,110610000,4682599.99999999,519240000,32321000,79555.297234047,2655000,179160000,21483000,18118000,89033000.0000001,18724000,160930000,91637000,3756300,350407.041418002,16105000,320970000,19412000,136093.495767201,5836400,142066.316234734,5051500,34077000,165141.401833412,478880,4780400,116988.372138819,9649699.99999999,3346100,69408000,54720.7827028343,713301.332884439,892486.47965024,54282.3022260138,1056200,4986400,3462300,88303.5168131704,2376200,57667000.0000001,1100500000,18757000,115654.115756893,118120000,45716000,49035000,31982000,190009.44181863,106690000,43798000,231240000,135310.165510923,996383.257500604,150085.587085361,75723.8202572375,8180300.00000001,382385.397712667,59734999.9999999,23143000,468593.023509756,4387300,840970000,15674000,29672000,1507600000,531640,137921.551384776,160779.410614604,2552300,3092900,5509700,7231200,5083500,652810000.000001,136055.750999426,19306000
HC_12_imputed_intensity,0,203930000,455910000,3899400000,83241000,4361100,9129699.99999999,205460000,215520000,47147000000.0001,4285900,375855.352932668,378710.772192803,2379600,1524200,589782.847537231,39870000,1.4551e+10,1665800000,1322500000,1598500000,2189700000,3559700000,49138000.0000001,287060000,1050500000,1.2425e+10,259490000,482410000,326044.693336902,492250.130128385,85945000,225670000,2438600,120226.775273986,10601000,6536200,139327.229588461,11416000,12190000,72779000.0000001,12421000,337750000,17410000,4869400000,124950000,1336100000,2285300000,282580000,159420000,83812000.0000001,59689000.0000001,36784000,49432000,86434000,44620000,36283000,903165.600270655,1081328.54263732,5228000,2908000,4801200,146927.332162629,37949000,4648600,125355.780104466,6612500,216201.8393247,25841000,122040,14057000,685210000,58652000,1046500000,80207000,19701000,3686100,125130000,135880000,1701600000,6088900,273078.377563588,503561.410083838,496153.581243766,12249000,239470000,92880000,39036000,157870.613299248,2022200,16180000,359716.691795823,446441.213166509,202001.387791116,153913.799934601,339761.599558067,9846400,4293100,350438.553937066,254394.515567807,13171000,153313.229423436,72907000,8692600.00000001,134380000,768730.000000001,138730.644954447,1400007.06285118,10101000,4645500,28950000,6807500,27264000,5016699999.99999,787790000,21735000,546800000.000001,10934000,14300000,3070400,9209500,447110,61477000,219317.815314165,72823000,283014.887414333,481820000,355210000,6611899999.99999,2854100000,129610000,64442000,213262.843942716,6038700000.00001,1479168.8879386,6293800,39806000,556328.733038586,349972.933287357,63044999.9999999,2790900,328007.851498261,9629100000.00002,510667.851076266,36833.8917517016,43024.5080346732,986683.165146589,4438700000,59191.8348385138,12259000,74356000,641545.535549559,1614300000,15911000,100756.077687559,1213900,7330100,949020,3383900,10699000,418300000,1193200000,10804000,169193.398459431,1320400000,5572800,37931000,44712000,708431.665223624,705740,74708999.9999999,12139000,3840800,147150000,250708.210719341,68445999.9999999,26447000,9544599.99999999,573846.390120653,376644.319661931,8358999.99999999,1297540.92766686,68184000,388913.333028637,1302200,420127.658714197,1172200,17431000,2998500,150902.20159542,192262.227353795,528400000,822939999.999999,287272.438964315,1108100000,128387.38782295,186075.285189968,207011.674671013,184863.46636743,66366.0394955075,33172000,300110000,146758.858231277,1414300,80852000,18186000,1045778.56462071,267420000,19747000,24730000,4639400,13982000,5211900,910469999.999999,44543000,215878.897177036,3115600,408410,98047000.0000001,88012000,587889.576009124,1.19e+08,10259000,459350000,5025100,21234000,52822000,217986.222674609,212588.337679138,486250.680885829,217682.282562265,1704800,16034000,12341000,9798699.99999999,2840400,83507999.9999999,120553.480989241,110980.688815828,226710000,337400000,423483.771596541,577310.473457834,198114.290990979,10735000,1387600,171280000,1519600000,16734000,338865.534249669,292260000,104340000,2.3e+07,79723000,23506000,120050000,117810000,255530000,6071800.00000001,27973000,5739600,150826.637729726,8057000.00000001,47921000,4447100,21912000,346618.495621104,79703000,7998800,30662000,223676.20925341,636400000.000001,96686.8229002977,1092000,189359.585727575,5444400,1555700,21452000,245840,538920.153760711,54434000,172108.209148593,12197000
HC_13_imputed_intensity,0,26118000,421300000,2130800000,15528000,2439600,8841900,107710000,109720000,38942999999.9999,488983.938906175,3407000,285960.157548402,811370,310600,355424.781464628,291860000,7484900000,453390000.000001,555920000,666710000,227060000,1.033e+09,452096.076614817,219200000,137320000,2949700000,56620000.0000001,119080000,3732300,148915.093487254,36374000,219840000,6744300,778111.950746525,16563000,375002.286647563,193358.233606438,93225000.0000001,185670000,87146000.0000001,18847000,145560000,5247200.00000001,6774099999.99999,260980000,960090000,1.032e+09,91021000,155110000,79550000.0000001,50179000,42838000,24625000,30177000,99201000,14836000,24078000,219580.285880047,789997.825122926,470863.195225994,525880,87813.5379925132,9605700.00000001,2524000,18321000,344855.706197301,535508.648006934,21438000,336013.938255538,4179800,297300000,27134000,581180000,57729000,33874000,330797.383448164,83403000,143910000,1237800000,14861000,4477600,2359500,26654000,453738.218502296,740490000,21086000,17210000,7128200,2696400,117825.91988679,343195.450759717,160764.666762695,131612.710241149,37654000,402979.171230967,1427900,1579700,132910.351186273,200517.41170415,5411600,8752200,29628000,3681900,78921000,188822.097694031,38584000,160120.186382323,4662700,5923500,49835000,1671200,13029000,162130,62316.5618826913,569400.843320651,483920000,6258100,10736000,200800.442233703,216482.844845392,4512300,45690000,327811.917853075,18487000,917905.648376228,290080000,17596000,1973900000,1000100000,18860000,39235000,8939600.00000001,3470100000,5191999.99999999,11813000,9769200,328201.308532578,5545200,22170000,468390.603540883,192532.500371118,1.197e+10,227280.840324713,159913.385858366,17903000,1276200,2117200000,244030.022825214,6234500,67318999.9999999,5506099999.99999,1606400000,14777000,232440000,371403.455543159,204831.31340218,13783000,904450.000000001,22788000,4792699999.99999,6924699999.99999,735400000,273698.692650602,979160000,159003.594901404,42217000,12914000,215619.801016233,35705000,56181000,7639200,80926000,697530000,376076.735775316,77038000,7063200,111494.914885772,176766.936171266,1520800,33388.246353862,2702000,12917000,192971.899885805,1211600,2009100,8418700,172600000,6170400,2565600,10369000,1983400000,451710000,15921000,471860000,69345000.0000001,21449000,403076.158486205,27053000,303819.559665786,120790000,3092900000,160682.41486181,677308.39880751,26336000,1241900,333046.678408418,95940000.0000001,5400999.99999999,415550000,7027900,15020000,6491100,286280000,12609000,10915000,55475999.9999999,22807000,146170000,258310000,9210899.99999999,28996000,20090000,199480000,11225000,5136199.99999999,304910.091066345,1374400,4011800,16566000,539911.427179072,470190,3947900,221462.537508394,5144099.99999999,5611200,63239000.0000001,191767.902018519,198298.954457728,128034.660557561,186355.153167445,127519.807161328,25902000,4795100,295201.122943866,5489800.00000001,59157000,2380400000,18685000,303761.108676789,178510000,61713000,17299000,31184000,20376000,65582999.9999999,85248999.9999999,160520000,3750200,2244600,3126000,5628300,7832100,5517199.99999999,28042000,22754000,376507.412366926,7780700,1.244e+09,56690000,31386000,2278800000,1105100,255913.172110833,265852.115230932,4354500,3349900,2350300,7640400.00000001,152325.341399519,284950000,481820.89798566,16289000
HC_14_imputed_intensity,0,84005000,460099999.999999,3982800000,66391000.0000001,4020600,19331000,143530000,210680000,47894000000.0001,242935.22988383,215881.563496592,172588.126744626,2510600,382010,287106.105682464,38614000,1.0713e+10,1919500000,1278300000,1439900000,1883100000,2409700000,33529000,362110000,1209400000,1.1002e+10,322710000,487370000,173792.22097079,611218.883688588,85040000,195180000,4168000,16389000,20592000,13614000,3156800,22885000,20027000,95098999.9999999,18434000,444110000,14099000,5201500000,166540000,1383800000,2559100000,314220000,207500000,102700000,64077000.0000001,37170000,32351000,64343000,82394000,47966999.9999999,36472000,167983.94098463,5228200.00000001,5085800,5656100.00000001,275039.004248609,49928000,257253.206216109,979570.000000001,6565399.99999999,154674.487660319,40926000,64230.3677755934,11992000,540170000,33089000,967089999.999999,55699999.9999999,52502000,9202599.99999999,117430000,102060000,1629100000,7349199.99999999,364876.523732723,7414300.00000001,46873000,32912000,363570000,75902000,21827000,370338.770218775,6122899.99999999,11052000,161132.845072823,273106.089777772,564744.404132564,18771000,216324.235805873,8704200.00000001,3337200,143294.436854497,8487300,17571000,326652.069400312,84400000.0000001,5935800,156150000,317787.53170309,9291100.00000001,346954.090202889,4566399.99999999,3526800,42775000,5635600,17121000,4023300000,829270000.000001,27005000,356730000,7572500,10205000,4402200,9994999.99999999,435800.949550215,60014000.0000001,1150714.53538308,85187000,485479.969337022,562550000,268930000,7791700000,2285700000,106550000,70765999.9999999,3472800,8061199999.99999,831643.809627618,10918000,62568000.0000001,146351.077412851,541818.247091455,47055000,11141000,7264800,8481399999.99998,168703.974650522,305094.98651602,315913.636068268,1688800,2956100000,51863.6048047633,18193000,108030000,302612.182922361,1086700000,419465.68092717,270137.007306652,979699.999999999,123437.358799068,7629100,3787200,57850999.9999999,411540000,1423100000,13667000,604976.748709048,1088700000,3635100,23049000,40605000,156021.609544048,13798000,91723999.9999999,5002800,7400400,139330000,380757.17099526,50251000,43212000,419998.220761581,157147.594160251,460288.733570343,15101000,232589.805630291,55658000,485117.381278912,6062800,4438900,667292.326096243,17959000,2344100,454497.080972253,136921.683745123,585060000,970030000.000001,184644.790719066,596760000.000001,126670000,243178.150281612,37151000,11253000,7427800.00000001,11243000,286830000,37344.1468000928,313029.907923283,69255000,21721000,263820.950043367,218300000,23219000,67913000,11458000,14672000,3995600,751830000.000001,36630000,245017.815297914,3902600,259786.456008239,143990000,24118000,7028900.00000001,56919000.0000001,3379700,628470000.000001,5319200,8655799.99999999,11614000,883069.463445757,193633.570696282,129393.80455691,2700800,951670,16144000,10652000,10353000,3096000,46588000,300720.674985742,134815.493189153,132020000,185680000,622385.583976552,388163.649726718,226278.102849165,13549000,2899500,117390000,1430600000,25161000,153688.482305733,609440000,64925000.0000001,732460.803201162,74170000.0000001,36643000,86534000,124520000,209520000,8202100,378790.180655299,221282.897858314,345959.447129693,11240000,55083000.0000001,3267900,25230000,116501.730570028,99037000,6681500.00000001,52216000,276903.99467633,497070000,63267,1982900,371530.653890707,7084799.99999999,1572500,10348000,3770600,411740.357475322,52435000,281517.769468618,28467000
HC_15_imputed_intensity,0,17349000,304070000,1666600000,16563000,758144.797159537,6310899.99999999,88245000.0000001,138350000,3.322e+10,735193.205511682,2595400,414773.402703191,2998700,593290,239958.521453191,300500000,8131400000.00001,509730000,541880000.000001,776170000,428100000,1108900000,209660.283560605,468310000,149430000,2662200000,85200000.0000001,274750000,2673600,134993.092006201,27396000,187650000,250320.243884959,423830.925597784,12570000,272466.718987804,436218.163079245,96137000.0000001,144010000,86500999.9999999,4498300,159880000,6570599.99999999,5244600000,181580000,859390000,1.195e+09,108040000,151050000,79465000,58444000,44522000,29013000,45986000,98275000.0000001,12205000,8143299.99999999,207144.534021062,172259.120456929,199283.926048474,116990.213815541,479130.860831482,7453100,1957100,21761000,152883.948434381,215902.351109861,9717700.00000001,148026.889088642,1806200,287260000,18772000,505700000,49683000,15185000,6183800,55481000,104290000,1352600000,12922000,3459500,3158900,23040000,157010,568960000,35517000,14300000,12503000,1632300,5852500,177899.714148918,524526.026529651,393266.75413125,35926000,5718000,3704900,237726.65008808,374785.619704817,227752.886239695,5505800,6965100,34434000,4355500,100740000,337770,50704000,935660.000000001,8435800,3710300,46525000,775699.999999999,8567700,367630,187710,403170.030870598,559510000,13229000,7773600,6288600,48353.3727158594,2242100,43099000,162992.188570244,2.1e+07,402641.101874318,259330000,24298000,900699999.999999,492520000,13397000,46585000,6908200,3235100000,1969500,9479099.99999999,9408400.00000001,113309.661422405,195406.200755126,15840000,1367900,6438100,9043600000.00001,13910000,222479.300851487,140900000,245838.021774707,2678600000,257555.44515525,150784.664203669,119560000,4359100000,1165900000,36219000,269120000,1185700,3190800,8563400.00000001,244973.262339713,17599000,4955200000.00001,8137200000,847220000.000001,242952.002745903,869500000.000001,198451.956853931,23896000,13445000,307739.630314979,46813000,52019000,2464700,151670000,312990000,2819200,66011000,9470999.99999999,164037.636221854,12521000,351783.432287643,237693.287851723,3369800,11901000,439365.731286508,849719.999999999,2312000,9288899.99999999,200660000,4282100,4459600,539633.995392125,1.881e+09,370020000,30180000,590630000,56349000,30382000,52349000,17786000,63311.6760046128,103110000,3507100000,109016.384742816,2481400,14473000,165431.493528944,566359.828283191,72652999.9999999,3979000,761630000,8268800.00000001,118856.85322904,440645.561961107,264360000,17961000,10913000,24876000,13950000,110190000,135200000,118148.313746983,10845000,13762000,339290000,3959500,4437800,113021.06305006,174898.300023413,6478300.00000001,37252000,200871.935433542,163129.733625814,6512100,93479.0402118956,4165600,4173200,72050000,109733.881742546,409250.357961322,322892.706762859,163142.770298486,3180500,14186000,3746100,182285.474370537,43384.6233640808,55945000,2189200000,16230000,148390.908416348,188720000,61118000,8123800,33391000,13959000,87389000,89098000,112490000,3607500,563859.055491256,56457.569715193,8413299.99999999,7799800,165081.041224302,24467000,21429000,252308.419664243,1537100,1179900000,39642000,22457000,1495900000,345740,385030,282646.179678016,3748200,4444800,127832.169807964,4204600,8008800.00000001,691199999.999999,212709.413026396,12219000
HC_16_imputed_intensity,0,3365100,463410000.000001,5955899999.99999,80708999.9999999,4288600,14490000,205450000,178130000,39259000000.0001,1676500,152221.512312541,840232.00375111,1196600,250170,365926.132950201,51738000,1.2555e+10,1846400000,1346500000,1637200000,2118300000,3150300000,51463000,312450000,860070000,8534099999.99999,259180000,443630000,217651.731468366,3556300,85369000,212160000,320351.311086136,13891000,10535000,344520.184256938,1327600,27754000,19732000,76628000.0000001,17761000,458630000,20990000,5953800000.00001,237240000,1320700000,2154600000,195790000,199900000,98078999.9999999,78491999.9999999,40871000,48279000,56019000,109200000,24624000,45248000,512736.581384709,4185500,3584100,7009299.99999999,714323.754641221,41511000,295071.664621806,369082.405739078,7074800,668046.666111348,17277000,980159.299531514,17595000,525650000,26419000,852500000,52590000.0000001,15358000,7476000,128930000,117220000,1232700000,12525000,667300.057654122,320687.998731175,274330.728611434,10665000,606010000,97229000.0000001,26673000,23613000,4542100,13103000,201947.106621944,183225.256671406,226543.716830734,856215.776993242,390220.551671775,8307899.99999999,4268200,1011757.79529769,8062200,15250000,259943.671123768,63865999.9999999,9229999.99999999,93122000.0000001,389152.698866519,13387000,376201.909957008,1884800,4640600,53930999.9999999,9151399.99999999,24133000,3119800000,1584300000,41694000,385420000,9951499.99999999,11037000,2083500,1074163.90430061,85253.5104662525,41686000,340412.359398123,52845999.9999999,289381.918245857,359170000,242440000,1781400000,774410000,21302000,64516000,277712.739890177,5440700000.00001,286077.56747565,9535400,32257000,154594.461195289,1062946.8979558,63580000,2631700,12136000,1.6759e+10,672214.136621147,28194000,330780.692774902,284374.938093763,4.13e+09,6124900.00000001,28710000,133290000,109892.037180926,1507600000,394447.651232432,137975.044713338,1071400,7277499.99999999,7197300,6971400,31081000,493030000.000001,1.545e+09,37236000,20417000,1173300000,584862.843514743,42354000,38796000,6198400.00000001,3103900,161360000,2857300,11679000,108810000,226123.8372908,56346000,30528000,6718800,130496.291082195,894634.732416768,6886300.00000001,151017.986278219,58947000,207968.800753464,2559100,285996.842590126,135514.849273964,15242000,2014100,923083.936607266,199066.229369533,812530000.000001,845900000.000001,68825.9818199692,797990000,195770000,337682.565225157,42265000.0000001,7977700,864580.285152617,705245.940644536,439640000,214298.112075048,3596600,53789000.0000001,11557000,495455.471913863,291010000,20802000,86502999.9999999,763067.764056439,15626000,379612.502500981,833830000,34945000,347380.610556926,4499800,172188.738302207,160760000,91655999.9999999,5802900,22101000,5182800,451310000,6019800,4917300,9100700,683038.693627096,164543.497768097,1950900,424112.829378062,15976000,16947000,7541700,17616000,3494900,41086000,707045.469545456,428149.758876847,105760000,235310000,671387.377687857,27849000,3380300,7664800.00000001,1521200,161850000,2327100000,23628000,120076.658323754,531150000,95303999.9999999,18204000,86904999.9999999,53432000,126720000,108900000,199760000,18371000,535661.168409668,230052.1620568,214176.39982805,10734000,34235000,2594300,19192000,224841.100415249,103600000,1337058.49728711,24744000,282049.854786943,551160000,267793.450807286,146961.520884631,90737.79438792,6121600,2544000,8617500.00000001,1327100,737524.194513831,65410000,1488263.72724827,18963000
HC_17_imputed_intensity,0,21942000,314150000,1.965e+09,16954000,2924500,8003699.99999999,85421000.0000001,68737000.0000001,24801999999.9999,120804.06625898,6761700,3869700,4677700,434150,200454.323273307,100240000,7837699999.99999,403370000,328570000,824460000,608500000,1595100000,143322.316376346,250300000,98116000.0000001,3580100000,58234000.0000001,154230000,4425300,193655.460833755,34454000,107330000,1003172.93103729,290853.337313293,10449000,366749.37701984,201690.134150981,67806000,160390000,99871000,5490100,203430000,4681900,4430500000,407670000,1834700000,1.025e+09,91026999.9999999,158370000,98822000,44699000,34446000,20307000,34835000,95368000.0000001,1747100,6143799.99999999,1857700,366513.445455753,220895.278553225,75375.8764477008,424346.541378494,11037000,2391600,47638000,2458800,401377.68571825,212049.872517342,433529.578947478,4437200,281010000,14841000,356320000,69800000.0000001,21296000,229502.276179744,57265000,96344000.0000001,1265300000,3386800,3553400,2182600,51541000,677469.999999999,514770000.000001,15790000,34416000,7919400,12209000,410271.193458255,293960.332120286,126383.933539476,2766400,12023000,161520.604727893,1741300,69532.6823737428,229419.373610897,2034500,6298400,2364000,16889000,5857700,167120000,658929.999999999,31066000,395057.49516227,11311000,3360000,61672000,980070.000000001,10071000,366100,217000,185183.073873149,568090000,13631000,5778700,116447.216692591,418327.490993593,2018000,26370000,385652.705892214,17156000,88821.0611351402,178800000,53361000,357900000,213770000,3399100,28451000,8359099.99999999,818229999.999999,3860500,14696000,15114000,429609.76518778,8832800,15096000,181431.614266559,652025.132570754,1.3987e+10,4474900,1117794.64961911,157298.734049605,1085100,1816900000,245325.609063984,382801.702564692,105180000,1081600000,979470000.000001,117440.175488151,397150000,362167.034138698,5182700,11744000,252138.555357659,22113000,6200499999.99999,8295399999.99998,607890000,541017.571255409,799430000,333794.117989656,25316000,10096000,962709.931188188,64888999.9999999,40619000,4614500,131190000,465430000,249872.935128628,89246000.0000001,6053900,208426.432824534,19302000,358589.381918842,3949700,570616.157473156,8821500,141484.01237451,1535800,3302700,11503000,169030000,3128000,3229800,35627000,858990000,283760000,9796299.99999999,478410000,50902000,32934000,26483000,9492100.00000001,280213.202708165,102730000,2.584e+09,186332.109923485,4971600,12624000,203476.874238707,164448.202390655,80138000,854192.737839101,743130000,43479000,129701.963254082,2200000,208830000,23386000,43571000,47827999.9999999,22999000,133340000,48870000,6521400,5021700,18190000,385110000,10161000,19375000,13411000,272745.218460001,347313.921968836,27979000,200234.582850656,28687000,6030599.99999999,521665.09329139,4628700,3916300,46929000,134690.935338614,124045.146374663,832351.74250077,450981.756936676,553456.247635268,7181100,2945600,183999.174125097,5191900,62048000,1448500000,19385000,181219.539762777,159360000,66113000,11874000,37996000,26058000,74356000,63358000,177910000,1719600,447590.45016145,974196.211668273,290771.953270063,5137200.00000001,318856.627253458,29035000,15126000,341319.818622235,3396300,1.261e+09,13367000,28318000,1202600000,268250,678320,530315.903206475,3344700,4040200,372844.106164093,2777100,112022.254540342,933770000.000001,702028.369421393,17788000
HC_18_imputed_intensity,0,61157000.0000001,587870000,4999500000,63780000.0000001,3861200,12233000,169940000,225300000,51803999999.9999,87978.2322704893,961658.602556762,255972.308630622,2312900,1665200,618520.617804405,66146000,1.437e+10,1082700000,1262200000,1439200000,2358800000,2580500000,26982000,306370000,831760000,9547200000,227420000,509259999.999999,143474.882647649,2003700,90213999.9999999,271680000,491944.916568394,13460000,15355000,404137.322199467,2406600,602256.275340499,9910900,61626000.0000001,6207299.99999999,304160000,26812000,6550700000.00001,70692000,1030700000,2013400000,237670000,191100000,91849000,73531000.0000001,46668000,48690000,66813000,81488999.9999999,21995000,150544.520235131,299484.665310659,1842400,3696000,9869999.99999999,605291.596044027,45802000,5917899.99999999,689620,7770900,5319000,17515000,152988.992803858,12588000,589110000,33940000,1135100000,52924000,40345999.9999999,775005.551931439,124100000,127810000,1659300000,10921000,120589.54902185,766699.354529183,18935000,22461000,413830000,98551000,36388000,153009.727997175,4623000,9527700.00000001,337469.217059326,752714.739633034,173121.51955602,4665400,1287774.66150279,9293699.99999999,46965.929884067,532912.418655731,2562100,13803000,200546.276049187,145050000,28495000,133630000,163910.472158154,13713000,559015.103243458,5606500,4317600,49937000,5568500,23756000,3946600000,528649999.999999,23740000,525229999.999999,7072400,12153000,3979900,7036300,2211800,80014999.9999999,179629.655342694,73099000,371127.53564932,542480000,244840000,3859100000,1238500000,53714000,63288000,780897.911297477,5209200000,585724.745415328,5031599.99999999,45810000,637198.604059236,1101056.56490252,53661000,8180200.00000001,8436900,9882799999.99998,533179.357094082,748205.151125087,465886.4441092,519884.26208782,3617400000,108258.207539443,224763.757186514,83949999.9999999,727886.239972437,1521200000,27789000,681800000.000001,1302200,5660200.00000001,15787000,3275700,60009000,662589999.999999,1382100000,76258999.9999999,467716.148068628,1201500000,1611600,31477000,51625000,14911000,1434000,118440000,14509000,7159000,121790000,689979.094370897,43511000,29503000,7729500,706997.892496455,2303000,11041000,280144.429788853,62352000,159916.62359986,168408.192165317,189774.340140725,310829.131310386,18177000,3863400,2179300,165805.414579176,763790000,1181500000,190440.402486496,503850000,642970.172707419,1043138.57624245,75728.2926341524,711335.112702104,627770.469293652,18648000,224470000,333451.266239857,824909.999999999,82693999.9999999,10784000,200291.203981922,393910000,25450000,12115000,13676000,9419800.00000001,4988800,667800000,35083000,251568.108329087,4301800,315717.252882549,87181000,72582000,6309800,83126000,4903600,509500000,4270200,5849500,30587000,264943.478424936,100038.743837791,1578500,258880.919824405,2361400,15160000,16718000,12061000,350749.421148664,73417999.9999999,328169.238481022,522274.067289547,315983.87884312,243220000,457571.057434172,662664.733381699,3641100,6997200,1348338.74595129,80948000,2050800000,31054000,47302.8755261765,534700000,92822000.0000001,21164000,102390000,38373000,121480000,135550000,206060000,7165399.99999999,121192.296025503,317541.23526881,256503.413212792,22109000,49419000,3885500,18330000,118458.560883798,115910000,7732100,16617000,218524.000192646,608329999.999999,288046.976051063,120400.850421946,380106.515971133,7755699.99999999,2207500,23746000,1463100,747160.984777703,149120000,725523.180791988,24363000
HC_19_imputed_intensity,0,531373.404047337,151200000,1281900000,28232000,4859600,2273400,53411000,96855000,2.1049e+10,119591.328303238,11653000,450630.666298888,3460100,193730,540509.704861192,65473000,9888899999.99998,371010000,476250000,328490000,346440000,1.105e+09,400092.698289549,277420000,142520000,4427500000,121900000,181370000,7176900,93037.7487172227,21551000,76153000,348393.293265131,118447.716164442,8247799.99999999,188433.706216483,524418.829599694,41180000,88253000,65453000,8610599.99999999,142340000,3587900,3512600000,330080000,976590000.000001,1376600000,126660000,114100000,74852000,42061000,29986000,16672000,19352000,126320000,420888.206604457,20832000,110999.98649764,602385.039565001,344177.075093724,200658.525515419,173021.898878212,8613599.99999999,2227300,51518000,4623899.99999999,183278.648423027,25439000,595825.936334553,9662900.00000001,130840000,9017100,273660000,60301000,6165000,4716000,36798000,46411000,1836900000,3670000,8381100,5071600,84746000.0000001,814769.999999999,317200000,19904000,19116000,144515.898291674,4134200,1860800,50288.6010934653,113459.868719517,3127100,18950000,12046000,209950.67263837,1661800,268226.378178148,237059.561076917,6688500,12886000,20923000,4318600,1.63e+08,82778.4443932331,36354000,87802.3214970288,10020000,3110800,28185000,2143700,7043300,101680,555500.000000001,455369.441396491,455040000,10119000,5530399.99999999,307412.957293062,326155.51064313,328616.484811735,33777000,331490.408845305,9930099.99999999,10937000,206170000,45724000.0000001,384290000,209560000,3245900,35540000,12529000,1447600000,5067500,22482000,19780000,572728.627904956,181367.99192296,17614000,2559200,182311.373080783,5296400000,351447.793221626,70131.9960558526,197585.005327423,222782.11785617,1072600000,192010.826996509,164607.119579453,38344000,23742000,563090000,1342100,375210000,116877.976620564,483143.452228713,18101000,1601200,45102000,9288399999.99999,1.2671e+10,1185100000,391304.075601036,698980000.000001,427970.588658995,30326000,19189000,424156.17157951,59956000,15246000,2746000,225870000,510039999.999999,148598.123026577,112180000,6023800,299161.270836575,41886000,125885.807894136,8522800,2296200,6353500,283797.154536841,1219800,17596000,15624000,380920000,4496800,1698400,30665000,751940000,210190000,15081000,208360000,80746000,29022000,44742000,396209.735317291,239349.601780792,66257000.0000001,1559200000,715488.449262456,5172400,10013000,1262566.3361681,568130.238363264,66260000,256201.962372676,1.334e+09,3416200,256457.723457613,2337000,150580000,24965000,54031000,112890000,41240000,172060000,1.74e+08,3099900,1661500,9619100,423900000,18040000,10160000,197141.84389458,120487.328599567,7350100.00000001,24812000,112615.308281585,1851900,6295400,210972.244143316,574629.436208722,2254600,33092000,334578.849627361,548329.337451399,2310105.77415248,6581700,10470000,51290000,4734900,6246900,9961900.00000001,53302000,1.046e+09,24124000,285390.130054558,162530000,34261000,9290499.99999999,16514000,12360000,90672999.9999999,31202000,137120000,635322.839488153,9750900.00000001,245867.874310096,4549300,11959000,112784.68610033,80697000,14436000,634334.543958555,8288099.99999999,2.418e+09,136900000,57063000,1254500000,5848500,1008600,710464.751986861,254518.364162225,9230799.99999999,5379100,9146200,301413.6678645,668599999.999999,314909.66053739,39610000
HC_20_imputed_intensity,0,309790000,622270000,5749899999.99999,64862999.9999999,5420799.99999999,21519000,155540000,230320000,53405000000.0001,430781.509597558,690296.83545134,488203.991617047,919050.000000001,248129.73299466,57081.9225129743,34804000,1.7745e+10,1240300000,1344900000,1351500000,2064300000,2926800000,53760000,298180000,1481500000,1.0011e+10,302370000,489240000,597093.122102056,238573.693242968,111510000,207080000,2658000,16332000,187646.304139356,19484000,344086.708523159,23353000,15155000,62988999.9999999,19484000,356250000,29433000,5319199999.99999,91866000,1096400000,1.826e+09,228770000,161010000,93984000.0000001,91978999.9999999,50920000,55188000,82973000,69140999.9999999,29290000,10559000,683549.908070113,3257000,5092000,4758500,113488.230218098,52158000,7242900,377458.939937239,3325100,1320700,27908000,155380,9055600.00000001,622090000,28580000,1253300000,64768999.9999999,55045999.9999999,553940.476640122,150850000,129980000,1541900000,12407000,263991.213380714,752475.877047032,41885000,1962100,254750000,81722000.0000001,18499000,391849.222503512,3911800,15337000,231839.109809656,463228.218565969,325504.533169665,359456.638978543,134446.806676819,32960000,213012.806691088,278234.162545516,8274899.99999999,11958000,154556.559187356,62156000,7790300.00000001,62387999.9999999,545555.871811847,8322200,196885.320330473,2608600,3944100,42742000,5388300,18751000,5138799999.99999,1146200000,28024000,451180000,6500100.00000001,561085.608712757,2055500,6313300,233679.16095723,44121000,179941.986632582,75774000,581185.634917731,602880000,127040000,3436200000,1540100000,53978000.0000001,78180000,6637500.00000001,5835999999.99999,406943.236332382,6635100,67245000,486344.659812773,193702.60772145,50653000,14167000,8153400.00000001,27172000000.0001,18847000,572657.704150256,1855092.02208225,219002.657651965,5081900000.00001,432999.401597108,5429700,172370000,374504.369200077,1311300000,622147.054513921,510810000,987290.000000001,5789800,3416100,8081599.99999999,16969000,153100000,547500000,36156000,224645.300580034,1360400000,971769.951509839,16901000,42230000,11646000,912389.999999999,131180000,82489,6120900,110540000,126584.012428368,29589000,20587000,444920.327669433,219424.191994886,1308254.92191285,11231000,1000435.51938632,69320000.0000001,183952.929654453,1059800,524434.877975078,806460.000000001,9556300.00000001,703761.463650461,329156.658785753,740063.227174402,748030000,1013700000,424773.635556124,867880000.000001,1059320.47549857,35350000,159830000,131967.41246828,236787.734981038,20039000,914320000,125852.926982085,872470.000000001,66809999.9999999,29775000,300263.249539502,459990000,12692000,1318700,10814000,577060.665894383,5173400,875360000,38182000,237064.576676518,3302900,109908.501687381,87324000,304180000,8259000,44155000,8286899.99999999,327850000,7350700,7345200.00000001,11739000,247767.926502505,435938.138895887,454391.207901336,323919.996861066,6728700,12966000,9234999.99999999,10504000,2034200,52161000,169612.793062614,885357.137256422,105790000,358350000,339400.497019043,315859.016250997,4224700,9338000,8172000,153060000,1504200000,23101000,1272236.67901998,395940000,74441000,13845000,38227000,46697000,85437000,106130000,219020000,15544000,183713.460818811,895958.316530743,818865.722428987,22102000,49408000,3366100,13113000,3041600,109670000,199972.024489277,11685000,953567.754226602,607010000,217030,333307.294836203,618636.100744009,5220100,1170800,13374000,1277300,819040.549141682,22169000,441666.377005675,12513000
HC_21_imputed_intensity,0,21854000,94298000,1384300000,23922000,2340000,11252000,32935000,68824000,2.096e+10,505267.852215877,8121799.99999999,506054.672886256,9611999.99999999,156280,548771.387864983,57684000.0000001,1.0015e+10,278310000,583310000.000001,325410000,253730000,976859999.999999,138608.436894487,152890000,80691999.9999999,3.816e+09,58642000,166930000,4912600,206531.043408213,13504000,64226999.9999999,6688800,252814.135603499,68268.1024377122,224667.37811381,74567.6956079614,36658000,57950000,76693000,13088000,98422000.0000001,367695.838783097,2579300000,246400000,933250000,1380500000,114060000,124370000,84377000,46935000,38383000,13984000,25462000,119140000,259400.432836007,36740000,17223000,8674000,324158.17367207,1833200,267425.459992245,9526900,245681.477110612,31636000,742678.534000512,182465.181508909,12765000,44245.9265723948,10245000,100710000,10511000,222960000,18711000,9286799.99999999,14263000,29934000,46999999.9999999,1.539e+09,5039600,10331000,5050700,44453000,654190.000000001,290190000,15602000,48831999.9999999,101452.010485818,5547800,189347.609592021,398961.47496586,236151.80110842,88509.2711778671,27927000,8855900.00000001,1467200,3424100,12546000,100500000,6998400,4145400,23481000,7972500.00000001,145570000,106650,18824000,224309.201442062,3930700,1608100,22187000,1570000,8573900,1225800,725060,749592.723744905,541979999.999999,13462000,8028900.00000001,4001500,255662.406562162,166788.348966515,24132000,636218.881582129,8183299.99999999,423781.62874437,141850000,62230000.0000001,185640000,118820000,90719.403385778,38442000,4890000,937100000,1994600,13019000,11396000,499483.633658487,1214600,22738000,168862.443529735,4363800,7715699999.99998,140384.541185345,75943.7658065692,73249.9677618729,2024200,1036300000,780433.788759407,102539.378877136,53130000,2532100000,725389999.999999,3326600,283171.992635964,529451.98816672,720409.035068743,7240500,112822.935912906,19555000,8.453e+09,1.2515e+10,1178600000,257568.643671099,562390000.000001,3805400,25208000,8504600,309648.164214057,111550000,25229000,3641900,104690000,617480000,80092.8298972769,135920000,7689400,93693.2323484704,16825000,344272.120515346,82418.4470271473,2687000,3347000,183126.480758107,264738.028679661,7048299.99999999,28283000,232680000,241904.897361321,2494100,31401000,416850000,275880000,10561000,302560000,882086.469742114,39178000,32122000,7001800.00000001,236484.805558674,71078999.9999999,2791700000,433906.878378341,4654200,6192000,416329.911406331,403805.65378993,72499000.0000001,3814900,798060000,10969000,353249.618661161,3071500,130130000,20452000,33938000,41926000,27720000,141320000,56649000,6656200,2494300,11830000,309360000,6419300,13656000,11898000,636364.367781705,9234999.99999999,29714000,502177.093857905,19834000,5379500.00000001,96807.1975386174,7381999.99999999,223135.148909862,33979000,288619.155349757,144849.495796385,506123.399805236,1693400,245889.099913641,6798000,216489.138687703,659317.747655361,1760100,62280000.0000001,1053100000,13754000,449317.119947752,120600000,26482000,15668000,13976000,9317900,90173000.0000001,33908000,172010000,431117.991290475,252176.286561678,239044.962788593,404208.943240738,8164300.00000001,129366.757105754,42156000,14272000,200654.826514237,2966700,3472600000,46063000,58229000,1190500000,1894900,210590,180796.301733356,4317100,4321500,5116700,654980,204530.50870317,935479999.999999,147435.119152535,16739000
HC_22_imputed_intensity,0,514245.170988446,242330000,1411300000,18845000,1162900,8433400.00000001,77580000.0000001,3663300000,2.0752e+10,328838.673170811,2009000,5560899.99999999,3903200,138510,215237.456889039,104890000,1.0647e+10,520950000,357600000,562790000,720180000,1037300000,50210000,368180000,113580000,3307700000,119770000,217400000,2554400,330550.505126332,21867000,72627000,324926.572098864,10541000,384726.448704711,367854.180616426,196698.659156244,33861000,370169.902416233,38626000,12031000,119050000,5379900,4550400000,304850000,992649999.999999,1096300000,95474000.0000001,116350000,74314000,43239000,33484000,9898400.00000001,16185000,117290000,419104.487531942,20068000,388320,5812100,914692.927908874,1364700,214438.242586506,9298699.99999999,1480200,24687000,3133600,379151.2930845,6930400.00000001,473864.651407681,6065500,159460000,11698000,295990000,38356000,7933600.00000001,305858.976619416,47097000,53533000,1363100000,13838000,1943200,4525700,76349999.9999999,88419.0000000001,700320000,25276000,19137000,279148.635044754,2527100,6093800,231315.512222048,290835.750719727,139947.555991305,101761.734452687,202742.105361112,3632000,664564.113669638,206393.655749579,2041700,5089800,4695700,33999000,2585800,124630000,576979.999999999,148470000,359210,3674700,640580.000000001,42099000,729650.000000001,20828000,8778999.99999999,10347000,12130000,365190000,15319000,8138299.99999999,275467.658242525,2272700,272393.904342103,58332000.0000001,2235400,18090000,3889100,118660000,94104999.9999999,358020000,233400000,522208.684019823,28406000,10574000,510290000,2866200,9751400,8140000,275921.184726739,160415.897185688,28346000,410120.700605777,12413000,8372600000.00001,6474500,399357.122322386,146880000,1341800,1777500000,222597.418799709,8097000.00000001,137940000,663620000,991680000.000001,15607000,115780.629481664,314109.284174618,525427.731545799,2232400,201956.237284493,14920000,1.0321e+10,1.2268e+10,1616800000,185409.644247041,1061700000,341329.385704997,54020999.9999999,13625000,84183.0197447563,132890000,13636000,2278300,50556000,574020000.000001,183161.223418091,166150000,8283000,198926.873906461,18813000,1357400,315978.698920533,156167.660799994,6985500,99898.2439501694,421379.23684806,4059100,6767600,277070000,518506.461460163,3228300,36962000,481310000,219830000,1040597.59740383,445170000,42119000,38112000,9485299.99999999,5416200,278104.923536659,88245999.9999999,3391600000,177891.991337501,5395900.00000001,24240000,522362.331793239,294101.005465159,66594000.0000001,581393.342809192,524689999.999999,2449900,185976.679082913,4538800,185590000,17450000,11398000,31312000,21009000,126910000,66392000,2167700,226098.034757684,4744200,210770000,8845300.00000001,3959000,2298400,299260.335652204,5348399.99999999,21856000,1978800,2999300,4483000,381149.253336724,5430200,141503.017543484,29293000,301960.738671602,288435.669794005,334118.836021706,487599.051694287,202734.023586389,10268000,4690900,333660.9613224,3267300,85230999.9999999,2191800000,23330000,157072.297364582,163340000,105060000,3437600,59633000.0000001,22346000,69300000,29984000,175950000,37908000,7025900.00000001,136313.806053069,1685300,8983500.00000001,293525.376357672,22668000,23031000,6476400,1372200,2470300000,30234000,67131000.0000001,753500000.000001,546099.999999999,2617200,77546.8656381723,1881400,4702100,2995500,3847000,623088.651728191,2360800000,533470.363154178,18867000
HC_23_imputed_intensity,0,12937000,81498000.0000001,573809999.999999,32386000,3914900,5306000,36409000,77899999.9999999,1.379e+10,267484.326985875,8980199.99999999,217565.862053758,2716000,149990,56859.9447676626,99995999.9999999,7035400000,408530000,423610000,501240000,716280000,1967400000,314777.464979596,426880000,174020000,5376900000.00001,62231000,306820000,9706800,144259.696875074,12471000,51453000,347278.702262865,11602000,8697800,318631.2033946,259525.365018193,12265000,30716000,65953999.9999999,11688000,138220000,3962100,2822400000,295140000,1462300000,2020600000,277630000,112100000,67248000,37861000,26834000,14538000,22350000,122760000,145756.596059953,36364000,575917.550349368,9826900,154102.498999396,1466700,392409.541305744,6752200.00000001,927610.000000001,53739000,6396800,189459.397085864,23549000,170017.763094461,5802200.00000001,76002000,9962100.00000001,234250000,21590000,13365000,462445.401411789,25672000,46735000,1647400000,5653000,9513099.99999999,3849700,48103000,2756700,207310000,21386000,33615000,27666000,2625300,533347.268638047,216362.769766444,164577.764002592,3810900,25165000,13877000,1903900,1045500,114505.024202864,273962.191580043,5965100,17519000,6548200.00000001,6553500,201040000,320170,27596000,265777.60912901,6957499.99999999,1627000,31435000,4213100,4977900,411580,1154100,263549.321484039,587100000,7175000,4294400,243542.821079137,275476.478442723,103647.031873571,65037999.9999999,253148.824322432,7009700,14280000,160570000,88762000,381920000,162750000,3679500,35767000,16017000,635070000,2565400,13073000,20894000,159839.94600899,147099.01672496,24043000,336782.162391557,691458.056959041,4247700000,546563.167948537,1060331.56068387,129277.849405697,105111.670041381,748930000.000001,248037.863203782,742532.335462597,50678000,1338800000,181140000,116063.445369261,214910000,87911.115413673,281813.314002571,30162000,3080000,86042000.0000001,9192900000,1.5266e+10,796990000.000001,183795.750175274,695089999.999999,133040.984302709,22480000,9335799.99999999,3200200,115600000,13808000,3806800,235260000,574240000,301973.48147017,148150000,9062900.00000001,367777.700025345,43457000,87412.9215202169,324267.274937959,1205900,7109000,8973200,1520000,8954200,15922000,667420000,6090300,5150600,44393000,371890000,162820000,92565.3037580076,164950000,440072.548034586,140570.265937628,1.6e+07,567337.854068159,349498.130571781,43822000,1697800000,504244.181977931,9095700,11125000,377427.736985515,2013400,147280000,2549500,1141700000,2869700,251588.305622745,4946000,142930000,16669000,57734000,133280000,60265000,183440000,71360999.9999999,2795300,546090.37877226,18090000,497230000,14595000,117250.839122388,11426000,104052.450742989,6411000.00000001,60887000,392643.838243315,1306100,4905099.99999999,751309.478161933,12232000,140314.415649872,34979000,319721.155873858,840680.66191801,242090.055936732,427496.330542066,4881500,11496000,4240900,299360.28493342,14355000,109620000,6.36e+08,18934000,231561.959811946,89543999.9999999,20644000,13574000,9510300.00000001,5571100,95217000,23019000,147010000,74739.2827727893,25986000,8223900,4339300,14180000,521936.068298919,83506000.0000001,10648000,146544.668295988,10634000,2000100000,56424000,156911.338603935,930110000,624229.999999999,2611600,560913.71032792,3867100,8459699.99999999,6513300,3660700,130572.075000787,1073700000,228524.850399608,2.1e+07
HC_24_imputed_intensity,0,398959.75540923,88088000,1411900000,51628000,3620800,3367900,41784000,93962000,1.9379e+10,244840.543678482,7041099.99999999,242222.116941761,929749.703238162,261703.894991857,229822.563253922,39281000,7494999999.99999,429650000,337200000,288560000,248280000,1044100000,153553.303044971,194120000,188370000,2495500000,85442000,184700000,14468000,347086.522670098,11824000,49462000,440969.020349109,314121.855913996,139629.288585709,430805.653480745,425596.12756461,17137000,41541000,58026000,11361000,88418999.9999999,330720.799182935,2440200000,227720000,700549999.999999,1152900000,130970000,80731999.9999999,53441999.9999999,40176000,29606000,10392000,14536000,90333000,194510.116565519,49802000,13649000,8472899.99999999,235459.642189513,361036.748723319,273229.466677404,8429000.00000001,287875.906067006,19567000,4009700,247434.641093685,20489000,35399.0738942561,5092000,73117000,7756800.00000001,168540000,54139000,6522899.99999999,6051500,20350000,63083000,1608600000,228014.763772229,11217000,5961300,29011000,110320,199740000,9725599.99999999,20689000,564986.139034992,1862800,478357.286944535,249600.375487146,856172.318013922,180993.42963663,15103000,9750200,1623700,3024300,2294000,24106000,5842000,14929000,9002000.00000001,10613000,129220000,249749.901278938,31218000,162349.061244223,16961000,174094.39913253,26590000,3398700,3145800,611680.000000001,146100,693005.279828807,380670000,15819000,6787700,4971600,218183.750262977,2683000,35005000,584445.053696064,5591000,7241599.99999999,154940000,43312000.0000001,454200000,134670000,231307.349830335,33081000,12058000,1.071e+09,2515900,18822000,23659000,122691.787538282,412985.207558527,16664000,2096000,247781.699609643,6169200000.00001,922107.299751184,312360.350828731,1324013.47315954,312688.059985548,249470000,413080.855636155,78588.5156205636,26947000,574719999.999999,550570000,263379.134407572,296928.016683174,2978800,171138.977756337,42942000,4919100,42231000,9344600000,1.5336e+10,1065400000,207768.986924925,563870000,238036.388315277,22610000,10829000,3051300,57405999.9999999,9925000,3090400,294300000,1118300000,4028800,113130000,11776000,873188.658048774,30667000,167181.973022936,81721.0291686887,123962.108704168,3913600,190810.704359147,5288500,6780499.99999999,16009000,490730000,517307.221024423,2587400,79089000,331620000,123200000,2548600,166480000,101905.438348421,16939000,29054000,267585.635552219,324851.22595384,31621000,863440000.000001,213532.887466166,4612700,16990000,354538.473932086,183816.537400127,124760000,3623200,1580700000,160521.449040535,158525.967527746,783981.491638271,114300000,22900000,15471000,122800000,34775000,205690000,59016000,7970700,4275100,4203500,324880000,14929000,11192000,9769299.99999999,167789.10684429,7193399.99999999,66701000,324315.639317302,3330800,4985100,183366.547886589,14905000,1980500,24989000,360002.137444952,331293.351810136,511998.260907715,142866.846840285,241020.809177276,570588.746730377,287038.78404026,85390999.9999999,16998000,55657000,1214300000,22792000,364828.54917146,97452999.9999999,31798000,6562200.00000001,16412000,7286900.00000001,79896000.0000001,29503000,213490000,2450100,371477.029924932,231873.494186292,8422299.99999999,10438000,130840.066342693,68353000,12023000,167858.093290778,28648000,2141200000,141250000,176170000,977460000.000001,11522000,8211800.00000001,1002737.38615034,1883500,11518000,10682000,5677900,215264.595239475,519220000,545704.612928873,87568000.0000001
HC_25_imputed_intensity,0,563060.480665355,98311000,964050000,30830000,100858.904293258,6239900,52969000,75062000,2.1583e+10,1098000,10897000,2155000,185955.158502352,585380.000000001,261071.408013805,92263999.9999999,8287299999.99999,203430000,683890000,352020000,206800000,1602600000,791218.062661237,315580000,225630000,4594500000,124310000,256350000,4811600,429343.215677269,17145000,74117000,860114.771295366,14107000,109646.090129525,471880.214061372,732950,25005000,78996000,78125000.0000001,4470500,199730000,1916500,2466900000,244100000,995060000,1592200000,173320000,89468999.9999999,45158000.0000001,37461000,20423000,11017000,21694000,75691000,4677000,39162000,474792.998946131,6113900.00000001,139738.043933578,335332.037630957,434691.506737082,8200700.00000001,1981400,78439999.9999999,3685900,215637.860448437,14007000,507870,2300400,119790000,17017000,239570000,46083000,14973000,2984500,32428000,75056999.9999999,1556300000,9707500,10839000,2825500,119160000,1157100,204630000,16555000,25013000,205760.346532915,6881300,177616.580836358,179390.009587209,483060.971608217,218904.947783839,14610000,13073000,2048300,960330.000000001,363411.792331132,281135.390552083,9874000.00000001,6523599.99999999,17550000,6110800,208170000,59387,24226000,356107.789507725,13196000,3415600,20651000,2934500,6370600,549300,205810,435678.141323688,368290000,19078000,3635100,2873300,406297.934276089,3380900,64124000,354370.07626245,16094000,9304000,197020000,59400000,377420000,220430000,7244700,62949000,11814000,648530000,1385800,10549000,27837000,151556.097510624,587288.897518242,11320000,278367.962327074,13500000,1.0086e+10,6563099.99999999,207832.841423066,222658.124995048,701637.625380694,1666900000,437941.083151285,8473699.99999999,44886000,1385300000,268850000,284702.46717945,327160000,287218.905225983,258653.589379805,9808399.99999999,3933400,27435000,7730800000,1.1147e+10,711540000,287549.35791382,518500000.000001,333204.568455464,28340000,15551000,2099700,198470000,23155000,13373000,211870000,693770000,570017.736088359,288840000,2748000,260672.40785948,96586000,590846.082142111,10974000,865890.000000001,7970300,5942000,161074.226650342,6250200.00000001,21749000,424720000.000001,3566700,15251000,21066000,786369999.999999,197010000,23639000,340150000,199883.290316814,92509000,44952000,6324900,840056.208399345,102800000,646860000,340937.8609561,7538200,5786800,2446300,555226.688537828,55013000,446776.377639967,1676900000,4062100,1202660.88992764,2300200,100920000,19229000,60265000,49592000,52319000,158160000,123340000,4206900,334105.45704188,19494000,475650000,16472000,5741899.99999999,12977000,252658.427525521,7287500.00000001,43149000,298080.495577358,342990,6914900,229199.592189307,6995900,187463.349457809,44633000,526963.558480422,378400.699079397,58087.8180812419,31242.2487365612,281165.565907902,7741399.99999999,6461600.00000001,226339.196641493,8753500,72756000.0000001,1019900000,12723000,137564.153454156,89534000,36662000,17074000,17053000,9297000,78460000,34467000,147170000,2940900,17631000,7045700,3292500,10357000,235579.160047997,73227000,13143000,148793.983580856,14868000,2282400000,88473000,35617000,1415500000,3448000,1627800,293430.172118255,3512700,9305000,2185000,5224700,219010.828923825,1.565e+09,378965.25099217,40248000
HC_26_imputed_intensity,0,36332000,285170000,1732800000,17228000,1986400,7288399.99999999,101720000,125220000,35976999999.9999,89209.7617963452,3116300,120921.20095914,689520.000000001,1965800,165214.6269094,248770000,6878900000,526990000,305530000,689860000.000001,516440000,903430000,220822.127416031,404410000,166120000,2211400000,89381000.0000001,293390000,4392100,106080.589172261,46433000,154900000,545884.005058704,202217.312171361,19644000,327860.996490659,984058.518089188,118320000,232420000,76755999.9999999,9850400,111630000,6399200,5645700000.00001,292310000,959949999.999999,905110000,109840000,157500000,62359000,49322000,34747000,13884000,24521000,80557000,454671.007136077,9557699.99999999,3000400,9679800.00000001,139140.550026979,104946.164254585,353638.521584333,6422900.00000001,4244700,11025000,2404000,473276.34357264,5768700.00000001,218710,4765300,479940000,32293000,551380000,97195000,18761000,185706.635000203,61991000,93678999.9999999,936229999.999999,10163000,105219.487871131,207594.989745815,17660000,72335.0000000001,626280000.000001,31016000,15370000,117289.807381633,1634700,120796.304713661,396783.109130045,139781.000538491,107533.440084602,52133000,11352000,2185700,283341.371571053,6042500,30618000,6478900,3406800,37693000,4088200,70128000,59943,28168000,188049.55021664,9401700,4310400,34800000,103953.163658678,9247400.00000001,139850,383680,222608.38303718,579520000,6345400,10335000,317382.797058402,269840.943121691,201814.417734662,35955000,123537.596584109,19403000,4830000,247770000,85470000,540480000,384500000,144018.07538439,41352000,4304400,2820900000,1575900,5985700,6225100,458637.785590737,133921.848059978,16576000,293321.870276416,40512.3221362804,1.194e+10,11265000,346661.641993645,93803000.0000001,3735400,2517500000,268400000,22936000,130240000,3723700000,1188300000,88472.1696726414,1488200000,147564.280164292,114287.076233284,3497800,215239.409184976,11185000,4343000000.00001,9371500000,321840000,646321.928028479,708320000,343270,16151000,13452000,155924.684958605,311710000,34194000,861360,67249000,288620000,304376.288173858,65856999.9999999,7634900,321090.460396285,17800000,41547.1442053241,351723.842750669,91845.4074375458,12493000,471653.175851627,1604600,143875.060553555,10951000,138250000,2911700,831040,347465.563541141,1.617e+09,519080000,32098000,458690000,72683000,77634000,73863999.9999999,290485.660735089,67688.5992759015,78006000,2646100000,101153.036400335,3136800,15298000,111184.545282639,626800.822631988,50918000,81949.8357664282,530960000,21011000,383995.241312747,359105.396400931,317560000,8808599.99999999,17330000,25364000,27303000,165580000,107150000,6272900,3393300,14459000,348250000,11153000,5807700,13384000,259306.447174422,234425.939802592,12054000,111236.459621461,745650,7273900,233221.949509401,224282.743453329,2998700,92510000.0000001,60627.9964603809,561480.726091668,310711.008293618,1219700,219988.722028822,3707000,1406508.36233502,177580.579997972,4236400,76558000,1293200000,17935000,194728.35320677,181320000,62331999.9999999,6545399.99999999,48024000,18334000,73082000,58322000.0000001,118760000,4965900,83359.9197175313,105230.708520079,298571.323207773,4200000,213017.329862763,15892000,22813000,437344.511699927,788809.999999999,1036800000,17700000,49211000.0000001,2085800000,828280,976729.999999999,350556.581456243,2856700,3697800,3770000,806329.999999999,104214.379654489,934620000,180211.361190743,13234000
HC_27_imputed_intensity,0,994846.94844484,553020000.000001,4357100000.00001,14571000,482346.229262686,7997600,117810000,109080000,1.1212e+11,776424.450384889,525762.095673592,498738.224743624,1921000,116967.799548275,134350.873189003,12494000,1.1423e+10,5367200000.00001,600860000,606960000.000001,428510000,2457100000,787639.034005466,132890000,361670000,705140000,55133000,432319999.999999,1240054.57172457,686836.735329293,45509000,118010000,687881.067710075,286126.51701608,11529000,238301.906986983,100004.336151196,101140000,77580000.0000001,91453999.9999999,13685000,337810000,6650200,6061799999.99999,157810000,1665300000,1414900000,141840000,128820000,84925000,35066000,37952000,30224000,31489000,67948000,185639.123088996,487682.947166261,1275303.70897866,3690500,600167.739995658,237602.817704998,242733.706190777,16025000,5451300,405705.068329968,330398.895612906,1057763.35101915,388619.093237443,790684.473101399,7669099.99999999,419860000,43632000,676220000,28231000,24560000,1347744.13426188,126140000,64882000,676590000.000001,8691700.00000001,494891.224667615,405351.598449897,25283000,665380.617475515,554600000,25681000,21455000,679565.842207176,4021200,5530700,426330.435082291,243385.569039725,509619.048501389,483280.005686872,1729378.39109733,2472500,358056.903397291,677933.68311084,150915.990916935,9892000,805562.705325833,46506000,5843400,194900000,262585.66262262,27943000,3718200,1374100,2621100,28246000,559584.908807882,12949000,4529000000.00001,2547500000,18762000,266750000,3425800,347712.163380593,287379.042983343,2789400,226043.855753008,22438000,78553.0550717939,42654999.9999999,1131434.03130961,251480000,16877000,640770000,274900000,7683899.99999999,57779999.9999999,673181.033467117,2889500000,447081.874466682,9495900,393337.185273427,102166.491303766,7940800,18748000,7204100,4841800,9.147e+09,10001000,21173000,18032000,1168800,1351600000,85943999.9999999,481879.881170862,360550000,981660000.000001,706320000,12074000,813380000,494566.660982855,164249.789755561,350490.529270635,952155.757241968,130910.489804146,631800000,1.875e+09,210560000,370535.901273704,1039500000,415137.667429122,15170000,24484000,1635778.40871577,8029000,88879000.0000001,7680000,52397,198980000,13223000,57362000,10584000,596550.996292674,462433.309978167,381778.828028924,611334.165304082,514424.489651198,2737300,132156.110505583,519429.294560378,169297.923403359,988530,8144699.99999999,560524.180458542,1442100,342344.437550174,600430000,411300000,20838000,730870000.000001,300650000,67003999.9999999,738883.407580198,8308300,256583.833290708,88887000,4717400000,365685.252076173,2265000,17874000,288157.315211094,547268.311372693,1050482.09283195,370866.57837286,37880000,4383900,149509.100417945,513637.872175179,428400000,19118000,1012500,7363299.99999999,120400,91400000.0000001,198446.642914463,353754.481572686,3963900,15102000,121600000,501297.599322911,1036201.29105679,822086.158179151,327571.92018364,1269425.60575825,1011709.23959935,370378.315339746,27351000,4377700,913753.932885312,698769.43025648,423740.074011963,77552000.0000001,519558.182879642,569961.078948479,569068.058408675,2283319.65358956,634977.698378107,6850799.99999999,380934.667030806,1093057.55923371,404029.524239918,64884000,4052500000,20494000,414824.446485595,398920000,61148000,6997100,37288000,47862000.0000001,26916000,48607000,140960000,56357000.0000001,556021.419939594,267384.698551313,1006588.52930088,356803.955349686,209404.960306682,240370.270906136,11830000,553124.164166951,226223.124905296,24478000,134415.003681457,435474.259442183,179660000,274803.511958631,623136.565290261,2410220.51450564,4451100,1531200,317478.253530624,741257.219962083,443212.342673953,21171000,103334.158615776,223392.04003919
HC_28_imputed_intensity,0,32815000,641310000,4861999999.99999,15340000,1112126.55154885,3109700,110290000,146520000,1.1662e+11,356453.578503032,836158.525047341,432953.463188421,485801.323824987,391188.424009672,1194301.64361463,6834700.00000001,9994499999.99999,3.607e+09,483270000,622660000,220960000,524199999.999999,521523.635809669,80389000.0000001,286860000,631509999.999999,73109000,503390000,434720.926233929,605215.388050815,42651000,152450000,1586157.38838776,1328770.69374562,10045000,1054307.66442096,446163.282228299,181870000,280820000,72353999.9999999,11005000,160250000,6747000,6058699999.99999,71377000,606190000,573380000.000001,54258000,103470000,78375000,65750000,53157000,32985000,36610000,65421000,2238800,804891.745589062,179753.954320969,1695051.16016456,115904.10416879,430013.206394168,1023166.92618834,21579000,5969700,7544000,1729010.03174129,197300.440799108,642340.051773198,586343.731589678,5890000,451220000,38827000,575630000,56185000.0000001,12613000,4091676.03188864,102550000,72820999.9999999,616030000.000001,23205000,574576.615377693,259510.80713831,23386000,775232.181571752,826050000.000001,51337999.9999999,26109000,218683.693220873,2368400,8376900,201321.191201715,416301.037389046,944765.143356166,755336.725464322,293165.1706757,2668600,722495.671645345,326846.056391412,1052600,11264000,200366.429765909,28195000,3693200,115080000,705079.961711611,25240000,1038075.13227699,5624700,2700300,21198000,852274.550988089,24526000,4179999999.99999,1601400000,24007000,293060000,2299642.4116677,705754.785268297,5724200,1538787.3066676,540564.782451752,20040000,537607.315432565,540697.091653515,348517.528335721,343830000,15243000,986150000,446060000,638605.571327442,79157000,2207477.68022178,1458500000,521326.729182422,4655800,1804377.34513053,401460.297972328,13543000,24158000,2631700,8870499.99999999,1.1701e+10,26708000,48054000,166160000,449010,1.466e+09,157470000,30454000,376870000,6929900000.00001,1133200000,35772000,1.118e+09,233578.674027885,298940.264254105,219415.172447108,158427.326221996,907656.519146912,689220000,811539999.999999,310970000,365186.582959965,1201900000,551008.946425678,12550000,17957000,223941.570506584,5832300,110250000,1875100,972259.443080163,118640000,231563.296241144,35026000,13973000,730762.172797663,1001230.23548324,311891.366051576,6065600,625848.397309149,6666500,269886.397086569,1927587.29366574,5779600,759007.736842122,5406400,843933.84487293,1438400,421648.224077895,591850000,490400000,23455000,670029999.999999,266190000,70235999.9999999,301826.847302533,14935000,42719999.9999999,116140000,1.3184e+10,588622.468418692,1374192.39120023,31044000,1192584.15112278,1426022.85538966,893313.927994387,389228.40510131,22234000,1287635.30061234,872577.236948802,1105508.4694141,442760000,8350700,898320.821036883,7028800,691550.324973054,111150000,40005000,1016603.67173196,4936900,798830.60022185,71004000.0000001,1348299.30756465,293717.521838509,5689800.00000001,310715.426805607,1835204.21058143,849748.596794417,305095.658895051,17201000,10657000,712750.033799501,1190287.07169435,9855600,138550000,1104023.51194795,601769.321997445,971783.72250414,246136.148637922,1248904.81125308,5741988.32289341,344145.451014481,645995.875685859,346500.716026994,66518000,5109600000,26672000,573205.986790243,425700000,69239000,7879500,59686000,17488000,29968000,67098000.0000001,165120000,66905000,274172.266483601,534102.217248451,206347.197331222,484488.848725525,756400.233329552,951517.828947922,12688000,743181.410667639,1066700,1.045e+09,321001.366725633,550203.915176196,330740000,545122.255570099,524500.557899881,730339.172937357,923227.755941073,351540.385450659,1191013.43036926,1079187.9861936,661192.466863939,33617000,536089.223165475,2914200
HC_29_imputed_intensity,0,26807000,460240000,3261200000,7712700,584766.21931639,8333700,109120000,122270000,89035000000.0001,768425.290901997,614102.259449383,680342.335281658,205722.771841237,252348.446710316,416308.103163514,7216000,1.1963e+10,5247800000,913230000,738810000,336040000,2093100000,1144772.94697165,138270000,508349999.999999,1149600000,37544000,421610000,426431.682361907,395725.588340941,44061000,158880000,304103.828476489,453534.604942945,12955000,1615993.38394082,582498.385069311,105430000,197830000,70863999.9999999,13999000,221380000,7533199.99999999,5946600000.00001,108850000,806480000,1231400000,161500000,153680000,76468000,54708000,59247000.0000001,34015000,39498000,61040000.0000001,336967.256043883,1624939.06309011,251306.980439556,3307400,539170.133377857,327495.959887449,252387.159628651,14744000,476563.884334731,10074000,347033.364960824,953092.695248762,458661.407981801,431116.546538336,7488700.00000001,450120000,32461000,783630000,81762000,17344000,461384.394096614,118750000,87282000,817950000.000001,22929000,371488.618639207,295803.282850883,20219000,795565.384565496,816969999.999999,53557000.0000001,39389000,518898.390891109,3976400,749748.532416321,1927524.47730096,295487.706484624,11347000,465228.587966259,732273.457647081,1969300,856104.13109113,676933.693991546,291689.934351579,10699000,711223.946626025,28424000,8207400.00000001,81951000,128530,35089000,4202300,1555900,4342100,43400999.9999999,949619.83807213,13736000,4915899999.99999,2694300000,17996000,411970000,670499.069585287,873915.782363987,3927600,2109109.61961379,185954.809646307,39565000,784954.173217021,64460000,1062050.76909786,338210000,12842000,935949999.999999,447030000,12968000,79149000.0000001,492563.766631874,5239100000,299325.509096609,7451800,555272.732902857,342241.746287135,8578700,21101000,4274800,8570799.99999999,9092900000.00002,13111000,34090000,16928000,1130500,1023900000,705369.391157962,36424000,239140000,1072100000,676820000,29419000,569960000,1191800,1275087.3417975,637806.240826302,677090.084179787,6211400,1008200000,1616700000,129680000,5663431.61565032,1064900000,1170400.52718867,17930000,24719000,293119.051521783,38917000,84532999.9999999,6457900,502133.880741152,178830000,380831.068057438,44924000,9965300.00000001,293171.005941242,398608.020728889,392804.023346844,9128400,1014700.08608966,9080100,1181999.58406263,1257281.89156884,707097.232703526,267341.718657071,14984000,2023900,8475800,443914.346017456,957740000.000001,663829999.999999,15390000,800330000,207820000,1207880.57430645,959503.792168235,362967.18230668,15272000,92869999.9999999,6861299999.99999,1103645.14649942,394898.570076594,17009000,999979.241430993,320875.169384247,1023281.66455744,186585.328691052,32487000,498639.747068259,263781.395083027,4731348.61406862,471550000,14844000,791875.047242714,6251300,835581.123587221,83387000.0000001,16347000,926832.038858772,6275100,20898000,121290000,606396.033788953,542024.659527461,555864.799231359,956552.110897746,8032300.00000001,879440.000000001,1570587.1866382,3705000,4782700,159385.503993178,342540.032309653,647547.420965034,178610000,311294.403878963,445991.423389567,323873.897706873,558138.451923261,336134.380271109,11746000,715050.196304289,1008192.62459321,1456484.83526031,60834000,4236600000,6372099.99999999,149395.340746999,451750000,81708000.0000001,8821999.99999999,39724000,19616000,20606000,82699000,183540000,46177000,455622.394384744,600382.508328573,690241.733525942,3569029.49024782,772763.546224308,355090.996358826,14517000,412048.214814623,1196948.67936013,15727000,63546.4511609712,1544887.40833914,367840000,1027964.93363914,989889.642656362,545571.084656028,4576800,2341735.40177372,215877.432601244,990864.9465044,1370176.28687672,88326000.0000001,1120785.75398598,576541.846814996
HC_30_imputed_intensity,0,380756.781628169,611030000,2872800000,10397000,199129.926533093,4732600.00000001,127760000,128010000,96738000000.0002,649137.708834458,514848.610525012,921015.652725828,1137300,181330,755830.62167599,29579000,1.0793e+10,3518300000,803620000,466350000,63585999.9999999,1906200000,1352716.50405009,68613000.0000001,317850000,430090000,70249999.9999999,445560000,1424415.44849389,308066.274436335,48019000.0000001,166410000,2142930.6682519,440869.40548756,11236000,489876.830017385,3663354.99372893,122210000,204540000,61377000.0000001,15329000,254440000,4311600,7927199999.99999,128130000,1172600000,944250000,107590000,182060000,63804000,58550999.9999999,49542000,50894999.9999999,37792000,101560000,1762900,966801.042068203,538059.0643511,1577646.76528718,293403.505055804,465438.832600365,415171.951521665,18271000,4710100,307896.939891561,279985.147723595,354624.400779922,2872534.78417249,625499.121644409,8540100.00000001,435090000,37546000,836130000.000001,83591000.0000001,15094000,384897.892881863,147020000,67558000,726480000,27266000,1091714.54762911,800264.604882177,10213000,1363241.81064642,907299999.999999,48714000,54904000,838161.263803443,5084100,823124.724928769,697108.839919502,373906.874371001,1430318.49711875,4065158.15155243,529645.538844246,986959.999999999,1105583.33351766,462907.094418309,1267888.6028813,10808000,369488.259820558,36650000,5708000,147120000,389587.010439842,29293000,3736200,6824300,6875800,44366000,989825.599186722,14056000,5110300000,2151600000,36805000,315780000,1687400,194388.711486249,5726000,768341.481665381,761920.348867613,29614000,1430325.22385091,58625000,1087907.61240069,343140000,11311000,710200000,391270000,9626700,70347000.0000001,137876.312149404,2833200000,474291.363973172,7652900,1264901.949401,260550.996596985,7825300,28292000,884669.999999999,10468000,6637500000.00001,9949099.99999999,23512000,1386802.21717553,918440,1426500000,825556.376938791,12026000,851568.476268625,793790000.000001,1775600000,39025000,1230600000,808723.068639959,942062.897618783,347351.408048703,955321.940139557,3556900,1014800000,1317700000,67225999.9999999,415002.244263181,1158100000,1994807.79715808,25585000,22494000,2012551.83693697,281620000,140940000,5699499.99999999,375070.499738458,167370000,14875000,44261000,7908500.00000001,620289.755895789,425932.263781188,5201200,484956.746361574,643143.402391014,10200000,668609.409433599,495303.052560791,325833.064747057,331016.496592191,6837300,1644600,3012700,393649.118763042,1101700000,666670000,11580000,566530000,192590000,36777000,370256.824827751,394540.393463804,6323600,70357000.0000001,7424299999.99999,645453.205591904,1972840.8704338,724815.109173087,1665627.29585633,246168.276845969,901428.672632046,794421.211179658,57711000,484271.290676875,568030.608074861,1257065.38381667,526180000,21482000,615992.367817901,1082043.25262109,426183.448738695,60478999.9999999,247991.184684771,444663.869915728,4419300,30256000,83556000.0000001,596117.082631634,484881.687221961,1804883.35497568,1507228.40066592,555050.256323013,1163603.14461019,518718.653346153,311990,7748800,516792.386501819,478257.204228149,1437392.49718629,209880000,194177.949280978,1279876.25746848,571563.02349033,481372.385699162,651414.147232608,239127.239531221,223955.872701816,1407047.2969259,551688.597831141,77302000.0000001,4517500000.00001,7011699.99999999,1157232.40433682,465350000,87238999.9999999,9644800,30705000,27746000,24433000,95166000,217690000,5652499.99999999,1017009.71145479,328716.352168325,931229.826214144,1494207.1853843,1097793.30708892,482277.405157567,12139000,514970.013254024,656922.720945904,5632500,2583220.79998524,891124.851927621,414180000,1011177.08320878,1765091.06204941,510115.262556116,6323899.99999999,1226099.1908801,1626636.13085972,300382.420904016,749808.237809393,115820000,747546.539069329,783109.558166695
HC_31_imputed_intensity,0,85681000,522700000,4122400000,9690400,406495.634806775,7548799.99999999,86716000,178790000,93701000000.0001,446948.036940044,172633.961514584,2698983.24073453,1890600,121600,341934.133992222,7238300,1.3377e+10,5725300000,578670000,510910000,786130000.000001,2234500000,1322204.55986678,120980000,480480000,1420400000,69991000,466140000,643306.827351168,820280.56028888,43100000,134620000,1496210.02838972,592701.073165203,11233000,695247.851833669,835888.589329646,158060000,200990000,72934000,14615000,241980000,8898200,4920300000,74488000,770110000,1345400000,119320000,133770000,66229999.9999999,56837000,50470000,26966000,28826000,53460000.0000001,4170200,662606.551445072,207094.116892088,1288892.47610899,377213.510875195,162097.258635032,1999122.34423833,20307000,807008.079121595,1307806.28599781,485070.626095407,1083475.57268203,423953.218942993,278684.43726481,8626100.00000001,309460000,54665000,588370000,85827000.0000001,640551.919692095,590889.411223664,118160000,97454000.0000001,647359999.999999,36171000,468930.697769662,470742.226160993,15669000,723212.624183261,797370000,48937000,26644000,820775.31612151,2560900,10086000,543215.412506862,1231622.95742376,871641.051728231,1175108.90624313,115051.109937033,9199000.00000001,490549.200284938,1404920.57721381,247020,12430000,142151.354269142,29175000,5121200,76318000,1648307.84463716,48720000,5415700,7111100,7402500,20723000,505695.889627755,12122000,5385899999.99999,3.58e+09,30591000,260280000,451759.999999999,470081.782664868,542483.738465404,433833.344989163,383878.383677349,25752000,398177.96708672,47279000,431502.292699135,360040000,13478000,1.12e+09,517070000,473629.402371444,79698000,167582.863935745,3582700000,811580.909789401,6644900,1407147.97035358,2044510.8878575,908351.241651847,26492000,3784800,886233.059174708,9815100000,22649000,20456000,157130000,497390,1.263e+09,107100000,38609000,236950000,1997900000,1601100000,43717000,688920000.000001,1195000,820837.651481554,572531.595086199,1330396.70359537,1020403.1631155,840040000,975180000.000001,132260000,348305.763547511,1331400000,1960340.35233974,11837000,24577000,1127817.33073498,34447000,88442000.0000001,4495100,1917071.91323631,149940000,11047000,53156000,9054900,635002.319887359,284720.496250266,621716.976910181,342926.809232199,1048885.27751467,12204000,736372.116034273,194726.090147498,925568.433621995,4018800,9778500.00000001,3191257.95760744,171620.294053559,625969.678286908,883420000,481950000,18677000,849140000,469853.833144953,64191000,365550.2523385,12527000,35650000,87016999.9999999,9015100000,648070.441165947,530440.03701525,33555000,3366500,905590.540421808,886274.617897993,726327.053866896,91129000,865805.63400758,664708.820387492,621062.230285371,497980000,27205000,854834.086967877,7279500,984991.716470645,76695000.0000001,1497513.37484345,548239.315351881,9838800.00000001,22889000,131200000,207682.456535473,694847.98022055,733354.237401513,557110.317998588,860142.715225129,1085850.0135432,3096229.93364251,909209.999999999,6403000,1125154.48396169,758077.230394897,1090951.39592304,109600000,187086.87973987,808536.899053934,1926083.38489625,403827.514969292,845854.682453891,7267400,725704.358670462,388600.048579495,1424071.31268241,64723000.0000001,4402500000,15618000,137643.045731129,383980000,67377999.9999999,10253000,34709000,38216000,24753000,92079999.9999999,1.98e+08,60676000,1683034.38572509,2074778.09025758,714723.015911587,568550.424964901,461168.242024693,1313893.40952893,19564000,459127.947390987,775226.943353479,7264000,273887.311882605,1348587.20832825,320670000,125312.140240404,1163530.49321275,565764.344899683,5587699.99999999,317329.510467368,402649.258282804,865359.777219104,1499585.16964158,53699000,616058.173420417,762706.97132906
HC_32_imputed_intensity,0,742051.762999761,581570000,3566100000,9486100.00000001,356506.040541831,5461300.00000001,124670000,1.55e+08,8.4676e+10,705591.007190087,272329.229238687,226016.826891454,1498500,873830.391827817,1042262.08245176,29447000,9749100000.00002,4363900000,716890000,586930000.000001,823710000,2613200000,204065.955769722,210340000,465460000,760090000,84585000,533030000,242657.845211464,965134.445882774,47860999.9999999,132200000,405847.687194385,288418.102049545,9684300,237677.353007088,789709.113345333,169110000,147150000,91461999.9999999,10820000,207530000,11051000,6800600000.00001,191550000,1106900000,1041300000,134860000,176070000,53229000,52878999.9999999,59475000,45039000,49819000,64659000.0000001,2232800,810041.422737101,335905.70590317,718888.444074899,853683.58585471,763975.353587366,512037.864429061,13126000,248471.699283783,1775600,747036.003285472,604237.820603943,1393110.97733623,784564.586005403,2953300,487489999.999999,45361000,734659999.999999,88812000.0000001,20814000,366885.22165236,138540000,75163999.9999999,666160000,28244000,385020.426352385,637980.647426981,9217900.00000001,548960,762260000,62085999.9999999,14492000,183299.543079544,2580100,2902100,200160.355190862,781227.078153646,6664600,941433.659299995,1334466.20052395,5399099.99999999,2010500,473932.493239969,831477.137650025,7978300.00000001,426921.406915388,38014000,5849700,265510000,861300,38991000,3760300,6828800,7126300,30112000,590816.891182822,13226000,4963700000,3061500000,24643000,377580000,409769.462905644,704305.721701134,2627700,593139.230632736,554078.589705029,38127000,579950.955083331,43006000,124125.207584907,424080000,24117000,986360000,423420000,14458000,54347000,483878.46473697,4.208e+09,239816.594284152,9589000.00000001,223449.716358852,452855.160271911,1709253.57623333,23066000,632435.692014715,9766100.00000001,7404100000.00001,12243000,11495000,90560000,894300,1099100000,73742000,12716000,261850000,800120000.000001,608260000,7792200,611420000,289428.701683289,264847.490263156,634433.658913562,656847.559846396,376514.101145074,1009200000,1746100000,106940000,208903.906104306,995600000,466602.59933436,23071000,30603000,1783650.8543362,174270000,90464000.0000001,5807199.99999999,318157.225279789,183450000,8505200.00000001,60775000.0000001,6938000.00000001,605780.768212698,439233.307951958,820850.716211151,193326.567763687,334619.03193877,14622000,1040991.65299289,455652.236114591,334569.812186261,3522000,7892700,861394.650686544,1022200,368932.390802399,1368400000,618410000,19072000,413810000,957530.466696525,38316000,766720.302105178,8119000.00000001,14756000,44253000,6.24e+09,1557163.65703736,230987.623957412,31666000,342587.281202754,796605.191731831,895547.618266379,765846.466924503,75749999.9999999,132267.789728961,66920.4480836322,1098727.00787819,519470000,17057000,950330,5772200,1966611.91192335,103350000,3020400,719284.218111269,8262100,27529000,139650000,36508.4930925862,298205.587195795,2574300,444718.680441207,9104099.99999999,2239900,526899.441794431,870512.901839942,7082800,294251.960628988,1013222.56799435,10333000,178070000,196075.793759102,444264.933425972,629020.058650837,734684.508316542,55875.1391868672,23434000,299956.565794003,334648.961807451,544157.08298188,62619000.0000001,3877600000,11835000,363453.305676379,476490000.000001,53433000,9316600,48087000,33838000,25798000,85297999.9999999,207260000,628633.676891057,125698.414930298,417988.781365828,816718.221852673,265320.341346175,289256.886792807,625476.305983231,19530000,871572.081542524,1020789.3078519,8104599.99999999,1866627.12144871,620129.459935102,391620000,578609.55499927,754959.783623088,676609.407178111,5439800,799495.314140736,2110300,148022.952200804,210537.63582478,86779000,878616.937560167,172958.059174497
HC_33_imputed_intensity,0,1169317.66809046,565789999.999999,3959100000,6031600.00000001,575399.48806946,8602000,100860000,126130000,8.2065e+10,1571095.70342201,854022.615632058,732471.513595173,1614748.3250428,2350406.08262139,489455.886777609,7020800,8893399999.99999,3648900000,554840000.000001,429270000.000001,305310000,1852500000,1016740.63393138,162730000,301130000,1.119e+09,132670000,294890000,960512.037191182,661936.569399965,39959000,109940000,796929.771264246,1338585.78477493,21989000,1326206.99701678,242149.146257345,109190000,149820000,65957000,19561000,169950000,7317100,6770399999.99998,139840000,1140500000,1157900000,124960000,186600000,80323000.0000001,72060000.0000001,43792000,37380000,20330000,96311000,4052100,729076.41978802,1322711.67408247,774507.759404332,750999.944855815,877572.460010673,3641680.56881808,16183000,4923800,1098017.43690562,187485.157014192,656888.746434525,456131.763054554,2421476.20811043,4818700,473920000,38077000,828170000,38319000,28078000,873958.363469872,119020000,54586000,682200000,10547000,427521.843118196,1386383.9051607,26172000,580853.287795278,1112800000,54602000,31411000,791269.178027265,5493300,3671100,1923192.66806568,1184589.49326196,1018189.17002177,466939.44014252,597132.221724385,1400400,306747.476846073,973670.278005423,399684.92107035,8521999.99999999,234409.849514214,50173000.0000001,5654999.99999999,109250000,1837933.62639557,38746000,5036400,4259300,2172600,22424000,679234.812844786,26594000,6102600000,3003500000,29687000,239510000,1315600,1292788.96797418,3267900,605574.474520609,401614.711129171,29231000,589115.694516742,43662000,306244.967896496,201170000,10904000,1059200000,613270000,15357000,46466000,813248.697485809,6553100000.00001,1788351.22923879,4800000,629787.499844845,564050.235546482,7197300,28544000,1993201.04184815,8854600,6189800000.00001,22143000,36808000,95024000,908759.999999999,1.364e+09,107870000,31875000,383270000,2565400000,1717300000,10658000,882200000,322496.677446464,612647.31341485,822305.199877507,863092.380204657,4824500,891289999.999999,1155900000,87120999.9999999,740234.661834536,1347500000,526062.431446031,30612000,23583000,968657.97665213,37338000,114690000,3682900,788310.000000001,86192000,12136000,32020000,7615699.99999999,329816.803764552,1214074.77967099,880698.751352801,392486.831968443,426151.835449273,7872300,612597.174483688,816192.46295761,1570159.01461916,1387104.19591574,10249000,1964000,2232800,357004.715451068,1.79e+09,512270000,36090000,1041400000,2712301.86229958,92084000.0000001,192021.035029941,11197000,29424000,180180000,8088700000,2051434.75320528,1425777.44606711,559552.325195823,874490.01682878,934968.734714091,15592000,210012.632129372,28469000,10690000,1476779.121053,1765830.76416425,516550000,36357000,315320.095223652,9081500,174298.238233619,48846000,3.3e+07,765417.419453831,6053999.99999999,11855000,88754000,349301.193425153,269258.2691622,245504.176358847,368675.036303521,1197580.31228775,980361.315356905,606489.459642155,5734700,4947500,518642.885890878,456682.710537775,8800600.00000001,86716000,740553.732263435,1625074.62584496,548820.550009508,605806.453690271,603149.384236603,280932.928514107,1090294.3879125,524449.433065988,1394213.73396005,50455000,5003300000.00001,15964000,851924.339883226,539149999.999999,47709000,6150000,47949000,28540000,22156000,60379000,151630000,12236000,692111.146458789,3491082.98915859,1003539.75811386,322836.907648891,644280.788670697,1234698.88056324,13477000,450897.217733706,593174.89969036,12631000,400375.620865978,292702.688864559,241240000,2157302.63318999,2054828.89923864,307805.756449108,5689100,972149.28074281,1491015.23684408,1249025.02495386,1387939.69128029,48678000,462840.375464595,1685681.25551174
HC_34_imputed_intensity,0,746362.025297793,422530000,3479600000,8537200.00000001,1756266.55782188,8458699.99999999,91007000,141520000,93096999999.9998,605659.78263209,409417.404232454,133349.664416738,527518.582929331,136772.852557249,192026.647673318,33653000,7450900000,4114500000,663640000,495930000,243900000,3110400000,359186.130498288,281050000,301860000,1233700000,75612000.0000001,292830000,437546.278523736,2012941.77641228,49513000,138330000,402785.166148728,1023684.87768734,5484500,2384634.86904462,401454.130753561,107530000,156830000,67948999.9999999,8924300.00000001,152240000,6585900,6576700000,112280000,843290000.000001,1382100000,195950000,124700000,54168000.0000001,56521000,55727000.0000001,35388000,22181000,62370000.0000001,1800000,1357388.34357698,897390.949577613,3315600,465721.459077414,2234434.98225839,476447.789657444,10061000,899248.131132078,5011000,518616.148324295,287786.667220607,889572.14068592,562950.921318247,11365000,335060000,46328000,729610000,62955000,21374000,312805.98043236,131540000,71836999.9999999,788409999.999999,16797000,345079.600825862,933957.852045673,25068000,574684.574891233,745119999.999999,35931000,40299000.0000001,419568.700266522,950836.649717004,10854000,477697.396056914,315738.693971782,245078.410430945,544430.836781312,2172323.05409892,320846.297670262,911900,2009193.76326594,593471.394788514,6953300.00000001,305971.457090293,34361000,5836800,116540000,354795.82326179,33233000,3244100,3530600,2650700,7722400,651547.703456568,18942000,5384299999.99999,3341600000,39588000,313360000,418103.830158142,663032.603965176,4323100,282912.050048242,450270.267506185,28277000,765299.888845914,31955000,564114.693920368,249220000,19255000,581810000.000001,316220000,1556736.33867488,63026000,648710.64161462,3384800000,625020.156903082,5502900,544631.016363233,217227.630832916,299406.528867636,22716000,675420,847938.942781348,1.1236e+10,18130000,375419.821198054,214920000,1756600,1421400000,138290000,29617000,218350000,807143.298165572,1645100000,13684000,727350000,335232.561900975,625993.856407299,542333.061620273,282986.422635901,667180.785700715,1078300000,1718400000,124660000,683459.418109877,1005400000,712114.446824698,16358000,19807000,1327972.19656111,1616000,106650000,2681300,613252.435823606,128940000,14919000,43719000,10954000,717327.104980598,732620.413558514,217249.901971485,453016.473392194,122544.686093002,10707000,3185714.35971942,785152.957657527,493279.84128511,502221.363903908,4560600,1592800,757382.916434978,337591.559388751,1608200000,576850000,23728000,702870000,464950000,60144000,377142.815434692,8751300.00000001,2069136.56418493,87660999.9999999,1.2288e+10,958997.844396591,849517.06206382,4455628.5272139,650419.187522674,739065.888239751,392718.094814972,311773.958288939,18197000,14023000,521183.395360929,243693.830806958,449900000,6851200,1869966.47222497,5693400,416512.677493511,111060000,7593100,753612.944932766,3332200,25746000,171760000,317694.455650024,839339.069282433,197107.422668355,200433.103387997,4556500,1145235.811937,2386500,16555000,4896900,461615.880973905,114445.198298278,7214600.00000001,134670000,1220073.24851191,758379.037008256,906526.842517659,1530733.3753233,753235.998700711,270610.723400363,341741.476074686,448636.219712649,236702.931423427,8554700,3114100000,20684000,320765.662306192,394510000,43408000,5548300,47409000.0000001,29952000,28906000,56252000,187450000,9780600,623139.672628014,719391.561132225,204000.169168676,286344.445243201,443407.65205447,252805.608810395,14885000,398812.399786989,650799.999999999,7684199.99999999,213686.48725376,610845.301086319,320900000,4488216.45130423,1030427.89173592,3048954.16529037,2048800,975170,361782.772757463,490522.597451558,311625.016800379,49414000.0000001,1016932.41033653,292579.064592151
HC_35_imputed_intensity,0,130004.075898075,527280000,2848700000,8538000.00000001,551466.876638462,6405000,117740000,145370000,1.0572e+11,1273302.10422389,224984.981483613,277603.573383359,1494600,304512.762486234,266407.749373874,14766000,8933600000.00001,3341900000,725370000,535720000.000001,109880000,2938400000,803304.97879776,129200000,431880000,743900000,90066999.9999999,436370000,706409.958592808,648350.788619052,46399000,112250000,1275790.20347541,1545261.24307351,11612000,281764.279759403,591863.173683631,117730000,134300000,69877000,16251000,148760000,9593200,5610000000.00001,95391999.9999999,813430000,709339999.999999,119400000,134010000,81210000,64827000.0000001,43736000,28277000,37447000,53752000.0000001,5266000,424633.940550257,147635.099230534,256371.895093283,394320.121574607,668181.824521278,352186.166195855,16662000,15820000,1158551.63415241,764572.769953249,497017.816708173,650276.330649417,1003238.04676727,8450600,411540000,37069000,648410000,75702000,13081000,182744.805338814,127560000,79289000,708390000,26236000,147334.120854716,7833158.85279873,30382000,645139.07723986,762850000.000001,54492000,17916000,492785.910012147,3787800,7647200.00000001,281788.631713712,286829.760203142,930010.43975816,562126.705941094,1522713.61159164,714300,165352.64893107,346975.572024669,1104544.67362506,11539000,645658.82243754,36661000,4683099.99999999,229550000,560708.990943149,36010000,4216300,10261000,2683800,25356000,356154.71672498,18616000,4706500000.00001,2500800000,19365000,304940000,244430,496135.913527966,5049500,519685.760467044,153531.65192885,25966000,391580.798605531,37204000,1641020.1267843,312270000,24807000,1696100000,722110000,16427000,63563999.9999999,461681.050211545,2833600000,745332.026237375,12129000,364515.131060432,456887.475334926,421569.610618173,27807000,1830600,9937800.00000001,7.103e+09,20725000,49078999.9999999,39403000,958119.999999999,1530300000,102760000,44346999.9999999,351630000,186718.578311846,1086200000,347327.452534607,623889999.999999,1504754.07929773,559231.787279936,877052.546299776,364049.635619503,9670600.00000001,909720000.000001,2093400000,134660000,838905.986258143,862680000,277603.895417047,22775000,24504000,1326813.0099088,21823000,97697000.0000001,4286600,431260,124960000,11538000,70807000,13144000,1166932.50892825,200523.71946227,1963800,138162.683359203,1795857.10277922,11482000,1527938.14775918,360386.466034617,303572.542074277,655107.443248882,31461000,1101664.37102841,2218300,1312186.92368814,1567700000,510860000,18751000,1016400000,253520000,70431999.9999999,1635024.11957182,17469000,16258000,244665.452822613,3849300000,737833.98394444,326159.311807766,20411000,853312.406074086,517673.611551479,35077000,712885.782321809,34087000,4877600,1811050.65519691,584275.90772742,444770000,13359000,970710,5225000,450547.664183766,116590000,21623000,1418745.34855348,5981000.00000001,19854000,120350000,344691.20912879,522441.693276109,324105.585338839,1077032.95841108,257494.154169009,189919.373666108,274172.555623511,339960,5342100,172411.593401149,380641.522879876,531171.7171058,137160000,310485.216318133,785901.138312273,936194.998499793,445854.59508196,652488.565340504,27475000,550064.002183789,275662.399598522,1220062.19252017,69219000,3247100000,9295300,1035284.28111651,418940000,71605000.0000001,7225900.00000001,41737000,30090000,30783000,77015000,192970000,7228900,756472.864960972,1047622.07089744,3958362.90864626,373447.741599906,252163.500400538,666275.545547859,16512000,641698.811228983,2162100,4548900,440664.120009135,598204.948651596,411290000,193439.920622036,239851.15523147,1470634.26010636,3075000,79943.5227958891,884287.143922512,794064.157004942,305593.394881635,97709000,1383320.51828654,453645.951043424
HC_36_imputed_intensity,0,385172.90533821,341290000,2612200000,40937000,736065.011611003,5762100,86645999.9999999,105870000,1.0466e+11,310465.364919286,2850577.87055162,337897.086133894,183004.031133353,573269.032603368,107222.129503603,35963000,8446900000,4.228e+09,661370000,499080000,200010000,1232800000,1254119.43245179,113540000,338460000,894430000,74011999.9999999,378040000,810447.301708615,153010.278070795,44187000,126290000,633306.246452331,263963.004840406,9358000.00000001,564168.958942868,738272.85474727,99387000,114530000,75686000.0000001,7795100.00000001,223540000,3991400,5.536e+09,151980000,954790000,947110000.000001,123390000,121770000,52307000,55782000.0000001,32128000,26522000,25170000,60595000.0000001,14065000,7459200,2289200,1029500,73853.1281751573,110096.05146728,95889.6970709745,17648000,347338.680722307,1033200,1200272.55908881,237053.75432795,1747451.53289056,521332.268132304,13403000,298220000,29911000,715310000,37765000,21662000,134881.054707113,114440000,70629000,1.091e+09,13740000,576198.998190533,355882.936973303,22946000,1048169.61949935,663680000,56674000,383865.240764783,1492814.21444557,149543.013717458,6325400,356914.875261314,289062.991639877,365422.828052802,48866.2161439731,1855440.09698142,3736100,1336489.6107853,3828400,22627000,8915400,294830.55068589,25746000,7203200,139040000,2633778.93249457,20859000,5223599.99999999,11441000,757867.429031848,31589000,899659.12453486,11915000,7089400000.00001,4318899999.99999,51051000,381250000,347760.135634335,3722800,245239.683822282,95878.8622167432,68811.679495923,32567000,457776.510137401,38994000,352333.459546228,403780000,28531000,2048100000,1164100000,14141000,6.9e+07,140197.159033726,3364300000,1293693.21309913,9047999.99999999,6281700.00000001,232789.059645627,194193.408936939,22110000,4693600,364417.043762858,8856800000.00002,18664000,33207000,283630000,999060.000000001,1460800000,66053000,21433000,225960000,689043.152496882,566060000,25538000,1012300000,239425.137792296,983535.224131928,370094.29889719,487126.953247878,5876200,1075300000,1467700000,94563000,219519.634397404,881589999.999999,395702.152571436,11173000,16663000,221736.180223436,8714500.00000001,66894000,1123500,175103.288616683,288210000,12296000,72499000.0000001,10030000,337857.276149203,203383.700202924,414905.555522558,273988.15309681,410890.636375021,3845500,149404.993479047,4225700,367244.257854377,2441500,16977000,320285.680243527,185410.809378116,630257.854499252,1118600000,421390000,26917000,629160000.000001,200300000,51424999.9999999,221816.034095297,431154.257182023,12998000,1070844.60747179,9935499999.99999,474814.768312714,391821.997021594,666191.087195009,578195.324888236,1204563.82118037,253458.553179239,480572.853549894,61248000,873270.471349806,401782.552335308,488463.254253613,377290000,9791699.99999999,109635.926917779,8479999.99999999,419739.81028235,102310000,50282000,360345.961596389,18677000,26299000,124980000,256756.450325419,730984.190711123,501730.765432089,130631.228630939,363293.058350166,1065474.41552759,535858.600687988,528520,6957600,2088596.68734119,144931.114872855,4122500,116080000,184340.972365668,521941.946973921,531698.017531288,543066.122256767,531021.641374195,14098000,627850.240590258,556409.951695579,127515.823959127,70487000.0000001,3624800000,9168099.99999999,318199.624308311,395030000,51118999.9999999,7652300,23930000,10486000,34739000,48494000,132510000,13258000,311926.077948548,859775.507429961,234068.361748661,652458.393373689,37528000,91276.1982787635,19355000,1040208.06453236,4310200,13581000,3508200,413529.042523897,440670000.000001,517810,296370.179437512,311016.603676632,4848700,3638000,1831600,1815000,494998.988128954,59827000,352182.131559876,264869.527036055
HC_37_imputed_intensity,0,889316.705624446,498360000,4.008e+09,20742000,1538758.55407077,5020800,109540000,125100000,89613999999.9999,218315.611270945,920099.89219651,452493.686910335,202320,378748.938475522,746988.502477119,7202999.99999999,8807599999.99999,4959600000.00001,661190000,582810000,180500000,2136700000,1931237.46462508,122180000,288890000,380040000,88312000.0000001,362440000,2538651.68911618,756313.301259716,47182000.0000001,148510000,427100.530856651,119690.44989107,13381000,941341.06525013,394872.441640467,146080000,158660000,73901999.9999999,20182000,170990000,8860499.99999999,6151800000,126490000,899200000,860350000,126060000,160180000,62521000.0000001,23851000,60938000,28401000,45006000,60269000,2621200,358201.883232359,919656.799301654,1915300,615983.723208859,1099402.78607401,90021.0921554311,20973000,1291763.63640736,638052.448922479,647491.4020251,2532175.5911228,353571.594036649,539183.965411358,5489300,408190000,45329000,845020000.000001,93667999.9999999,915251.825172329,323569.614173905,163310000,95752000,5.47e+08,27311000,225615.999233333,527873.260949555,20851000,344327.78736591,730310000.000001,61738000,25734000,925544.927416208,3691900,9052099.99999999,310936.331373804,463507.518575159,1670475.35125253,614824.588097372,651326.979616443,8213700,1463900,1082561.09512912,927945.745672062,12294000,220421.040614045,89331999.9999999,8047099.99999999,53015000,259251.227343044,39904000,4729700,4774600,371635.961549463,50763999.9999999,2170016.71913097,17134000,5926999999.99999,3627100000,25007000,396540000,720588.512166032,259251.569760443,559344.902848031,311590.264482133,356504.935746912,31739000,680742.384511376,53662000,601782.039842105,331160000,11536000,1134400000,741909999.999999,17577000,65526000,301415.664313165,2975400000,380467.159094623,8214899.99999999,734572.222000128,1414381.37237481,7339499.99999999,28390000,2172400,415303.435349074,9303299999.99999,403942.366557026,29849000,76965999.9999999,1567600,1304800000,88566999.9999999,40887000,333870000,1.132e+09,816389999.999999,1111036.84278765,617270000,645800.981641969,1489039.05759493,547062.362754872,124074.067731153,183108.072774377,714159999.999999,1257300000,53984000,508389.002432189,1067500000,352583.508885593,23237000,24910000,609270.525573773,3560800,105320000,5182700,544356.611329986,130510000,19757000,48616000,11205000,1008452.73451273,1956014.72054774,332138.69255359,639436.91310897,385374.718628589,12182000,1833648.9009425,959692.698117803,713905.195236511,484637.139470512,12357000,2383500,3686100,819888.239230434,996670000,518180000,27175000,626270000,1587302.08145667,60116000,496015.085570851,8942699.99999999,418508.447951763,120170000,5146600000,1129561.3209485,499486.558279581,835327.517165654,511439.291966526,1130574.84573229,837635.025398649,533058.807587815,85917000,675468.36725421,937498.812667242,1208791.70726145,453280000,11536000,242244.340638995,7511099.99999999,397771.432338813,82455999.9999999,18740000,695531.053064718,10967000,28174000,130850000,147579.603922054,603355.779919688,2080470.08466548,661515.041657867,597924.825767883,1115128.50923919,3115032.70836675,1442645.70651366,6499400,765138.93280701,430478.337200304,14194000,149980000,128587.562981545,783394.948477457,873193.497551466,402311.834807551,1016289.31815468,31471000,955914.076825083,2085147.46464232,655165.30450249,64652000,3341600000,9083800,1029719.16182188,383280000,67835000,5657299.99999999,43049000,36495000,23098000,115800000,132950000,3808600,515093.437551566,341918.188735025,364656.838087945,1467391.8659679,701161.530331769,1607221.94318818,20443000,1011723.99340178,634092.459492052,9250900,848476.247572312,230310.440827092,277360000,1755627.81086374,621979.625431408,429948.667521485,5812700,721774.32253388,444411.808057499,241350.830142086,191042.837635455,64187000,856819.758583064,366552.6489904
HC_38_imputed_intensity,0,203457.563707037,477109999.999999,5320900000.00001,22538000,416716.692986088,9304700,119050000,113330000,79411999999.9999,615811.210792355,371658.538255403,596157.349265036,2021900,191087.205533873,338979.347498678,2181900,8676500000.00001,3220800000,523979999.999999,509980000,562450000,1085800000,1504691.98085735,186510000,358160000,1168100000,50185000,372300000,176974.403928346,487456.666838885,45128000,118100000,1268015.00412396,189227.671676138,9576700.00000001,37120.0431374473,549388.96420606,128310000,207210000,90825000.0000001,12469000,234370000,8184400,4909800000.00001,107780000,797830000,783139999.999999,122330000,124380000,55398000,50913000,36663000,16344000,42744999.9999999,46810000,948414.347923802,3828000,871581.186378224,3928100,420402.365949376,611079.653370153,1430888.62244995,13067000,6582800,545800,82698.8937540424,374770.95518386,229372.992979315,258286.767242693,11687000,271890000,43591000,624280000.000001,76891000,27077000,622291.916285194,103190000,59255000,848480000,21225000,373793.887351786,368009.766414738,26324000,97683.0743390582,597910000,30313000,23947000,642600.332893411,4106400,19448000,256823.97931727,270110.951913513,144524.386960678,783689.620646251,598918.122140164,6951500.00000001,338249.420592203,1258622.85132347,627782.562028882,6906400,1707805.49587078,24836000,5893099.99999999,264850000,99675.0000000001,36817000,7068900,11699000,3931100,23883000,283116.440673501,17842000,4946100000.00001,1760200000,26528000,328150000,2015800,200737.481997086,2961500,130680.822992038,183993.835465989,22203000,669604.206281818,52770000,436912.736618302,244010000,37307000,1215900000,700870000.000001,9793700,63278000.0000001,586325.5813486,1846700000,230361.101834959,10078000,355552.184925111,595710.822938096,302898.783891502,21741000,5910899.99999999,6965600,8382700000,12302000,25082000,63522000,577109.999999999,1050300000,68136000,12534000,173880000,1853500000,1175900000,25750000,473010000,181495.86910714,125295.14032417,424640,171164.03947656,6569600,1263100000,2624300000,250050000,450857.540663572,955570000,274844.806977087,15984000,23045000,380091.633018584,47963000,69637000.0000001,21824000,7181400,266220000,10159000,82460000,8394399.99999999,402142.506993821,876391.886175593,84583.6993296567,342055.610569625,832139.528471941,6325500,248780.514463448,4560700,292311.912092255,3307100,20371000,3017900,2150000,205064.051841746,1122700000,442800000,15648000,416720000,707198.581782197,53827000,168614.847396555,8447699.99999999,14672000,70658999.9999999,9482000000.00002,1227505.82779161,1582800,1074387.11699043,516756.070345581,289127.46123981,38634000,157603.516696275,96030000,4590600,329307.986362649,306717.287300698,419410000,18328000,2596500,5567900,399800,112860000,18229000,524908.910227902,6814699.99999999,23918000,127840000,249386.427260602,399295.806242129,117165.263803134,572739.388139571,144979.362110325,2715900,693330.691160632,1249712.49525449,6625900,544382.972622706,1032452.01073282,132956.142796894,111510000,1035607.73693205,494306.753648666,94823.1300434012,952930.000000001,1228418.16678637,10262000,1235950.01730428,332011.731197476,179225.228353134,66016000,3.404e+09,21297000,422934.315080381,340260000,50275000,4476600,37476000,14192000,43164000,53449000,122670000,20151000,220621.932032957,1015810.12704119,631654.621632954,324882.31315143,128964.755902276,663449.879377701,9483400.00000001,143875.30228685,663210,40302000,9022399.99999999,1756369.67374186,407910000,294430,1077273.80690143,1705357.391413,4577600,1357100,2325210.90079416,277137.273898539,180255.948308812,132960000,491895.144271063,78010.8236093553
HC_39_imputed_intensity,0,98218000.0000001,451890000,2429900000,136520000,144783.573150183,7147899.99999999,75551000,145090000,7.0745e+10,352080.547367286,240158.968390479,857983.570398929,388969.835637567,458997.593109134,319648.396960735,8536300,7856800000.00002,2718200000,621370000,471890000,539770000,2.658e+09,309942.561069911,104030000,226240000,756509999.999999,47128000,285650000,614071.028784418,197542.480964318,32492000,127810000,264401.324543872,167327.254563614,7852400,3292100,88290.5630035918,95260000.0000001,122130000,106580000,9201000.00000001,346140000,10185000,4239700000,267700000,1306700000,1377200000,189310000,112120000,48671000,40811000,31658000,23355000,29216000,64893000,4885800,70077000,231387.109547501,5417700,3296200,160500.177761583,821884.862918492,11198000,3777600,2056600,260749.697424676,442299.373659595,642213.813115364,84469.7872947907,11936000,218470000,48423000,502920000.000001,70171000,34900000,370426.888940494,103940000,40098000,807550000.000001,32295000,1960705.10937709,210438.144641298,22603000,115067.859670933,681330000,35710000,23724000,407049.640508134,4339300,5619100,145766.777755727,162033.580321762,355998.794782665,119401.231755902,677101.62768943,2975700,710201.545211952,407422.023863732,546785.300271641,10227000,282399.507208953,21014000,4413100,256900000,376754.510635869,22612000,7960200,7661700.00000001,9590400.00000001,12501000,5527100,9110200,5305399999.99999,3303500000,28152000,327300000,6407500,2285200,2873400,147021.329070735,206785.891437627,20604000,1534773.08005504,42644000,421429.832435093,218160000,44780000,671540000,301490000,7120700,65635000,670178.767754419,2348100000,398001.743707609,10975000,21423000,467114.305530044,5681900,18037000,3503100,12667000,9341199999.99999,15669000,14215000,153620000,603680,1038500000,87385000,22016000,176130000,1243900000,1.46e+09,176352.760540811,3.22e+08,188961.34237318,775623.47150774,750726.027517766,265856.728239966,5588000,1750700000,2658100000,299160000,649272.290608657,1117900000,372044.915893507,22201000,16939000,3256800,98525000,92419000.0000001,9311299.99999999,3344700,211250000,13806000,58573000,9988199.99999999,131522.922734928,557574.725951115,3156100,608456.839312441,300087.43667734,11431000,467975.038958762,25321000,3304600,4088500,18262000,2646800,2065400,354210.60364391,780990000,387290000,12236000,465840000,172560000,48892000,436255.24784998,384948.53598361,8548700,77047000.0000001,6934900000,347211.1200572,906675.326373172,211183.205667867,8886500.00000001,345293.427759994,50181000,366458.37257374,209660000,9720400,239651.678448956,431560.709109636,364440000,13391000,157321.861464035,7807200,310766.157583884,75891000,68174000,7503800,5533400.00000001,22242000,175410000,158213.201304487,101471.772799765,8422200.00000001,281839.411833842,5634100.00000001,2330200,112013.599318145,14694000,4608700,145946.034459723,10365000,316249.128113148,191590000,358021.04617932,218815.197098065,610256.934227995,4320300,1237160.42408521,5048800,298778.633692841,24299000,807108.992271381,54114000,3076600000,17395000,133336.258237791,143970000,43568000,5224000,26351000,28705000,39992000,67336000,112470000,26927000,227463.333594365,419702.497145975,110437.408371717,343435.956578199,45119000,489580,15340000,743758.165049591,97416000,1.38e+08,99688000,351556.773807557,737930000.000001,18709000,5656700,444533.107938067,3907700,809850,12249000,4648299.99999999,278978.704033921,76096000,1471642.55444428,29172000
HC_40_imputed_intensity,0,658279.160618789,447800000,2492500000,39454000,461044.09599679,2456700,74451000,120090000,74365999999.9999,109767.392030176,188033.891259788,154473.541986247,294370,457540.21203571,565564.200929303,1899500,6633500000.00001,3.689e+09,413040000,524550000,482010000,3.272e+09,691511.561690915,320210000,268410000,2196600000,59351000,240720000,86697.1846005721,418144.730154207,40116000,91671999.9999999,382717.495406573,204998.936069988,10589000,168331.882134379,131442.020960606,92984000,97130000,122880000,14222000,335500000,8239800.00000001,4418400000,343120000,1853300000,1332500000,168280000,143870000,59706000,48898999.9999999,47246000,45354000,26605000,75844000.0000001,4684100,14335000,194457.349123981,66296.2047567929,519296.060065518,2143532.69452054,243256.972881834,11722000,256290.49264166,2423300,204928.56190317,524270.702141171,129722.242209864,541861.657371333,9787600,322050000,44246000,649510000.000001,68540999.9999999,12572000,117564.836217555,115350000,53404000,801640000,17204000,823022.221717592,720604.024355263,20115000,1759500,700330000.000001,57823000,17878000,315578.509016017,4366900,4570600,92736.398596172,248661.910835702,43893.2238887308,321515.772531486,358914.934215107,1138600,465871.387656576,331049.593075184,202234.167953078,8789300,343490.597677031,37522000,2983100,282030000,476590.802128736,15325000,4625400,13342000,3963700,37358000,2143700,19471000,4401699999.99999,3213600000,61205000,134580000,1551600,50822.1149551741,593360.607809099,149755.151559252,584444.913038744,16582000,676630.317704831,32519000,1417592.03568246,146180000,47093000,829170000,442900000,5656200.00000001,58382000,544970.034405696,4266900000,255403.115928637,7638700.00000001,5226299.99999999,1507164.69362001,275824.886114143,21775000,1487000,6440100,7102500000.00001,8483600.00000001,22344000,38188000,1015400,1055200000,66386000,28481000,222140000,1747500000,630060000,12865000,356780000,270852.233240095,513317.620939914,1104700,394250.525262036,6613300,2232100000,4183700000,562690000,236035.786641793,981549999.999999,365135.538588458,20220000,21949000,288241.304759647,30361000,103690000,9219000.00000001,1778900,239500000,178492.10336178,96164000,13985000,129754.441336313,120668.277806091,231974.250444754,188527.56713759,369033.020164625,11947000,202089.922050616,5934100,249679.035897846,6651800,23202000,225917.578705472,309105.536668471,967866.292735107,1173300000,520340000,7797600,635909999.999999,424988.27695375,74967000,114860.633865022,13016000,14635000,71017999.9999999,7498199999.99998,131574.340083283,1703400,220008.689929756,3042500,333850.510835042,379943.500339453,326359.587825444,100250000,681794.074333398,277147.008273297,227707.462438775,388820000,14686000,156898.067035149,11379000,2333000,93195000,37641000,4617300,5733800,27545000,236720000,553341.369776239,984805.264243418,101843.716914516,86497.3419678725,377876.480219218,2164200,436530.439405,51207999.9999999,6156500,470949.380082633,509699.946069642,165585.660074987,108970000,408069.637180297,644980.294119092,551739.64356368,105885.578069146,155994.404233991,8616700.00000001,545317.901722663,2707900,431645.348732147,135430000,3157900000,24186000,113595.814941534,341320000,45229000,4106800,25792000,16447000,48447000,48298000,106670000,12021000,401908.13277104,235420.678508922,157376.90384494,223413.206034745,16455000,561814.566191927,11717000,68854.2316298828,4315400,31244000,8624000,370511.953940065,712900000.000001,1679400,164754.097937403,620445.766220767,3446900,356210,2337600,400550,271735.779876882,6010400,342602.343844579,4864400
HC_41_imputed_intensity,0,318562.677887477,558709999.999999,2810300000,13366000,484712.814546233,8876000,67943000,136190000,7.5073e+10,748121.093278517,1963201.20846939,119156.692722282,3160200,347617.00768214,212036.553144739,6765700,7256399999.99999,2459900000,560960000,576800000,250960000,2932900000,541830.532507455,83614000.0000001,307970000,586710000,62970000,318200000,734211.634537643,300541.117863764,33240000,113520000,517941.859957213,153140.651686526,8389500,490543.344066856,85468.953126109,115730000,150010000,122050000,11334000,373280000,10725000,4728500000.00001,233630000,1027600000,1215300000,151790000,125300000,57435000.0000001,52102000,38472000,34869000,29552000,96012999.9999999,7180600.00000001,4079600,917879.306566288,2498900,324940.530445413,85690.3921009019,265805.030319634,13633000,6025600,2638300,1275192.00795089,245167.363406786,306226.302346294,1111124.5562285,10195000,342050000,42072000,547270000,90050999.9999999,28872000,102998.063395661,127060000,76127000,785250000,21765000,650506.093811856,266209.187199371,28622000,385054.984751058,709149999.999999,46483000,22817000,27318000,5983300,8930400.00000001,160095.985674568,233386.360941876,863514.330559158,178201.038597191,79484.2683712971,1906000,178429.06874007,225635.522632225,758253.354018013,11918000,353449.56538224,36895000,2546200,216060000,295320,26825000,7120600,7445200,15678000,11586000,231153.402159694,9625799.99999999,5544800000,3.503e+09,19771000,198060000,1135900,248748.638062844,3721100,404845.657174842,312287.292503797,18127000,1305549.01917352,43540000,749837.290860802,336110000,48772000,2201400000,823749999.999999,12899000,59051000.0000001,369733.68170168,2894100000,5134877.85711168,6506100,726140.840701149,389964.57952091,5719599.99999999,14561000,2805700,951860.815410537,8737699999.99998,12987000,29257000,112230000,501320,1159300000,86715000.0000001,18119000,182520000,867399999.999999,710060000.000001,16344000,782829999.999999,598132.442695549,697386.613620984,327076.178706308,389199.189454928,8193599.99999999,1051200000,2483800000,281310000,215488.978375477,892550000,663198.146106425,28576000,25673000,221109.470395776,10320000,95161000,7052100.00000001,1208986.47335534,212080000,11328000,63391000,13921000,125931.173523193,118435.511986547,953490.845946518,435083.935984954,333490.116543598,6495300,1422588.11942278,2789500,3938300,2190100,12777000,2673300,1268600,504186.610728681,1211400000,539010000,5367600,619730000,272038.557147904,38648000,1589679.52599525,5110700,12492000,113250000,9783199999.99998,1579642.22993248,664938.120289365,212054.059699913,171499.95650328,540058.743107864,814750.644800726,369692.191434825,90274000.0000001,660779.891647083,338558.390186299,208708.830316393,360260000,21202000,1214500,10183000,334550,88835000.0000001,9055400.00000001,4376200,17907000,21918000,143420000,207472.991028425,236134.549708757,18912000,308565.391458586,105203.165932994,1670100,208624.470825165,22525000,5721700,405034.354317747,601099.85060242,10168000,97529999.9999999,974694.878109995,369283.382907553,260308.961820706,163985.37642132,89715.6706093441,9473399.99999999,280459.184647137,316512.905382962,332621.901408608,53427000,3222700000,27252000,82237.7925588791,388210000,54604000,6899600.00000001,35606000,8317400,26864000,57740000.0000001,139770000,21640000,310499.563560664,476676.417954754,156236.542993343,396875.407803482,177624.705728226,162500.859667193,6761600,326552.217920861,449820,22196000,2521300,483452.119130327,426310000,179920,389044.549388289,272773.315537335,3622100,1260600,3038800,681810,934768.658262813,74085000,424656.546859738,3220600
HC_42_imputed_intensity,0,146240000,442400000,2007700000,53335000,1440186.57686036,5918700.00000001,56800000,136480000,6.0988e+10,272536.879843408,1910000,675720.502074947,2185700,369234.662352261,265579.380636881,20281000,5806200000,3386400000,431260000,583370000,589030000,2764300000,130883.531266206,262710000,194460000,1.272e+09,107890000,345810000,193499.457936391,298371.912172171,43049000,112580000,725587.422527251,396471.256872304,10222000,331479.081287338,774143.193730004,81769000,84710000,101720000,13359000,287840000,12560000,4045800000,263460000,2.346e+09,1420200000,186100000,138930000,56738999.9999999,41464000,35155000,27239000,27784000,107170000,6499400,199873.432804394,395140.695525853,140864.570135365,271723.359407741,276345.67695956,204476.517550078,23477000,713722.36559453,4037200,257840.341816519,322156.505499179,269318.414730428,260133.62003717,6314300,452240000,38548000,648310000,38005000,26273000,344186.855685647,130840000,43040000,767330000,30040000,359242.403520532,710668.595366617,25645000,436844.828898087,922390000,53053999.9999999,28595000,190690000,2583600,7605800.00000001,971251.884086494,193263.804025213,215107.115759639,299736.375347038,690248.08302032,2006200,434004.700378988,188503.212044007,110312.697454941,7913799.99999999,458971.729870383,23871000,4174200,324900000,444784.372601363,17721000,7552599.99999999,9791200,2549100,21083000,616420.000000001,20683000,4450699999.99999,2925700000,35361000,150100000,556730.766851094,4211488.84190265,3907200,372533.243975333,600249.427911464,31378000,907617.830076251,33315000,265238.739992671,175260000,50185000,1.095e+09,603890000.000001,15279000,47665000,326609.994449487,5873900000,798721.332274691,9042799.99999999,204310.192736078,276739.659608182,2597935.4659673,17179000,1356500,74528.6017960921,7046400000.00001,7861000.00000001,36163000,79799000,914250,752670000,84031000,12563000,86560000,208645.90421622,796160000,27791000,531090000,347061.855464405,174386.411423662,322080.200655704,711324.680629677,2776900,1379700000,2790100000,432600000,523814.829389583,889780000,274144.413907912,26564000,29679000,178904.172625677,280640000,148100000,6151800.00000001,295380,199050000,13737000,88583000,17870000,164541.646941315,233577.154312449,164994.171229683,335442.506482589,2377644.14437963,8542300,1145198.58719569,8389200,618600.798847775,7578099.99999999,38092000,2005300,127820.924051032,228945.505584802,1936200000,457030000,6243400.00000001,367240000,82226.2377617883,36807000,266157.03264876,4697100,9652299.99999999,70871999.9999999,4350100000.00001,200389.876222775,833187.503949401,7906999.99999999,479839.047887539,849406.154011149,19816000,445630.414455337,26455000,10577000,76162.7792672115,150730.858512483,380160000,13432000,375291.489445968,4656100,497900,71238000.0000001,14437000,4797400,5745500,26702000,274940000,107452.911308294,605119.376554916,3952400,1086403.45053164,220363.537702877,2705900,428400.638154196,3535600,5480799.99999999,1087013.03137558,407794.044698555,8865900,107250000,540416.416871674,226236.263555549,720773.536711869,566356.312850603,827456.719267301,46636000,569198.758648247,4070300,427526.017165985,64162000,3367600000,40914999.9999999,138208.835594149,480660000,46305000,5793399.99999999,31927000,18698000,51493000,74072000.0000001,128250000,252422.04879667,291193.079623653,243140.603085157,556208.376261915,284434.153050328,894520.153421151,249142.170499416,17221000,398046.735634272,5088100,19793000,13034000,452589.882610345,532450000,1289300,326929.772021105,104959.78004158,4009500,580624.492567315,4844200,2155600,1622323.96098937,19286000,1768300.57244142,10667000
HC_43_imputed_intensity,0,829279.209628671,536609999.999999,3.279e+09,36770000,395711.645471379,11174000,134750000,143170000,74898999999.9999,878116.508974753,383440.271364349,148680.17403903,291420,223840,59790.3299050114,6166600,7506200000,4721300000,742380000.000001,491680000,454270000,3731300000,386011.279666198,140410000,210290000,867900000.000001,57706000.0000001,268720000,1185645.48415397,149280.715865695,36352000,104440000,216969.141012852,17782000,11802000,338813.293777162,100899.469628899,156590000,122650000,122270000,12168000,381730000,8480700,4921600000,196350000,1.321e+09,1148800000,160580000,131860000,44500000,33324000,37453000,26064000,30166000,53663000,1709800,9408600,193539.011507232,68169.5717590038,93550.1826160788,252033.015234373,475892.356131142,13916000,626763.027185295,4977000,992646.503240271,459134.27221471,711963.118946488,791452.84259883,19275000,364600000,24971000,587350000,84335000,13388000,853323.545387985,106360000,72632000,928790000.000001,31411000,227793.711234991,444213.809406248,24499000,377840.674217183,695750000,45982000,20404000,191610.181125788,4762900,6812899.99999999,311988.699455355,523269.754825354,13663000,163214.548631461,221285.175603175,3570700,114036.14597299,138453.169628861,312893.822693384,10141000,460622.657961162,60922000,6678300.00000001,317770000,289893.171243239,29154000,7191799.99999999,4114900,1877700,18785000,733550,22012000,4128100000,2280500000,22640000,281010000,1748700,650523.151544,3883000,89714.096177271,393412.056362612,29251000,376443.867889285,37161000,173432.217395584,232650000,43232000,820220000,517850000,612595.336355792,58818000,177129.369512356,2594600000,540479.360352984,13096000,518047.578841752,223070.152491348,997497.314885977,15389000,1820500,359015.99881237,5372900000.00001,7594100,18675000,55314999.9999999,810080,877770000.000001,57529000.0000001,13889000,133750000,670790000,565910000,14006000,421540000,262097.600606424,155284.691650466,244282.190110194,401832.353230594,1460117.71178553,1518200000,4369500000,570870000,403164.981251804,731940000.000001,238908.074913116,25622000,24910000,254461.400964194,5668199.99999999,81586000.0000001,8284200.00000001,308120,257050000,11841000,65419000,9796299.99999999,156601.261542827,434816.493071463,75722.6336576641,252519.237368315,143322.074405057,6413500,224452.35525993,4418900,125271.741938446,3447600,24679000,2363800,1891300,458240.132211747,1185900000,310540000,11857000,460720000,102840000,26441000,521589.82479377,5247399.99999999,6183800,7e+07,6472500000,227511.615280637,2256500,19504000,4153700,73844.6323465036,24604000,1064689.31178926,68488000,277137.360366038,684674.966219305,316692.950421034,377170000,27016000,2337200,10562000,2461700,127430000,21612000,3713900,3982200,30114000,177800000,87781.2833058541,402251.600392441,2195300,369616.989642881,254038.050167756,2528200,230092.149589805,1803700,5774700,752673.788911709,1342421.22653022,3018800,129320000,329316.002720826,208937.909539252,145604.330260331,263979.861873568,425284.168359031,695738.24448695,348184.837805558,141490.148793239,546599.566316448,40935000,3396100000,19834000,719001.843922548,303640000,61676000.0000001,6508000.00000001,33752000,15356000,49376000,83075000.0000001,145480000,12565000,1056220.61462309,672753.631460019,126308.007588219,366242.603769806,417229.082864585,842608.035549537,11472000,360199.709381185,2655400,53925000,19893000,989061.186152807,695670000,1250400,1888100,205078.555233065,6535800,419841.87056747,3495800,116860,761789.031142617,63117999.9999999,355835.193531777,11148000
HC_44_imputed_intensity,0,285579.369056004,517930000,2503900000,75240000,165264.587076316,7478100,96011999.9999999,140060000,76718999999.9998,3853600,530881.570358012,463984.073719106,2380900,280450,253182.712946202,11967000,8100900000.00001,4300700000.00001,491890000,524730000,703740000,5291600000.00001,298928.217713159,718760000,240200000,2490800000,63163000,361660000,298945.374206071,517854.611534059,44748000,117190000,639231.914158295,252615.870987398,14255000,399733.533191959,308284.808478383,134210000,141890000,106310000,9354900.00000001,289680000,12365000,5999100000.00001,227060000,1576300000,1120300000,166780000,161690000,56785999.9999999,48319000,38380000,26846000,37830000,54116999.9999999,692616.24853453,12713000,156568.980720682,3932300,3332300,110337.486075222,124155.201704771,13432000,281911.500818053,355580.554075928,326299.989827808,206220.471709516,253480.173392745,416670,6218300,350890000,38955000,641810000,87569000,12725000,150331.322179302,123830000,60715000,655210000.000001,41852000,545175.69248428,338331.157333646,21875000,128501.286206454,598019999.999999,50585000,29047000,240428.118372771,4965600,5861899.99999999,200104.357773048,350130.461551196,12763000,195897.797535122,208568.720579353,906759.999999999,124935.265309792,718415.055244282,276102.67407001,11269000,730777.320649923,29140000,3465200,262850000,207787.211637737,47191000.0000001,5132699.99999999,4597900,18248000,32499000,321868.830394274,14507000,3960700000,2352700000,24028000,239750000,509590,922561.07756228,3358200,157700.569167403,335443.264245064,38802000,850696.947188981,26257000,800882.205011533,265940000,35644000,946470000,455990000,325448.903124656,64846000.0000001,1220035.40263674,2747500000,131975.659636579,7764400,7004099.99999999,427702.04391945,213921.123157882,22809000,2550500,238587.185857804,7160599999.99998,8776600.00000001,37114000,18119000,777930,1043900000,105470000,13338000,270800000,2109200000,986809999.999999,29573000,543280000,477211.979175759,217291.972646978,1261000,516328.70076978,5232399.99999999,1349700000,2458200000,229580000,1378080.01297699,930550000,359888.555729184,24892000,21230000,869925.404084755,83039000,76933999.9999999,4164400,1249500,221430000,12440000,82857000,9911599.99999999,542118.444022108,439815.173794499,418242.971850177,439649.326252797,457695.534012356,11537000,666453.425421955,12738000,412039.387485818,7000599.99999999,25371000,2996800,2239200,210106.93655219,999010000,495430000,18603000,654400000,151170000,60845000,139201.785399427,5713500,276540.512131742,115990000,1.1596e+10,244362.367811444,116360.063809591,21795000,388758.801527258,571706.016952568,28501000,656633.833072229,65522999.9999999,3985000,119638.566656491,215565.118606842,423370000,10699000,2427600,7669000,1085000,107980000,31487000,7716800,6150700,32844000,203880000,462978.466456242,319493.308542923,713015.637075073,223091.551116117,9396300,1451500,814420.023367552,2909200,4718300,723670.850986825,1399929.16853649,651556.862027812,117390000,205910.873216198,98838.203784699,480278.243300189,1476657.49378443,962145.912709278,36507000,748477.860806154,4113100,1004897.75401154,46906000,3561100000,24544000,157376.603202027,326100000,76146000,9138399.99999999,20793000,11254000,62580000.0000001,69300000,86070000,9247300.00000001,292843.681184994,563540.372080215,636611.097625693,301470.43367647,16043000,260796.317525718,16894000,466762.263427871,7103200,21425000,15344000,891882.852006816,528279999.999999,1963600,5010400,302821.655066667,4422700,193541.270918526,5080699.99999999,1465200,258309.938140169,29756000,398976.835058061,9949599.99999999
HC_45_imputed_intensity,0,749209.302362243,413060000,2829200000,38965000,305956.707988314,15655000,84465999.9999999,130330000,88101999999.9999,348236.474903674,312634.299407333,215281.177847601,1511600,182381.157691995,160572.587340908,11238000,4952799999.99999,2622400000,579450000,479909999.999999,326050000,3729500000,325822.758408314,51683000,286790000,566450000,66960000,245720000,308868.766385256,110217.750854225,35470000,93416000,264281.638050295,202589.191989,10089000,360874.791048031,238878.228006476,121280000,127780000,111370000,11457000,307980000,6981699.99999999,4506900000.00001,324230000,1.748e+09,1.103e+09,128090000,147940000,50475000,34778000,40091000,24296000,24293000,112770000,4522100,26270000,122630.885142635,70168.8532660616,106010.568969506,174448.266591086,374608.056734471,17435000,180708.675412565,2262200,331641.675825053,335639.205363872,469473.95001108,85304.937886594,13467000,288030000,21091000,513819999.999999,69158000,14367000,1450018.56334342,110290000,39027000,913310000.000001,10204000,285643.781113385,95822.2737053089,29610000,828310,812260000,43113000.0000001,11592000,28081000,3383300,175126.07719851,260274.154583094,979311.11141257,240747.839539033,931237.16078987,210743.293267718,401770,133838.971719771,288822.709588694,835760,10667000,239913.999517542,13634000,2353500,261890000,80233.8425055356,19573000,6777500,6837800.00000001,14115000,8150800.00000001,499996.61116454,15455000,5845199999.99999,2311800000,25098000,252590000,6499100,414456.654382146,2901300,59807.6469439858,179546.639495484,13536000,410819.625367439,47676000,211904.06538304,207060000,41741000,1909300000,885989999.999999,14711000,48578000,375902.621806494,3782700000,420907.79682165,9014900.00000001,7712200,328155.46005318,113023.591197585,16307000,2551400,8577000.00000001,9802099999.99999,13892000,23495000,158240000,1503700,1413500000,87194000,14956000,235350000,1224200000,1559600000,459131.659118407,375260000,646894.384954214,220817.764285932,773439.999999999,126025.944724574,4771000,1140100000,2072100000,623519999.999999,751799.484497905,730720000,104474.67105381,37276000,15377000,225138.577918877,7398100,98272000,6651900,803120,126530000,11498000,58779000,11409000,488280.304716102,134778.654373227,171717.73924584,81047.7624821195,261308.044732769,8036599.99999999,139639.082620422,4280800,208917.905050392,2394000,11680000,2507900,3805100,463224.18333767,2034800000,412520000,38544000,512160000,830795.252109928,66312999.9999999,1001595.15876488,4940600,345999.155857533,125540000,2132700000,390724.05549077,2638500,146510.446847649,8227900.00000001,251462.973741232,35522000,314297.80874019,10061000,3072500,314940.994317417,143832.737105499,329590000,17694000,1267100,6246900,290830,121980000,35226000,2208300,8485899.99999999,19847000,190840000,211234.499352445,355907.353223604,409584.435199425,651427.908245149,3929000,2397200,131089.402592723,20216000,4646600,202880.488212885,127164.052781228,6806000,87806999.9999999,171399.025480432,55626.4777926345,9371799.99999999,15797000,54546.6455875861,14188000,109879.465554308,157922.052816923,142559.653009299,47439000,4238800000,16576000,274862.125281728,499910000,34323000,4123800,34900000,15616000,38609000,59409000,113290000,13384000,97696.5143486825,364944.839307672,224780.638427319,281420.830122552,79778.3783940915,779020.07880315,9456100,546182.757836872,1662300,56291000,5771699.99999999,344583.813692642,679050000.000001,355560,214291.881180803,265107.350679358,3609800,1235000,5231899.99999999,511070,271427.27855227,98454999.9999999,393364.478791833,5052200
HC_46_imputed_intensity,0,101070000,496170000,1650900000,72863000,196395.175986422,3484400,128170000,178110000,74159000000.0001,782010.963855472,218007.693385487,310640.731778637,511618.691357225,867180,201177.846345914,22409000,6935300000.00001,2684500000,456740000,384670000,440570000,6926299999.99999,76947.1661886394,478080000,233120000,2942600000,85606000,363890000,115125.400522311,197798.456407351,43063000,97265000,150599.094975592,84136.7179784251,19707000,2749900,267180.84045822,108780000,101070000,124800000,8847900.00000001,398360000,10481000,4463900000,488520000,2283300000,1247300000,154550000,133700000,64911999.9999999,43640000,38332000,26408000,41653000,39224000,195240.760227213,23308000,434495.956522535,3889000,4251400,111765.533171346,866539.498468293,18053000,311022.066035071,5806000,1196500,128889.232800103,267107.361057867,327663.408611162,4371100,357950000,34637000,754340000,68872000.0000001,34834000,622186.464976631,107500000,81913999.9999999,501750000.000001,15479000,416539.440943015,2578700,21544000,714610,717239999.999999,31846000,20786000,26715000,3053100,3567200,246932.256371764,1018174.79615923,5850300,296939.545791168,294864.646833083,1393900,310796.939017494,1504324.15563261,823581.711437559,9719100,667414.910371406,40749000,12330000,310310000,168801.836059203,18860000,6165300,5962100.00000001,5420200.00000001,23865000,1448200,8572000,3528300000,2594800000,24542000,362310000,303373.901544074,2462700,3594000,135947.924770419,593111.791772141,45455000,202884.622368777,46417000,188077.22809308,205140000,50034000,1815500000,1052500000,25968000,31031000,180682.940888858,4033300000,136608.426940292,8998000.00000001,25900000,441512.67196504,8991300,25991000,2252500,647096.776208281,4080800000,7685500,130545.745351508,1.7e+08,726530,625670000,41787000,10079000,142470000,377900000,495850000,191178.761271937,256400000,830890.000000001,2511200,2025200,169967.086291468,4466500,1715100000,3359800000,218160000,264089.294801387,926989999.999999,375870.492485568,22691000,28337000,63753.1364317892,1238500,79598000,23821000,3489000,214150000,13062000,132260000,29211000,49489.6878712796,260529.769955762,110636.387248089,2524313.70865843,168059.690163081,7146800.00000001,557346.06157227,9651799.99999999,145482.776344406,2897100,33863000,2722900,1133400,419848.135473351,1862600000,403570000,16800000,255400000,367452.176636775,39643000,332533.254048774,3237600,7479300,57448999.9999999,1.621e+09,547007.661302731,2258000,539001.901949829,1929800,544708.317560202,37643000,171864.126491781,46622000,19879000,544719.838209415,327415.816937987,483690000,7898600,1630600,8629700,1270600,161330000,58790000,6269800,12270000,42065000,278320000,142945.294221253,156434.031209475,10220000,275222.805262961,5490100,3770700,3208700,329560.411563719,4905400,1256636.37529199,532784.715312434,4399300,205120000,583747.132891772,512469.177538655,183354.544859509,622916.192913357,63513.1897742816,127974.089944939,206185.162505897,138993.799986242,184802.989441121,70972000,2707300000,45780000,88953.4799621075,342170000,63507000,6063000,34908000,26356000,64840000,60032000,112260000,8121100.00000001,242319.576641451,783857.947035249,176470.159377949,451224.321587324,9764899.99999999,121440.632717038,17343000,333693.862126816,28984000,98690000.0000001,29611000,161021.192603953,1246300000,4859799.99999999,836910,464601.823070939,3568000,378072.209672752,7387200,4756200,347463.439015103,57664000,289239.402215508,22367000
HC_47_imputed_intensity,0,449978.011842424,505480000,2.469e+09,67087000,848598.370552295,10698000,114260000,154060000,82090000000.0001,309901.001927861,349116.524886362,170862.057709428,1799000,147379.622891918,809080.600373528,12816000,7839100000,3759600000,793700000,583140000,679450000.000001,1690300000,785902.896386628,166280000,340140000,923679999.999999,65270000,332230000,449149.05080082,196195.01357027,42777000,148590000,646514.446794983,21342000,16384000,383110.336382403,202790.180150376,111370000,112450000,99871999.9999999,14198000,238440000,8796099.99999999,4789000000.00001,146990000,921350000,974459999.999999,129770000,124620000,55149000.0000001,41426000,40045000,44528000,31321000,55022000.0000001,1140600,25934000,346466.527470106,4135600,4146200,521409.647056578,88493.5922493668,11724000,571931.113417598,4285400,457952.343827033,1904051.44071967,195940.927657654,559610.150690657,11275000,292350000,29035000,659190000,77193000,34974000,417294.096338393,62162000,85341000,846509999.999999,18491000,982202.714035606,218304.976832821,23455000,1096700,780350000.000001,50967000,32007000,329367.181591039,3012200,6682000.00000001,548071.161419668,69769.5389102517,1055776.90840734,339150.291034707,140891.134187692,3750800,854636.811885173,118513.100847702,984794.239871542,8043400.00000001,139714.566124185,34215000,8369200.00000001,258810000,285240.556907083,18728000,7298900,4801600,8601599.99999999,18928000,1789300,20512000,4918800000,3748300000,31037000,397740000,1852500,4262600,4345400,421382.393276191,92960.1912112273,34941000,146140.646023793,51067000.0000001,388424.489073179,265830000,70381000.0000001,644020000,280060000,6742900.00000001,76517000,434099.334159609,3338800000,915038.319950916,10700000,20316000,718726.619142895,147445.32975093,24970000,3418700,960859.23328546,5681200000,217149.862119258,12274000,205280000,991079.999999999,1396800000,41784000,759782.056655748,149950000,1.1e+09,777040000,19014000,337590000,407743.073062575,248441.879814073,355787.827754379,112951.862935154,1125700,1.485e+09,3276900000,190250000,49972.1248692823,825799999.999999,469883.161850838,20748000,30917000,396231.090886187,30641000,94078000,6630699.99999999,1687400,174870000,7441100,52064999.9999999,12777000,541401.098578249,259401.006304919,962138.123958904,77756.926270797,258195.464882841,6679800,974976.408975879,7067500.00000001,1005788.48015374,5278100,19921000,3127200,893140.000000001,216993.858100854,1292700000,622420000,8514800,509810000,113580000,26786000,877246.438013921,6077900.00000001,84020.461101807,1129494.69152453,5392200000,452897.938565889,81342.9899354024,18350000,4177500,260046.283694758,18324000,327834.398734398,75810000,6691199.99999999,208605.765138563,367058.088158194,461040000,24888000,1573600,9082800.00000001,300080,102390000,23195000,4256700,4757800,25461000,179470000,939394.763803717,306612.739558803,386962.225770686,490286.276267169,9136000.00000001,3860300,243021.487444864,38945000,6552500,575117.19092412,127532.759968353,308433.303637434,144490000,148623.764306154,1794104.43562404,147023.199625313,345060.04083142,568384.108434327,8953800,276615.190613323,1243074.95944541,94576.2308542652,101940000,3.647e+09,22296000,345403.282969211,349890000,83652000,9418300.00000001,37136000,27041000,56154000,82950000.0000001,97342000,8558299.99999999,150678.002116055,346539.656916733,1268600.36584657,852649.523870421,18350000,327610.029068366,12943000,603685.395953705,9669799.99999999,26464000,25868000,146530.661100579,807949999.999999,3117900,1541800,895213.223833247,4477300,580050,5552800,211080,270258.825198155,83290999.9999999,167581.980359892,16490000
HC_48_imputed_intensity,0,315343.454731292,350640000,1979900000,28775000,116616.46168301,7442900,88423000,82977000,73994999999.9998,195318.406061634,240932.793709201,307055.447999663,3484900,374290,546049.689072877,25538000,8083499999.99999,3038200000,589220000,598260000.000001,163340000,632370000,172646.310211474,153920000,341320000,1116100000,74181000,299140000,658986.470226634,460137.947013279,47270000,89684999.9999999,501344.836045178,11528000,10400000,1072454.28195485,834508.5491044,101260000,110060000,177940000,12069000,331390000,9547300,5390900000,415540000,2009600000,953670000.000001,127170000,144020000,58169000,42792000,40449000,30902000,28542000,77826000,13478000,6107900,166959.078196073,92032.2514584934,308049.599343539,271437.239705077,258603.362929853,10678000,152159.374191768,2240800,263776.457869,211866.430910306,136078.072164638,293421.520186791,11425000,344480000,40949000,707199999.999999,74063000.0000001,29654000,144169.705438325,128140000,63820000,784670000.000001,14918000,383896.947244244,304888.012036186,34978000,628629.999999999,708920000,30314000,15441000,5332700,3316700,4466700,475361.94531294,145905.516386591,150726.119419558,168307.594568675,356420.734090206,665210,192447.956606909,121039.595646148,157521.090262471,12194000,1016864.13719534,22015000,7814000.00000001,323270000,273568.173468757,24890000,8277300,1952400,9658799.99999999,14798000,680560.655812211,12074000,5133999999.99999,1765600000,30267000,312930000,304883.278926867,810580,2748400,1349828.0935754,564271.195880321,30377000,618900.633250181,23335000,365869.275082785,181490000,60694000,2853500000,1271900000,21982000,65937999.9999999,419199.159521985,2361200000,256869.501573772,10334000,6333700,120532.039259384,260586.974659152,14138000,86129.4824414561,11883000,6657200000.00001,12638000,25227000,29046000,1208800,1219400000,113770000,10393000,82525000,1037200000,388400000,194533.290100445,543820000,1144600,103482.059285221,308480.719758081,497949.263118884,9169200,1106300000,1937500000,254250000,145245.056859705,769840000,356347.428735636,20433000,25159000,316000.832762466,46113000,68293000.0000001,8701100.00000001,8530999.99999999,231250000,10610000,84226000,9819999.99999999,377036.869596733,192913.966727353,3233600,404934.360023715,60546.5679316372,10556000,465564.026078525,6238500,512400.042952811,6821800,25200000,327711.500639041,2227400,145893.2843353,1255800000,681240000,9233100,394450000,179721.529895709,65347000,163598.824355401,5609800,11771000,62403999.9999999,5655299999.99999,195316.656114264,1523700,1561579.43886643,473588.310957334,1020562.65534007,292140.633298975,237697.754537673,232570000,221327.405172639,309917.677596248,82258.6755235694,362060000,16500000,1712700,10366000,1382200,93319000.0000001,12399000,3754900,17545000,18286000,134840000,88520.9107551605,253090.85685754,7016400,143901.777232469,5816700,1934900,341300.492493764,34030000,5593200,158264.077039022,724358.861692752,5581200,129030000,817081.07953704,60021.8496265339,164215.117812789,18965000,189667.955754075,293816.280875827,107799.861455758,159444.130698385,415621.78300151,54318000,2990200000,16308000,108836.077361057,333250000,51136000,5818600,25239000,24259000,25077000,76688000,100100000,3581100,282450.040885166,667311.528574495,305029.992660558,599604.136856433,668949.264564448,1257548.11581079,17727000,595668.732292266,703620,67592999.9999999,6896800.00000001,290459.097956683,674180000,298890,202576.396625654,200373.674540556,4495500,506326.700639412,1758000,1229700,166484.099036724,143610000,624793.843999937,3502600
HC_49_imputed_intensity,0,299027.03790557,425530000,4722100000,42425000,347410.832218892,6793800,114990000,130090000,84331999999.9999,228169.454056873,430254.904742948,1132555.0059654,2411900,342221.482981299,779934.678044872,6690000,7768300000,2021600000,496650000,484800000,314920000,1244500000,476181.476272327,442960000,218240000,2187100000,58416000,254460000,807645.436470599,396868.485356602,39106000,111530000,334835.635274596,148850.645962152,11850000,304329.716792922,201199.384994953,153260000,112550000,111010000,13906000,307620000,821317.542267859,4367900000,154340000,1051800000,1095300000,149640000,118360000,50796000,48959000,43309000,26547000,30592000,66576999.9999999,1504100,7458500.00000001,304682.005177812,258657.735710222,454359.996326989,238223.13511367,385998.393722493,21107000,2027800,5589800,380892.884284272,279268.242924382,390121.750745892,329196.34433131,6951300,335890000,36994000,556310000,81409000,10912000,838668.581683744,89533000,72436999.9999999,709880000,5799300.00000001,223437.804706922,112144.984229622,24627000,1635300,702400000,40058000,19313000,491232.633518278,5596100,2599100,772633.228255612,123699.767754761,5056100,399901.526694701,1266125.55893289,3737100,440485.877507265,214572.351837316,141438.275971791,10266000,878259.679286934,12634000,3887200,245820000,599017.34602829,44294000,4483600,6426000,574003.319199351,26037000,235785.870470281,16035000,3993300000,2097400000,17331000,243370000,1114100,127603.853214738,4490000,127129.732874076,239071.574395189,14741000,216482.040463566,42293000,439456.508178142,143650000,37158000,755120000,293240000,440456.572688677,26270000,543830.862059113,1935300000,475896.706808131,10358000,284544.433885686,235305.69031997,266315.612552396,13284000,5601700,437356.730411363,8640999999.99999,11548000,16753000,45430999.9999999,1042300,1321500000,59431000.0000001,1066052.71339533,179010000,607559.040352229,523280000,13907000,775280000.000001,538445.80584229,339833.123723673,250391.155397413,243596.165316055,3942800,1242100000,2609100000,382260000,435193.492852006,720480000,164095.505559678,20780000,28995000,524249.319891964,87157000,112850000,8245100,1055700,266060000,10928000,69045999.9999999,12742000,792298.749075462,4009100,98491.5996229737,856235.638209739,679119.265145205,11662000,135125.660433061,6941000,295472.513762315,3225900,16074000,1515700,3429600,353858.008416117,949780000,348350000,29878000,389450000,89842000.0000001,29611000,662224.672814967,10258000,143467.636514402,79338000,6738800000,478312.974745749,2074000,720432.519802043,9076699.99999999,1063611.66086046,15446000,345949.834099627,120670000,2166500,1504322.6453501,358932.270776868,354600000,10293000,3827000,4846600,1155200,83727999.9999999,21023000,5112500,2183800,27779000,197510000,489895.230463835,56562.0758213314,2922700,224726.821352137,263879.399059176,308952.000011309,807177.83035118,1386000,5860700,156656.760759686,356121.408665979,383344.729851817,95056000.0000001,127373.041259891,218194.7174369,129675.093088524,297782.457814371,730335.663652273,7905100,1681636.57171064,19176000,294870.586488565,93628999.9999999,4029500000,13531000,981412.62421584,378190000,37581000,6451600.00000001,37777000,25583000,62097000,75126000,109050000,50781000,258038.032849595,3335900,815375.134670657,305668.55269075,20782000,2127187.20580592,11222000,256099.114566689,8823399.99999999,22395000,15824000,735401.759264062,406430000,902480,4784400,697609.723134021,2871800,284390,4890200,964960,932063.094670133,158270000,199344.852565958,18665000
HC_50_imputed_intensity,0,108360000,515990000,1954300000,41618000,134711.443144365,2297600,78042000,86609000.0000001,75777999999.9998,644319.501938533,470214.454443409,159101.565362952,1949400,41620,388637.407876449,12503000,8467500000.00002,2559500000,580570000,406150000,552420000,6025299999.99999,420420.116163186,232530000,334970000,880220000,56125000,362490000,379148.627450948,436716.576926211,46014999.9999999,135400000,211620.982366726,13854000,12563000,523888.01364725,153129.169079612,84997999.9999999,120590000,177370000,13980000,274880000,5217900,4382600000,246540000,1328800000,1.154e+09,182250000,112820000,45659000,41148000,36862000,22575000,32399000,75655000,2196700,8166199.99999999,214355.757090789,3301600,191413.950603409,278940.74269481,586099.997829409,16541000,477940.561726072,3240500,193281.115509971,444779.746443726,121295.53177885,514612.905791277,4797000,346500000,35311000,628630000,69656999.9999999,13044000,6582500,114520000,62429000,1017800000,20062000,210878.38139,117181.2212065,21331000,2514300,699330000,36478000,23762000,655014.779073137,2625200,5724299.99999999,347131.685497102,352575.308849657,643155.274542534,139870.611944024,500241.687809449,4274900,342309.726727796,611017.419651782,371452.708106196,7558700,102026.997321409,20726000,4092600,349880000,564940.3361018,37074000,5912700,6755599.99999999,4136800,15899000,132079.242260133,22479000,5228899999.99999,2685300000,12768000,263590000,2036000,913865.197945715,2980400,336172.509685733,359907.591675753,45295999.9999999,361323.375401922,63122000.0000001,1769387.55192671,179610000,52988000,1.143e+09,610559999.999999,10915000,41368000,325616.258694987,3253600000,441208.763757622,10901000,11013000,181973.115922569,9046800,20753000,7721600,376224.843281223,6199500000.00001,9770900.00000001,11299000,39615000,259099.104939475,853030000,36883000,19097000,97642999.9999999,939230000,617330000,156606.766290849,503340000,452040.019260137,3083200,245169.685175484,1435541.61086619,4037800,1250800000,3527700000,481980000,943825.450119383,906840000.000001,293452.419893917,10828000,17529000,465464.879208803,152520000,97770999.9999999,17266000,986260,229790000,152553.858199885,73477000,13860000,205489.082674954,128114.967880337,110885.474825006,683221.50131335,380155.830523191,9530200.00000001,113002.234923264,6381299.99999999,189545.355683908,4208500,21478000,1588000,1951600,278300.576076677,1401400000,556969999.999999,14914000,258540000,157951.587069989,983172.998808024,294114.506449668,101495.705151619,132986.79300069,37644000,6152300000,229790.241295041,76246.5408653467,7554199.99999999,3238700,137393.2304992,24523000,2704970.22482231,125870000,272215.835265538,400855.816618116,331194.846389909,364640000,13341000,2511500,7789400,1573800,118430000,36405000,3786800,7884200,23170000,237550000,894546.884450135,518831.28639305,355723.025478327,883851.987973353,507728.50506053,181642.616805668,181171.504738293,9430900.00000001,7935400,78256.3184997989,4335200,718971.828378676,204880000,186883.954753084,526140.407747315,192593.526360136,15078000,295000.447847854,443127.323567884,149191.085736933,8109800.00000001,249074.867218632,60719000,3090900000,15251000,717639.320777488,333250000,31977000,9896300.00000001,20866000,31245000,69521000.0000001,65689000,99164000.0000001,19050000,126436.912752535,287644.668381936,448220.801614372,152296.669316947,8692699.99999999,205681.311465691,13018000,113215.469266111,8473300,190494.21362999,31369000,603228.466828077,685760000,3647200,1896400,408383.181837139,5445100.00000001,1348071.0106767,5426300,1620600,110874.241377292,103370000,192554.599056818,18973000
HC_51_imputed_intensity,0,288676.328909029,535130000,2986400000,41798000,259282.36009112,4540600,117200000,184130000,1.0088e+11,354426.997654192,569550.58643879,1291121.55253228,1892601.90448466,267375.494935628,608158.324962586,7063699.99999999,1.0739e+10,4315900000.00001,926520000,624910000.000001,193810000,2.056e+09,320924.151525885,103340000,381840000,556140000,58551999.9999999,354400000,190231.691426426,147105.056253251,42915000,146870000,129083.363535882,29872000,10799000,156076.219761477,714019.4493285,184400000,200980000,150480000,17863000,273850000,9012300.00000001,5318400000,119550000,609400000,9.49e+08,150510000,143700000,59726000,53728000,55421000,34466000,53138999.9999999,72965000,4356600,503568.941227008,1945548.23318764,424904.143331357,463758.381697304,577379.138376578,319037.327680582,22609000,251428.801882239,1856800,322428.996437741,435545.652404442,351110.991644929,311210,11282000,373710000,32278000,683460000,91875000,11912000,506837.064382044,118480000,85332000,939230000,32740000,633998.023172005,126315.374667944,20611000,416228.517741482,835840000,55415000.0000001,30536000,1012767.02713318,3651800,5853700,559866.576628659,132139.306616041,13337000,145294.610193709,931715.359446733,1158200,144088.075994646,243370.225242902,176735.004577768,8239100,953019.570562504,27395000,5133600,239200000,139087.634890539,33866000,5711100.00000001,10752000,4346500,22164000,434291.344374056,38299000,5088300000,2543800000,15930000,202750000,1023800,160329.732233704,3287200,375737.591012864,711816.265094015,36145000,235414.803787283,59001000,704423.89944035,210340000,28350000,1098500000,608110000,8910900.00000001,87009999.9999999,644382.654624604,3609800000,399006.330324594,10912000,10009000,461411.556174592,690100.966814651,18829000,6397100,16543000,7244500000,11225000,12333000,477548.295537915,347249.902694408,924780000,58047999.9999999,1119569.41220846,191250000,1386800000,1594100000,561772.585555083,449530000,79173.0973773018,409281.442155944,415055.282154352,256312.418188276,4700500,981589999.999999,1451700000,64404000,977618.240608353,898100000,457571.939441884,23877000,25591000,345938.750296921,14814000,130080000,7753500.00000001,998260.254445296,182330000,11672000,61590999.9999999,16443000,122763.949647623,5563200,4089700,685099.35232231,223976.754196184,11976000,331930.003316933,5675800.00000001,648278.273183459,809400,246062.526529421,2095500,1098100,170680.096104473,2136900000,718900000.000001,17966000,370020000,90132000.0000001,51213000,693588.082337213,10839000,8705200,588675.030058485,2352300000,469867.661752038,138540.91826895,18051000,1239270.36590747,337488.165727948,37926000,330861.267963104,78053000,118956.978656332,582997.43758065,152159.831526187,480710000,18284000,219327.456655335,7500199.99999999,736950,123480000,28051000,5214000,10311000,30496000,182490000,589095.825743386,196185.936168389,3925800,326027.62278119,8082400,213936.261915556,423162.544994747,414590,9674100.00000001,205895.95705696,5148500,10528000,233770000,394254.54507467,455804.445468828,257678.121209216,1401315.14777403,378903.096580877,7717500.00000001,222484.419921616,1135782.23197178,468080.447159369,76249000,3798300000,17566000,66282.6870047158,619150000,70462999.9999999,11107000,48017000,25454000,55603000,80370000,110180000,27681000,619868.04760763,319362.239634815,386487.175737133,620428.32424404,16157000,687605.863358994,11747000,1213836.29908625,5327100,37882000,8646100.00000001,504001.497941672,453970000,1603100,632240,216777.130678455,6963500,238765.742694016,5764500,671580.000000001,7272600,64622000,1678279.31747234,107217.424108362
HC_52_imputed_intensity,0,9239499.99999999,523180000,3196600000,63066000,89514.8657207748,4989400.00000001,144920000,198060000,88365999999.9999,213901.668601662,235890.966783127,290450.161436682,384779.8770779,445940,224596.855064743,2381800,8151099999.99999,4150300000,1072800000,745240000.000001,189790000,1088300000,170737.120275976,208650000,397620000,711210000.000001,96847000,627730000,374128.955411073,220980.571361552,66532999.9999999,154830000,236689.969690115,21927000,15687000,230323.851647185,137169.461727994,178560000,264620000,99852999.9999999,21605000,233090000,10259000,6016300000,210230000,951760000,1.023e+09,113940000,145600000,87237000,62036000.0000001,55783000,28301000,39198000,64582999.9999999,3271600,4140600,374880.061688878,1065811.97471131,890096.467459352,458988.381097019,162047.908873522,25617000,104174.180345289,390721.057277412,77675.9878933654,401001.58558572,498643.44768588,710858.596683302,6527300,376970000,55577999.9999999,761680000,100860000,33303000,506913.812688769,114220000,92828000,680100000,25210000,462051.467283018,1866559.99166405,12212000,2912900,786100000,58425000,26845000,574810.427869511,3013800,5326200,484178.119441104,479083.499031357,12530000,155168.947289217,231135.394710472,7106200,991908.199413238,484086.054122236,150167.039409248,12136000,1704581.02388555,28365000,8810500,181990000,633758.578415923,54616999.9999999,6298299.99999999,4246000,8633999.99999999,29334000,263545.074502679,11458000,3176200000,1858200000,14515000,304700000,1319300,2273400,4468200,472076.537695991,356369.238741398,57048000,388161.053821273,53503000.0000001,1091050.01504826,229920000,29763000,1062200000,662480000.000001,270700.975075012,45050000,599378.289632394,2.546e+09,222633.184618781,7266800,20028000,567435.232049738,7821200,21219000,4498300,9977800,7064900000.00001,26615000,24293000,56027000,1267600,999459999.999999,62736000,17020000,213250000,91962.9076281965,921350000,70502999.9999999,493620000,710367.12083775,575202.846439123,120102.773663461,682356.919943926,4512900,931389999.999999,1937800000,116830000,489783.063644682,840600000,193387.252994274,21011000,26550000,454417.030509502,35835000,122830000,7932800,6552399.99999999,143240000,21440000,57984000.0000001,11199000,125958.27130858,6113100,3933100,919692.841997654,424502.642720779,11628000,297847.120844045,6299300,212805.631036353,2046600,10523000,2054900,917110,1493141.79003578,560040000.000001,520670000,21675000,543770000,596208.001188606,88836000,899411.464155499,3647600,12819000,127270000,2.608e+09,1913750.65046575,309960.762213067,5037800,580326.727026581,204858.285851214,332409.793022529,221763.166195214,68294000,208609.950484043,3456303.88540286,376557.018862996,559970000,12177000,2867000,9161000.00000001,1953000,124260000,14865000,6524800,18114000,29803000,258090000,1667540.99732857,374805.212077274,2733400,83399.5884135296,8748400.00000001,7402599.99999999,313973.411835116,1262800,6209100,898837.812521752,407815.426440449,6003600,1.63e+08,119888.837573738,1671337.4196308,346510.027549439,1075103.1744568,745355.343234167,718589.667213811,189120.062901962,702199.646161537,418595.956219459,59756000.0000001,4.874e+09,12363000,44824.5436810398,505260000,71457999.9999999,8423599.99999999,78358000,17857000,47263000,89282000,143600000,12857000,1560484.81335566,216473.639813622,175674.852967088,339773.238971197,21522000,278853.692181288,13832000,663943.154278953,12288000,9058099.99999999,17642000,323194.733646863,375120000,893029.999999999,386870,156865.894068142,3684100,124781.342487239,7478200,317900,1724804.5261302,121380000,643996.170675525,15194000
HC_53_imputed_intensity,0,611862.092470912,492960000,1.546e+09,63967000,165411.150765527,6604900,91519999.9999999,159250000,74189999999.9999,1470590.69335589,157232.165810101,78018.206959354,2954600,280420,561722.701912912,6814900.00000001,7209399999.99998,3.828e+09,620230000,466850000,504630000,1735100000,760002.450053142,240350000,292880000,1231200000,79536000.0000001,370330000,1060923.0437044,193888.413974348,43143999.9999999,113800000,633071.808041444,373331.72768317,5597800,499453.352607806,337478.243987278,145110000,122230000,119160000,10065000,348070000,101958.501189325,4767099999.99999,340700000,2110100000,903890000,121470000,121310000,37648000,30634000,37853000,28221000,36509000,36815000,27287000,21353000,851913.694103111,87052.0510492298,350113.305389279,245239.775263833,386808.736559809,16892000,783392.871491806,4351400,151331.972909608,332862.809729441,264340.504170951,123290,5703000.00000001,330210000,31113000,519030000,102330000,4514200,474035.14876193,110580000,51524000.0000001,1035800000,21917000,237621.026387877,281826.01669075,25500000,415553.248273603,639749999.999999,38332000,28569000,77719.6787677556,2778500,4416400,114437.150885653,32299.5228667432,10912000,176984.659446565,384212.675049308,183143.496010397,724135.203396271,67279.4565064364,164193.191632641,10593000,607534.413636539,55351000,6702700.00000001,341690000,239369.784013726,15557000,6671800.00000001,7039100,11365000,26418000,132627.308675979,8623700.00000001,2885700000,1737900000,14954000,245900000,195837.975728825,8337099.99999999,3418100,293641.738647795,340633.823701247,30860000,219160.968550688,39206000,199656.874967663,209970000,63893000,4852100000,2282400000,60542000,62393000,340095.723424392,3410600000,831522.967469105,9888100,18670000,128006.294065195,59096.0010913383,19894000,340159.839819715,9004600,6645400000.00001,6414200,21831000,140700000,995510,770230000,77243000,13528000,144170000,1264600000,831200000,8337200,571680000,2110500,175799.712874383,160422.160416353,789075.040043284,4711100,1729200000,2415800000,313950000,173292.200645603,748320000.000001,290251.607790302,20090000,33079000,430145.243054851,6494200,93477000,9025600.00000001,8839800,256840000,9288499.99999999,92998999.9999999,22536000,257579.818597652,119569.843883412,430835.321567253,186540.925277485,148957.321950664,10523000,475764.401304318,2378700,244242.913540823,2643500,34944000,2147500,1092900,447180.28357963,1.05e+09,584640000,9819200.00000001,406530000,96534000,301571.915690992,548139.812244699,5230200,10830000,493684.33488628,5856800000.00001,149873.923792255,341046.123930901,18997000,333478.049508212,368574.660097153,65706999.9999999,179420.414513467,50446000,18041000,209808.436619196,207495.991714955,469060000,15376000,158614.16616334,17235000,309670,98394000,105790000,6330100.00000001,110620000,32610000,139470000,46857.0611569111,273602.102007388,9809900.00000001,1492268.79692036,6155100,856590.888240562,172616.846938927,120129.763341429,6562700,288990.267245536,570520.697953769,5627100,158440000,233788.743038531,282527.823035368,557026.353877452,26662000,667207.627774571,4715400,351836.140331878,491055.957290251,319024.013545136,64256000,2793600000,22986000,171766.947548292,335550000,58688999.9999999,10740000,31128000,11272000,51751000.0000001,68577999.9999999,97609000.0000001,5474800,197368.341027333,144903.075354505,134826.260942309,701521.557814637,13538000,2484200,16040000,6597900,3244300,34135000,16404000,811484.895307998,846380000,1285400,1375700,104800.681313796,4045300,4232400,5095099.99999999,2780300,493563.240519677,72538000.0000001,370432.89391424,13831000
HC_54_imputed_intensity,0,190174.792462214,558500000,2.231e+09,25425000,435041.547541745,4937200,90056000.0000001,111210000,8.2158e+10,295219.339909077,225428.798333603,325502.619152756,218843.794855224,98563.5890034406,347107.252620037,8909600.00000001,9437599999.99998,4501000000.00001,626169999.999999,490930000.000001,208720000,3425900000,238824.308984218,325180000,233970000,1566200000,54653000,264920000,278252.095943097,360034.277122277,47552000,133140000,213081.280688415,18737000,13462000,226965.954323422,286151.075795825,179230000,181670000,150120000,17059000,282420000,9904800,5188900000.00001,372740000,1538700000,1045500000,166700000,145450000,57844000,53105000,45665000,27026000,32540000,93549999.9999999,7910700,171117.806643981,168741.149860989,4825800,253694.878589376,160709.155345873,739280.933529733,17736000,2914100,4001600,825732.48663534,664370.787008888,372853.4060644,90323,9037999.99999999,378060000,57668999.9999999,653620000,45632000,33622000,795202.050377559,123420000,81867000,853619999.999999,19633000,1071413.57410416,314886.832124941,17215000,2402200,689019999.999999,35338000,13482000,303285.08891588,2551300,5671200,190218.256178304,295508.29113408,447266.676344125,188979.320739929,267934.298321061,605993.940627716,303405.618031441,346909.3289208,503330,10967000,330647.8054577,54256000,11204000,296240000,591803.883812068,49515000,10276000,6088900,6529100,18922000,107443.959453642,9711900,5528900000.00001,2990200000,17039000,314460000,86999.9191496647,179234.963814875,8752100.00000001,196542.364320983,86279.5253790045,38120000,97476.8838048741,40187000,364147.24801956,245470000,39863000,3971500000,2324200000,58860000.0000001,57792000,761354.328185659,2189300000,542070.443708849,10634000,8490599.99999999,149942.082015019,169949.860924602,24228000,2887800,9656700,6043300000.00001,6075800,19109000,161439.199746653,1090100,1527900000,43806000,406337.646814688,11692000,942080000,1181300000,27715000,530450000,247932.876260445,158239.805114242,105857.652627896,731195.85512044,2839000,1070300000,2828200000,250040000,1034386.95651744,959139999.999999,671217.061586904,37124000,17375000,184720.066770238,9280600,122070000,5365400,58936,230630000,315630.609028356,67156000.0000001,12494000,198448.693235056,312288.126744596,1327600,288053.218758539,1446092.0194639,3402000,357167.048767358,2770800,772118.978751426,3024700,16293000,2224800,1560200,315194.321824409,829240000,681950000,8719100.00000001,337070000,165200000,43805000,148636.288360317,661241.90965178,6994800,69099.6677486429,5667300000.00001,340220.176717386,4133200,12282000,305284.539729057,482610.80225268,59464.993305099,136576.924258085,95295999.9999999,6838000,65783.4219651673,347584.781766707,400640000,18804000,1029900,7131000,430120,107240000,8007200,1191241.52686712,36855000,27227000,230650000,679854.392359509,244874.473526731,135261.99434947,348832.584934353,10355000,253566.065057163,2341700,1164500,8655700.00000001,178150.58804579,275476.390493386,7938800,208300000,3598100,722625.213950174,24888000,26854000,931639.314806059,438885.255440633,146768.520779064,122598.529055309,120164.146481279,47688000,4293100000,27439000,161804.289456624,400940000,38270000,7828200,42235000,7912400,52100000,99716000.0000001,102460000,14421000,404368.000585886,210462.554918475,167261.613965128,232110.037589203,260973.513130156,724550.81518667,14143000,147925.363227334,940590,14572000,2044600,482475.044685246,414830000,51332,271335.997271448,424896.702676978,4248800,486653.29275108,4547900,1671400,49651.6668549696,136070000,279228.594341564,329711.671577247
HC_55_imputed_intensity,0,120250000,368150000,2698900000,60011000,141538.04124835,6865800.00000001,115140000,154020000,92950999999.9998,228259.902931183,130936.91941773,584745.915593868,4008200,154876.240060373,354509.958954587,8452800,6138400000.00001,4174100000,557850000,505950000,270990000,502990000.000001,124127.432220143,81107000,330590000,482380000,92939000.0000001,320230000,295348.371666495,262774.113697772,38968000,100180000,192243.508483046,1010869.40666383,11572000,456812.607416768,572493.799160881,127030000,67014999.9999999,93633000,4639600,230880000,10793000,5305199999.99999,150470000,740840000,1056100000,157070000,106140000,68183000.0000001,54710000,44091000.0000001,23552000,40423000,43367000,6688400,71653000,950340.000000001,193791.12603682,431254.924220645,299539.931487925,1599343.43120507,18540000,2687200,2175400,452680.604791516,654092.519357497,544517.505931655,182610,11964000,355950000,51771000,689470000,69175000,12214000,516299.967376004,101740000,80276999.9999999,587540000,27033000,162947.439620638,419891.081904115,26606000,4449100,544670000,26231000,22400000,178197.800685558,2361500,4002600,415089.726798744,260949.869623305,695822.474847817,222006.017833409,148049.492168781,4496400,530527.358238985,176881.701932396,650668.766814815,9947900.00000001,107740.121006331,23216000,7863500.00000001,260960000,84668.6057509312,35461000,4729600,11273000,3937800,31573000,263854.727918,12348000,4701600000,3433300000,20150000,439960000,11739000,1158600,5298500,649402.090409663,427307.984230521,40525999.9999999,627923.307763864,23611000,659131.921529688,386510000,38458000,1915900000,1166600000,12625000,62703000.0000001,48585.4975204151,1670100000,960864.72137753,7625400.00000001,9144900,202523.356918038,174410.920331226,18690000,94097.1329798479,407092.267074991,8529500000,16518000,29403000,198960000,2043300,1508600000,158290000,18595000,602660000,1385400000,1199200000,14269000,597340000,457319.586584793,878728.416140952,278200,1439383.79171881,10356000,1216400000,1886100000,312860000,213414.497726785,737160000,281332.827312107,25443000,15909000,236221.924119019,2126700,53006000,7444100,1438400,282570000,10151000,86563000,13822000,335173.427577654,7301300,674756.632047642,249697.642013276,170584.194251512,7866000,388459.923200358,7835999.99999999,192292.636796496,1422900,26535000,78960.392976845,2173500,429471.293554602,918949999.999999,515009999.999999,13366000,966120000.000001,226320000,49405000,657496.355287919,17045000,19461000,80571000.0000001,5043300000,1540911.93936291,812009.290943567,164955.300143802,2801400,296601.141446486,38367000,208698.752854113,137780000,304712.202344091,521773.992398304,264734.166455399,370440000,12446000,1845300,8320900,3242757.89932278,108360000,21644000,6423700,8934699.99999999,23606000,229130000,50568.6796844635,354400.451866728,2888200,200781.726143676,5326700.00000001,6372200,223071.126132854,1250900,7530300,467577.614333869,538989.188410795,249257.677272317,109440000,330826.024936469,988976.86018137,219617.986535735,9729400,261419.784081691,3982100,256256.780790258,16749000,70160.2314824066,50109000,3290400000,16473000,251100.108225742,287740000,43316000,6882700,26818000,17227000,28983000,76159999.9999999,99143000,11296000,115551.682922592,367964.098549102,628114.402974823,231402.762463148,17293000,768027.108886756,12717000,207403.934875839,13523000,74221000.0000001,22987000,1027851.37618205,544479999.999999,2076000,2223700,338966.638597411,5524700,173919.87162355,4020700,5664500,286960.939731404,72042000,323681.075271486,13507000
HC_56_imputed_intensity,0,61442000,451780000,1619200000,37097000,555809.088032176,6328800,184280000,112020000,8.8311e+10,228789.570721323,483990.96422364,998870.003958745,934890.000000001,589410.000000001,111635.396760067,5353900,1.2013e+10,5078700000,727419999.999999,510400000,290570000,3034400000,3473135.10691828,261500000,265160000,940149999.999999,147030000,345660000,463923.953207068,543110.882168169,63725000.0000001,132790000,411431.937692794,1102659.21476465,14162000,517759.346136388,1085218.11531816,158810000,165370000,110940000,17230000,221100000,10349000,6793199999.99999,147500000,818940000.000001,767800000,121780000,175080000,60816999.9999999,52538000.0000001,61861000.0000001,41708000,48895000,43060000,5530700,136228.014309617,233045.421800751,4704600,360915.023837053,860784.276798307,570732.420192524,25404000,2770800,477309.845836273,420022.359713438,782316.656588982,174802.548917901,726230,5533599.99999999,3.39e+08,30933000,818020000,79151999.9999999,7947800.00000001,219412.400621464,174700000,99647000,667349999.999999,38012000,256862.092893768,518207.164840736,22113000,943480,696030000,42910000,27161000,112191.572441797,2024700,1259081.57244488,296232.243043491,404317.171321182,13716000,180987.028590596,952685.92610135,1026700,555565.471345369,206447.578427961,283667.982136855,8725000.00000001,206739.393029977,31913000,5758700.00000001,144580000,293823.378304887,54636000.0000001,881694.634272537,1921400,5950700,22216000,478249.712421819,18576000,3521700000,1867800000,13395000,453840000,198322.311247077,116667.990950782,3856900,454982.823205767,1485090.97545912,52937999.9999999,122011.535054804,40651999.9999999,272785.548305266,229550000,32536000,2172600000,1056800000,20423000,73788000,1141700.39717762,3095700000,650531.895031199,7723600,7603000,334458.924507909,113896.379823846,27137000,679520.42593647,14539000,5552399999.99999,19329000,28696000,200350000,1212400,1781200000,123870000,13462000,419880000,2828900000,526780000,11530000,1009600000,137711.674869529,539094.460593164,110765.95161946,370361.499869292,4604199.99999999,660660000.000001,1155600000,38309000,151791.614196277,843100000.000001,527110.94566877,16466000,24834000,615086.139866661,64004000,57144000,6830900.00000001,315899.895693631,119650000,13624000,48823000,13751000,699341.107303108,121070.784298383,323572.731380535,2938500,262052.470679245,10619000,447982.837190318,702136.576167157,266754.634189176,209966.071026554,2682500,5703700,1398100,1275616.33904753,1206800000,565020000,13435000,402070000,107770000,1820556.16987226,175850.283407509,9110600.00000001,24597000,352896.014757911,1.1753e+10,189124.671030348,483707.625005148,10550000,509148.760542293,454871.820396488,32171000,188405.398895554,108740000,5809700.00000001,639521.334414387,90124.0917807421,595710000,11359000,935410,8805099.99999999,235799.499578318,92532000.0000001,36663000,1126915.25860116,24285000,44732000,156830000,184577.203317044,569868.900146493,8029100,876815.455516351,8264799.99999999,3610300,3070300,562490.48305973,5525900,438139.061195482,599797.076609201,7340800,157400000,467524.189182401,110855.502973572,37824000,22695000,2712857.62431574,7276200,841777.705550663,718510.386809396,1789012.76722237,59666000,2823400000,16668000,91440.2348097004,409310000,53342000,14729000,25878000,27242000,53181000,139970000,164360000,4426699.99999999,96784.4395476346,356459.935202965,160564.460514312,103493.604348265,206617.4708712,548309.901523937,17395000,451869.581409596,854659.999999999,6854600,1743500,160168.060910554,437130000,103690,322927.633992668,2108598.54290797,5134300,135322.382281653,6155800,379409.120583873,181995.591420965,92090000.0000001,868496.052530896,273410.228130588
CP_1_imputed_intensity,1,120053.023424397,132180000,1.86e+09,8918699.99999999,262242.555619441,7751200.00000001,61370999.9999999,69546999.9999999,2.1098e+10,194790.567920998,435816.016488837,361698.296316143,10307000,834980.000000001,445692.391501214,92869999.9999999,4817400000,328690000,679190000,570130000.000001,1448600000,202370000,530402.347307634,88590000.0000001,130690000,2027800000,55656000,94434000,140369.79663406,626340.719954199,18405000,90973000,186575.456855777,15006000,4506400,79891.1264803656,324828.866186263,40050000,114210000,157540000,7313500,1569300000,4474300,2660600000,989020000,2.406e+09,5205200000.00001,738510000,84755000.0000001,23606000,30464000,24612000,10784000,11655000,82222000.0000001,1166100,72937000,532560,153794.785311607,128092.280816005,2550500,746070.218902693,5271400,3377500,41334000,3257800,373172.979045285,200761.042002249,27176000,6331800,172030000,24219000,293740000,30776000,7235799.99999999,462131.956385836,32019000,69807000,735549999.999999,164477.828393361,2418600,4748600,239730000,161420000,407890000,10305000,14756000,16091000,6929199.99999999,261895.547585541,450793.849141128,376925.716667488,3497400,695915.613206975,294911.924781703,364949.385319777,338356.584797683,508976.922386119,2207400,12548000,70604.8020638178,8877800,7872500.00000001,2065900000,24174000,42587000,8013500,55133000,2728400,11819000,521080,6331200,2257500000,849450000.000001,316080000,332270000,89170000.0000001,2320700,428774.886206171,846780.631109897,309064.717103495,19888000,199163.290377886,4923800,114076.554679207,141370000,31116000,327100000,213900000,4443000,20266000,4947400,1524200000,357692.878077669,26867000,26506000,760253.717852154,232651.676420498,3957500,6443700,227347.822690326,6461000000.00001,341255.604996879,5413700,365827.865061923,1261300,1164400000,780585.990140568,4630400,44045000,260960000,546240000,68224.8559804004,261190000,576764.252911669,291413.826880944,287790,245145.49080981,2024800,4940100000.00001,1.2902e+10,886959999.999999,462583.353127659,373350000,531941.396729096,19207000,135302.62655832,127821.589789999,1158700000,38149000,323260000,8355200,817260000.000001,5945899.99999999,590119999.999999,31802000,1067837.51538364,147386.64690237,142326.620447552,66831.1694906377,446754.16749778,3392600,8985700,377713.719654749,100773.49273426,21484000,184190000,2734400,32212000,5409000,880230000,132970000,297711.493247676,191270000,45026000,34818000,18559000,1797400,340032.120416157,33909000,484390000,432486.837570069,2937900,12004000,121465.125643385,504214.002901426,12627000,1273802.83370316,1582100000,9366700,121841.683832283,402976.402946626,165620000,19675000,24897000,74229000.0000001,37322000,257680000,1652085.58285703,579209.00806551,1007600,10362000,1985700000,1857000,794728.008103765,11299000,326031.088250455,6202600,12176000,829281.512483691,466860,4677900,282501.394677109,173760.636612525,7588200,44192000,240453.453318765,739208.899207645,165044.40387347,309483.044073557,442713.294260088,7512100,2630900,51556000,351313.990561192,29732000,1603400000,8138400,268350.292304793,183290000,30681000,4722600,13159000,19202000,63445999.9999999,44945000,70650000.0000001,3721700,668055.116531685,5526200,403552.91955098,2843600,661147.985765327,1732900,15583000,425120.470854539,6254000,3015300000,1991900,240158.755306325,558170000,231080,169495.099255432,48611.0754615153,1760600,7564299.99999999,246256.168714126,1704200,380714.995271262,2348900000,159641.299733342,16033000
CP_2_imputed_intensity,1,5392600,184920000,1640300000,7687700,170223.868691999,5491000,67167000.0000001,104490000,3.0408e+10,1049000,366055.739046327,113901.747121481,22667000,169240,214904.884794237,146700000,6026799999.99999,585339999.999999,258320000,600020000,283760000,845300000.000001,24181000,129730000,185530000,4650700000,55867999.9999999,105620000,170171.502017799,91852.6118910203,22323000,120220000,104494.211838554,348515.30341573,1427171.42508055,693098.935566712,149946.509769296,63743999.9999999,114780000,289400000,9939199.99999999,1.529e+09,4770600,3315300000,340660000,1430700000,3099700000,527520000.000001,89935000,45558000,51510000,18988000,10119000,7170900,133880000,347133.736761276,23605000,5924400,1034060.22159265,452208.276109368,903450,162635.703179879,9433999.99999999,1862900,11337000,196944.64819492,313507.999102738,334336.844655132,476480,7904300,225210000,33106000,338010000,57975000.0000001,18060000,240153.474656635,57471000,59052000,933920000.000001,1023518.31107263,151410.763027808,3940700,192290000,22296000,406890000,27730000,50232000,96509.5028987027,3432600,6168100,107462.088858682,272729.050511136,1509200,143093.467095425,164179.984586879,2589000,461450.985610071,3371700,4527500,9465299.99999999,211149.899552547,13299000,5386200,1363300000,17975000,42306000,7738800,66238000,3942600,14729000,614006.715028112,8505300.00000001,2493600000,1382300000,404120000,268720000,45414000,176268.816687071,465390.411965695,407278.410199063,33218.311705167,29188000,92171.2979939901,16978000,4658100,163910000,21273000,281350000,171340000,2340700,30612000,224766.648368133,1496700000,155077.447245672,17235000,3797500,63480.1041444127,2868000,12417000,2849100,186079.096673389,8248600000,11616000,17505000,116360000,100413.512299443,1393400000,65641.0689735526,22020000,144960000,1111400000,550570000,415197.104364296,1098900000,117508.540437766,285604.019852184,67496,135226.026226943,947495.050084209,5885499999.99999,1.1525e+10,804250000,450469.591089922,534260000,112011.74202524,23255000,10074000,64698.0664298684,835739999.999999,41088000,306160000,451850,273760000,2613800,265470000,20677000,93664.9062936838,10832000,2002200,2654300,1146663.83700546,6038400,159175.773126325,136519.630612718,142747.876467682,8076300,185440000,4863000,10417000,9832700,804199999.999999,279540000,14902000,185960000,322757.826993607,41570000,510816.970060012,6584699.99999999,73600.5506382747,129950000,2761800000,197386.541406341,3014400,20312000,170383.994884142,231443.603055493,50024.9352113054,195064.002942833,522870000,2470500,153985.02750813,145684.903469838,209480000,23235000,9310500,47247000,31197000,274200000,254536.220365059,320648.206695683,1957300,13784000,1368700000,106041.100292959,13037000,20891000,3495800,5862700,10057000,514979.309500743,15726000,5145200,208217.697180779,125738.681280099,114144.550239705,39685000,114714.339573755,204263.819528082,798140.525382437,188764.56271419,121137.408227757,100741.850356537,2462200,133922.039658718,202998.287123351,25914000,1824800000,16420000,751546.681604315,206440000,52407000,4157700,25237000,23059000,34905000,38791000,67940000,7379400.00000001,647943.267186566,117237.34241207,205938.012236092,2358200,435934.715081635,151252.553160864,11119000,210903.096225603,2284700,2368600000,97071.0050754902,185522.07913827,407310000,202340,351170,344786.905383353,1750700,7166000,3266300,67542.0000000001,129824.830831724,2258300000,108047.338095294,3989100
CP_3_imputed_intensity,1,183246.8689427,113650000,923350000.000001,4601900,253759.798218452,3752000,49331000,82832000.0000001,2.1618e+10,274374.95350483,322866.547220102,810168.217140906,31058000,184150,69030.1746073554,79785000.0000001,5766600000,403250000,359490000,465780000,603030000,1162500000,3068700,119770000,173200000,2.708e+09,34866000,186330000,73510.526649286,182526.36846022,18713000,69026000,155358.560865139,496898.31085672,332341.336995967,452670.82089056,244564.117027141,27220000,37926000,104750000,6028300,964019999.999999,5349600,2020900000,745080000,2300500000,4543900000,1079400000,73596000,37384000,32802000,18708000,9420099.99999999,12400000,92390000,141621.945387733,132800000,707000,642945.184399694,144668.92073511,1171910.24964654,122686.696484629,6644300,320024.816421337,19411000,1815700,286661.321405091,298358.024450154,1233900,8010499.99999999,143790000,11358000,252390000,73019000.0000001,25070000,7923600,40907000,62499000,1.123e+09,7071700,4581900,2114400,189670000,112520000,389230000,19143000,29350000,17816000,6118800,6088700,474884.272432892,488619.083031252,3762300,425472.991360203,75964.4295925522,424396.724240611,563903.237782271,372929.751885263,116212.672865691,16505000,153918.203617856,4794299.99999999,4690100,2396500000,42199000,40348000,5666700,101270000,180020,8067699.99999999,381800.136351916,5364600,2970900000,1512900000,37009000,212660000,14144000,376592.523059613,427328.517252845,173866.412614906,438168.712496069,28407000,244616.756376161,15670000,13340000,110640000,84365000,458110000,199280000,2792500,16597000,7659000,7.88e+08,169051.827037915,22322000,7982500.00000001,453177.615995852,1145615.60061964,9765599.99999999,2625500,532667.512500534,8160299999.99999,13123000,14873000,117464.049288963,314037.893283964,926560000,637743.673963953,227101.678500875,30850000,321830000,690180000,473864.03937804,536240000.000001,259082.656695361,663910.316988592,295300,188578.024663933,6702500,8027599999.99999,1.1074e+10,1182100000,198657.297626495,495019999.999999,101461.970958853,24643000,8859600.00000001,468334.611557665,665920000.000001,32176000,303620000,8017100,570100000,554161.625337906,404550000,25517000,323230.651806047,32492000,198434.908123982,134655.513580205,550555.891402626,3401100,688769.455763945,285792.931187267,188233.490323477,11003000,224600000,3939500,10911000,10132000,663020000,178810000,10444000,201850000,368348.9120308,63066000,47566000,7406000.00000001,614251.264517261,49364000,768250000.000001,128828.673756032,3763500,15287000,322407.241062832,487175.34757876,8467699.99999999,262744.8281606,335900000,260185.776893771,456167.44089033,464422.798704293,142360000,15518000,30338000,70976999.9999999,60945000.0000001,321460000,3743300,279845.030008419,1527200,9789700,1.888e+09,4937300.00000001,473911.885794551,5638100,197739.946829947,8334000,18837000,948980,7478899.99999999,2943600,238251.564459648,186251.355612475,547366.604012546,39121000,107219.240136583,457190.338209022,457601.566675711,1444140.05742849,583386.017530435,16448000,4139000,4053100,419357.132802013,36114000,1361300000,15732000,529932.659077576,185680000,28357000,2710600,16973000,9382000,32072000,18921000,57961000,12117000,460789.714294161,206355.17863363,122067.861619838,3130800,207601.943910753,1596600,14795000,311684.235512319,1664200,3504700000,2164600,167666.298860691,570870000,124170,75839.6025425162,81095.8688806568,2639200,6249500,253463.293203419,4356200,121374.3259828,2.076e+09,2290854.92981679,15441000
CP_4_imputed_intensity,1,31271000,202760000,2608600000,6826300.00000001,300565.786782094,10726000,50612000.0000001,50477000,26755000000.0001,1554200,241295.422492023,536065.13272614,3730000,132090,372658.70736179,114990000,4283900000,511910000,205240000,354970000,211570000,81061999.9999999,406383.807659648,146080000,193470000,1010600000,66755000,100720000,317669.611655697,172071.87469286,30668000,132600000,595883.779908352,79393.7290435207,9856900,223494.079241521,380438.09998594,63833000,132820000,68213000,11222000,114030000,8892299.99999999,3861300000,303530000,1775800000,1307700000,128100000,118450000,60858000.0000001,51340000,26466000,16344000,17734000,114350000,246344.552726355,749003.039339361,283501.276697738,332424.551835031,591610.242560405,374948.161782935,268977.019219067,10059000,2033800,11015000,401166.272853999,800436.941277853,138646.559602491,360582.302151498,4439000,339500000,25286000,517749999.999999,85292000,15075000,335516.541155747,56066999.9999999,58881000.0000001,1100400000,7475400,2932500,3914100,77374999.9999999,124968.765742072,863479999.999999,14754000,26820000,181857.652147759,8082400,151670.589123388,509809.537738548,102754.359877708,327235.78839056,18249000,251723.772225844,1122500,3049900,309695.965111992,10269000,9816500,380801.366210193,12754000,7057900.00000001,2136700000,19492000,45035000,1653700,13198000,2146600,20825000,322213.192189573,17642000,3918500000,2161300000,429050000,355530000,32344000,2637100,3722800,206569.216882552,252078.08604738,27445000,71192.5300681154,16418000,8293600,221510000,21116000,138560000,114640000,144029.183541734,24362000,91780.3104552049,3198500000,377174.729691801,15084000,14908000,197642.22708273,3507500,9292799.99999999,8073699.99999999,24519000,9780800000.00001,445728.420914883,22656000,60791000,306445.062990573,2000800000,84015000.0000001,557800.928646142,85746000,67297000,1026300000,10333000,870570000,1746100,302081.011016063,848910,15866.0964713412,4931800,5620000000.00001,9560000000.00001,1325800000,522161.709699447,869539999.999999,311971.649041836,21346000,10559000,472647.843963882,59192000,91388000,8759600.00000001,10722000,516750000.000001,8294399.99999999,134620000,8548000,184911.127213008,17094000,680000.512398145,583075.657892469,351677.832010891,5040900,9875100.00000001,1309100,96578.100878657,9061300.00000001,136380000,1918100,30628000,570583.40817602,1456500000,414560000,9395199.99999999,429110000,443160.462904403,78349000,14616000,7440700.00000001,703344.721151543,99060000,1247200000,28005000,2080300,6044099.99999999,157941.025378153,100255.31119624,94454000,126910.250026567,406840000,4219600,3101400,112215.435652909,255170000,15030000,28534000,35163000,15302000,113030000,38540000,103522.371220175,267866.010586092,8653199.99999999,418040000,1426100,17577000,18889000,4617400,218887.910015251,25603000,633900.426463265,6827000.00000001,7061100,132866.799173084,267293.903767344,8744800,33752000,626451.431234678,147947.012333034,467921.205361332,143783.590170041,616329.250483676,223732.965631147,2664000,10452000,806832.889454547,41001000.0000001,2910600000,46578999.9999999,85393.5213690789,250120000,29352000,4699600,47385000,12122000,60237000.0000001,45012000,89547000,8464799.99999999,427933.026240191,914176.454329174,188265.579104659,1571600,492047.008108907,1223700,11142000,84902.1312275138,2685800,1629500000,8570299.99999999,178959.730941585,643950000,583510.000000001,479220.000000001,153129.186311746,3135900,3916700,608773.81384327,131950,259220.876016292,1068100000,288565.498822906,14617000
CP_5_imputed_intensity,1,41381000,267450000,1491400000,10298000,909460.089076435,7658100.00000001,58626000,120910000,28397000000.0001,2643859.18651476,370062.430761252,3577900,3099400,12714000,100441.653398859,73623000.0000001,2765300000,748229999.999999,223680000,1064100000,1943100000,1351400000,21830000,884510000.000001,430050000,3799900000,50366000,284890000,133713.627098202,1487600,34516000,177170000,205113.721486382,28530000,247992.256363926,901082.263302643,94573.674413536,56624000,81948999.9999999,58221000,7450300,157090000,9881200.00000001,4396700000,4.51e+08,1403200000,748360000,80619000.0000001,126400000,54002000,60681000.0000001,28412000,15218000,18880000,107370000,620764.157615151,322131.265314381,52248.9385706392,290052.687942239,145425.388853525,331388.491416071,184587.931314337,15020000,4383700,21863000,242356.700464043,495029.102486659,352760.932901551,1206100,4018100,359230000,12680000,478110000.000001,116640000,391441.891585205,192017.413389393,39664000,33944000,717090000.000001,307364.938897809,152292.068147021,5275100,71488000,63746,662010000,24551000,19312000,5926600,2739600,10772000,75978.6034495973,2778800,5838300,13014000,316126.757096602,2938400,3684100,359283.140530057,295365.15301369,11727000,145297.770974899,35274000,6340100,1918900000,75590000,55202000,3757300,7835000,2933100,13732000,324486.528055711,11871000,3447800000,736330000.000001,215560000,300100000,45026000,344861.821050841,1933100,135448.809679257,188932.296029403,56141000.0000001,319802.495573134,11675000,17534000,143550000,54366000,124540000,82844000,1771600,26692000,2206600,1460300000,189711.639770586,20495000,515320.322008979,88521.845878785,6432800,7310300,13828000,10673000,1.1186e+10,15435000,44223000,242029.277521664,4260700,2471300000,517904.63393553,36274000,119230000,3.465e+09,764250000.000001,14430000,632520000,329913.457830155,466671.018452712,648710,273801.871382441,3269500,3637800000,9710099999.99999,2342100000,449561.386374044,850220000,284877.180127833,30264000,5997900,67087.7694399847,922220000.000001,40428000,5931600,9319100.00000001,390100000,15045000,64876000,4371800,46123.0145099332,5238300,3199400,341289.265231878,574160.435438076,8675899.99999999,229349.686690398,1099488.75538907,248282.71470093,12670000,328930000,4415000,24731000,463601.121293759,858410000.000001,183230000,18749000,703790000,495431.424030441,96779000,59432000,127173.069481419,201251.720867717,241270000,2187100000,42662000,3330700,45696000,1706423.94303337,377122.231117419,74673000,218290.998208991,417450000,61887999.9999999,143779.707242344,244328.513565412,209790000,22909000,11357000,17671000,39306000,97440000.0000001,9910200,245374.197350659,849820,7890400,2.11e+08,2556900,10493000,12511000,1761200,6585100.00000001,5513100.00000001,3549000,125822.687176685,6827200,447387.309293219,232895.38985898,7731800.00000001,26314000,817802.937543765,269377.491407691,444414.81142779,226446.316249099,333871.105705978,17805000,2260600,789327.215276795,151010.215596958,23567000,2041700000,16953000,513521.114110006,195800000,56055000,6365600,46595000.0000001,17995000,32486000,51496000,54937000.0000001,8691500.00000001,126079.400365406,217972.311082956,111900.678212278,1483500,330705.595711961,972830,48857000.0000001,144766.551383287,67079.2051548327,1.755e+09,5600300.00000001,313888.030472307,265130000,420760.000000001,389420,440785.953421838,3491500,13659000,2414100,45873,110962.999630392,2285400000,550943.912204038,18725000
CP_6_imputed_intensity,1,159262.178064737,264650000,1123100000,10584000,266747.889574408,14672000,66146000,79989000,2.6066e+10,1581700,249286.60619409,5138800,3211800,27065000,259520.696211608,75503000,4417400000.00001,496330000,889450000,532720000,902220000,1071700000,101226.233671752,919130000,302340000,3332800000,45225000,211070000,694249.999999999,177876.240790345,25063000,115230000,72045.5548934075,208059.895030773,10471000,891028.774786802,247900.791023092,38008000,31912000,36027000,10835000,79601999.9999999,5331600.00000001,3.535e+09,386910000,1303800000,1.154e+09,128510000,115400000,43064000,42195000,19725000,9215900.00000001,19261000,84739000,331310.073903223,17155000,374536.889667746,5271100.00000001,217973.884653643,134505.486826207,356840.985925312,15542000,1811700,41502000,470657.031054609,294663.175154101,3378300,2436100,8359600,263600000,13087000,436010000,83703000.0000001,14996000,5040200,35254000,46224000,1488300000,10227000,4249100,4100500,80052000,660600,596210000,23927000,22382000,9521400,3106700,4975900,189524.258916507,428611.513746443,311075.89220199,17856000,237833.694127766,411638.510647705,4772600,181286.982577612,895860.000000001,13270000,200665.1117941,23465000,10599000,2729300000,21857000,49539000,2284600,6738500,1814300,18611000,144124.310461048,22161000,3.792e+09,1293300000,1212800000,425480000,46521000,2127800,238611.984907921,529002.431785389,232205.954516859,38241000,3970700,12932000,8398400.00000001,203340000,148680000,1166300000,786369999.999999,14627000,22447000,4852600.00000001,1534600000,1433340.02613875,21829000,18986000,216472.644221046,8698300,8101900.00000001,14481000,40726000,6509699999.99999,6140699.99999999,9073100,416405.785339405,463529.636830766,940030000,264444.210094097,444185.495906937,36373000,36026000,287650000,198908.824519956,142100000,3530200,4442300,1230500,86136.5347388027,8781300.00000001,5398500000,1.3146e+10,2785400000,162001.697988595,783160000,50715.1331775583,42719000,9601599.99999999,1001059.55626324,165130000,41875000,6303099.99999999,20237000,536730000,7877599.99999999,89700999.9999999,7298599.99999999,814516.272862127,42718000,669757.000025373,397671.674837808,354248.187935478,5104300,55934.7109698193,1556400,376832.876115356,19954000,339240000,7810200,28198000,70463.6985098818,610460000,169800000,14022000,167770000,259683.089351082,27594000,15833000,1086981.33690138,143902.518898515,38909000,1568600000,23085000,3888500,12621000,665911.530194534,195319.80890639,88158000.0000001,419363.739705783,1189500000,150400000,3254100,347754.113753478,200210000,27893000,26896000,43685000,56147000,122080000,78698.1391380224,201923.551798896,5035900,9252800.00000001,320930000,2233400,8923200,12094000,327793.711352548,5488399.99999999,24943000,631030.036948833,4048200,4760200,252974.875055067,2620100,141657.870421412,60402000.0000001,696218.232596915,198747.571707091,347243.619329981,5285100,182111.590020714,5842400,278972.413260668,5992899.99999999,194509.805814197,34239000,1857900000,16418000,533933.494523049,124260000,34823000,15276000,12168000,11066000,58546999.9999999,44774000,47695999.9999999,4655100,9523000,6090100,174265.746367553,3793500,122253.996923468,1758500,67587000,309562.654980024,739570.000000001,1914600000,13278000,97669.374159575,438880000,541670,3588900,204758.057587793,3717300,13567000,128718.730262486,16980000,7100800,1512400000,79209.6599281177,25965000
CP_7_imputed_intensity,1,8408599.99999999,233650000,1424300000,11722000,232038.935253531,6142399.99999999,53494000,99448000.0000001,2.4521e+10,234922.336677954,832052.087559573,2733200,4297600,196541.480586075,75422.3495734779,238370000,5873100000.00001,412270000,298360000,718120000,329260000,632510000,103658.773482782,147130000,215730000,1449700000,55828999.9999999,132680000,275690.755108221,920971.733199454,27810000,176840000,281781.967848705,2513884.21354609,325520.584888741,174145.278697629,466662.204982053,62401999.9999999,138410000,82635999.9999999,8731699.99999999,202320000,8951200.00000001,3.275e+09,1007900000,3030100000,1027700000,85728000.0000001,172410000,59791999.9999999,50870999.9999999,35493000,19763000,19607000,260700000,209445.484651407,4295500,848580.000000001,193593.564362043,309954.558990298,1056235.91677094,310626.646869941,10247000,2620900,14553000,184527.615927693,120286.742534748,375274.822976295,103505.162945342,7911500,403130000,43414000,479290000,113480000,11390000,10443000,61186000,31751000,653350000,481778.277859402,406708.162390473,4114000,45704000,119168.261684454,616040000,20981000,18452000,57461000.0000001,3004700,5580000,194469.261666245,484799.220805286,1323000,13437000,141839.353241174,113805.249404204,275362.160421492,208597.065394843,201210.082851608,8186600,180800.717798887,26808000,7087600,2139500000,47323000,43779000,2987200,10132000,5113600,29981000,436470,10234000,4.799e+09,1463600000,676580000,456890000,13635000,825229.833979756,4935900,112961.509317005,487618.739128575,15247000,92615.9055992461,13197000,7639999.99999999,138420000,101700000,129460000,104610000,653913.042347402,21472000,261508.298452586,4.3e+09,57146.5526465601,16480000,492267.332424104,68009.5366564201,222833.278780768,11230000,3095200,32197000,7781599999.99999,4736000,15397000,110450000,57923.3569780804,1237200000,112130000,286003.612896668,168360000,42216000,902439999.999999,7652200,448060000,744433.377621062,75411.3273794827,276600,114312.025213524,5853400,3907200000,1.0181e+10,1544500000,242640.313592614,885090000,354691.66993303,48975000,8935900.00000001,269871.823189938,1950500000,2.12e+08,4352800,5493300,398090000,8786799.99999999,61806000,6578200,327547.539139284,68340.9862365111,209802.82048433,461104.580687072,85062.1038094023,5923900,281832.977615059,2594700,250952.995942753,12152000,197970000,2776800,48043000,87000.1675276372,2093800000,336170000,232119.072601017,248720000,95397.2246352115,27245000,339499.792387086,6643100,229036.234711608,38833000,2294900000,358682.981571497,4156000.00000001,10758000,131164.042029061,192846.025818899,49052000,176254.852973227,421970000,3375500,241328.136670056,335436.754769817,230220000,11222000,10649000,27729000,28214000,101660000,644050.047166481,365499.466147775,551108.881691816,7213800,272270000,471138.127689225,5977800,5296500,743012.913595487,578282.924779239,8432100.00000001,208557.941376854,195015.617532793,5358500.00000001,217418.255127704,380078.693157356,12033000,35114000,101904.247062853,196415.98757724,131066.063243839,1626100,32894000,97211999.9999999,3639500,36553000,334871.756533977,15135000,3300400000,49267000,164666.558824072,352630000,22423000,6315999.99999999,30453000,16157000,44352000,42588000,84939000.0000001,6746299.99999999,231119.326204478,4399200,381868.224233249,1671500,280310.33438948,732079.999999999,19092000,132883.939813965,476290,3136700000,16018000,64563.5572671223,412800000,1846500,310250,248101.306078422,2475000,4520600,366523.199636737,1430800,322556.322896736,1431700000,172319.722067372,14568000
CP_8_imputed_intensity,1,3248400,222010000,1792900000,10289000,158918.053174351,8062599.99999999,58501000.0000001,92934000,3.3783e+10,723966.430095082,533155.498312416,4479100,2963000,5819699.99999999,208102.853176739,175730000,7783999999.99999,269090000,118790000,566189999.999999,303690000,1404200000,8721200,305090000,294620000,1880700000,83062000,216420000,279730.588168348,88613.1230764188,25850000,182270000,524122.414868855,946002.520024847,399635.126364518,112670.470983278,80351.787720997,53940000.0000001,101820000,54083000,13830000,106540000,6643500,3.422e+09,337500000,1673800000,1253300000,114880000,155540000,61892000,29296000,25552000,15940000,23803000,193580000,105557.258769674,6438500,563113.479969846,203175.568982569,523498.636611645,184067.671361156,178555.074895825,12386000,2822100,17665000,193910.330427686,385268.100807252,6887399.99999999,731750,7626999.99999999,224100000,19096000,556409999.999999,136010000,13509000,4158100,46523000,73227999.9999999,1376700000,4350700,3044500,4003900,24260000,453601.137172538,6.62e+08,24007000,15701000,19080000,5187300,7765000.00000001,512566.719836742,1340950.79777545,517810.745555009,11648000,192800.588050391,58139.5381091355,3092500,478378.069254672,3415800,9153100,1041783.88104477,29101000,7867999.99999999,1624200000,16568000,85872000.0000001,2823800,4658600,1168200,28809000,221088.775231898,7253300,5075300000,2064400000,649400000,444610000,18137000,225287.217790607,4383200,659704.62130407,104834.137943308,25696000,377910.816424688,21261000,12120000,143530000,34780000,120950000,86972000,154091.847701762,28180000,11104000,4584100000,178399.15434943,17033000,14968000,150067.435768261,6898000,16459000,19550000,20709000,1.4103e+10,7084200,374382.277850835,376171.480432192,147450.066205263,1743100000,75218000,14443000,33410000,698340000.000001,449350000,210293.352379231,332310000,2414200,163920.834639333,2504700,412964.780885783,10501000,4815900000,1.2093e+10,1329900000,201824.517971604,779640000,166681.712124775,49191000.0000001,13347000,150238.463791134,312270000,78586000,153680,22967000,733719999.999999,5587500,65876000,6944800.00000001,574169.020686181,37464000,265720.588388595,195533.065068422,107130.308137822,8000200,100496.250313496,1510600,239547.044558397,7585500,190580000,197343.897461803,43517000,255511.162145673,1485700000,255750000,358634.116710091,221710000,185408.211568628,20772000,1090959.54820781,6950400,277988.918121891,58320000,2966300000,478060.196725702,1627500,5987900,435037.756833956,610791.004856809,75854000,314702.036610116,594710000,8465299.99999999,286512.071965427,255901.6861163,210500000,21827000,21851000,40945000,24866000,144450000,212108.971002042,2210600,969270,7347800,384660000,2653300,242116.487966257,797415.557173873,549512.767007565,5245999.99999999,26762000,125556.134920689,750090,6236500,848525.103547759,2551600,7942900,38252000,154395.106040366,62396.7921036178,606961.858470989,303391.763121503,236267.517401203,10036000,3393000,40363000,197892.318977314,55339000,2.826e+09,16484000,153181.380269233,248550000,34294000,3002000,29183000,20514000,76431000,48665000,76778999.9999999,7600799.99999999,717527.684657567,483254.449191741,196798.256884165,2133300,246057.314049207,4810000,15288000,256364.49760544,2941900,718320000,33200000,70957.0528658872,1150700000,4540200,853430,420782.710706677,2376700,11375000,2070700,2757700,111278.632495831,1181900000,84309.7480077585,18803000
CP_9_imputed_intensity,1,296827.296435478,172560000,1.431e+09,21477000,1446800,4604000,58289000.0000001,56873000.0000001,2.0603e+10,73284.8588806892,1795300,2428000,4470700,221220,916562.281086474,158500000,5773100000.00001,397680000,383900000,481770000,398580000,3174200000,3434800,278020000,281640000,2533500000,70706000,114860000,117279.9256215,201567.704856371,21996000,99110000.0000001,158182.336681691,21719000,157479.423753458,454943.376843744,286130.166377882,28229000,172923.564401854,52016000,7524300,162070000,8742800,3096500000,674910000,2634300000,876770000,77161000,112870000,43021000,42965000,25903000,14452000,21352000,148820000,673001.973101264,15088000,916940,114118.996796497,348262.400023021,187065.406952438,233483.133898724,8104200,1934200,12571000,4314300,58189.928241198,15249000,87807.3053693702,5938500,200320000,29111000,398680000,80628000,19362000,7875600.00000001,43627000,52926000,1267800000,1695400,2804100,4025100,90049000,106940,361940000,12611000,34782000,25919000,2700700,5212600,462698.528478359,178038.947551904,187431.690377742,18391000,287936.618458505,353374.083562479,312187.61254788,183705.873719279,558458.905137544,9927800,225175.859616584,20456000,5168200,2358900000,37591000,24205000,2057100,8312100.00000001,1492400,16890000,1667600,8207400.00000001,4603599999.99999,1286200000,731650000,375400000,21400000,60784.034212477,280716.9449388,95256.9689654025,286815.450016366,23217000,484743.956903829,10888000,7131499.99999999,101850000,103900000,180830000,105170000,2047600,21237000,4415800,3492300000,357940.181201993,14327000,17425000,581248.774361448,384503.821238965,4765100,3140300,40382000,4602099999.99999,182031.183698848,8542300,12323000,205431.772036351,1333100000,213004.664038847,185847.265275247,44182000,26359000,322920000,219406.271656444,481360000,147218.563717941,179029.579961307,6387900,1383900,18739000,6821800000.00001,1.1811e+10,717210000.000001,77592.8551431882,585210000,212827.418380559,28368000,8010100.00000001,198670.135873808,64637000,36284000,7448300,72944000,368450000,93392.3140001079,129510000,9258900,163688.30339314,36254000,4607800,180867.173051354,510210.305633557,8131500.00000001,503394.714691369,2112100,180145.23190692,13773000,337970000,2197300,29423000,339039.506590378,777790000,176100000,8034500,231360000,267425.285803899,38657000,23428000,4174400,245946.101977804,50976000,925359999.999999,708233.444687655,3625000,9706000.00000001,161964.55913916,144936.660199408,107090000,668946.110745852,545330000,3865200,204825.913856093,323587.556871656,167770000,20142000,34830000,50763999.9999999,40955000,114850000,38917000,305499.302897298,5521500,7413400,328580000,13379000,7938800,15326000,689722.737819085,6773400,18755000,134110.571771476,461740,4902200,706453.922943132,4593400,5564700.00000001,45056000,618609.344707498,315065.811604259,491669.833190577,104376.180805419,2830300,5919200,4358200,64368999.9999999,2294500,28681000,1466200000,17157000,96625.6444642343,138380000,15105000,9557699.99999999,20561000,12604000,58419999.9999999,30766000,56082000,3696500,198095.733997178,82937.8180810217,184326.23611883,4471799.99999999,92107.172751992,20692000,21995000,145307.73993451,3136500,1706100000,46062000,709640.798934464,1061500000,2038100,3265200,740941.486908482,2763500,4428300,1393100,1883000,864945.996766898,3045800000,399068.985970229,30664000
CP_10_imputed_intensity,1,244082.943674831,285380000,1413900000,10240000,232173.358620772,6677800,53072000,96931000.0000001,30019999999.9999,116127.724357465,1340600,3961600,3627300,416224.51093614,72260.4819535985,241430000,5592100000.00001,342120000,410230000,718980000.000001,210630000,1323100000,429131.036234459,282420000,239370000,1066700000,103160000,166810000,448754.958095139,714578.488558945,28915000,139560000,328496.338608903,326674.146663341,197237.64310859,561116.59797029,108821.709867908,75971000.0000001,190080000,97245999.9999999,7292599.99999999,131750000,9716800,3647500000,325620000,2053200000,1299400000,113110000,139120000,62422000.0000001,43847000,31274000,12725000,21702000,150250000,587599.198780002,135591.940475472,85911.3599000207,352401.369131712,277689.546010809,177678.395779239,492155.706478758,11852000,2475800,17164000,365577.269788018,467075.146336662,9457400.00000001,305681.129432565,8602400,265960000,21618000,540440000,99840000.0000001,14964000,673105.093573841,48267000,158310000,1.243e+09,2554100,2934800,2281300,44365000,185072.720593905,621550000,34129000,25349000,190322.549350333,4789000,8562000,408663.10870419,114247.487395139,352454.17580602,57715000.0000001,147228.930650595,2900700,89910.9173389728,128294.174366199,761506.963057788,6919400,257241.965059224,39904000,11157000,1.489e+09,29681000,55304000.0000001,2403700,5047100,914259.999999999,33028000,345697.088974759,14301000,3331300000,1329800000,768299999.999999,519260000,13849000,5009100,5363999.99999999,994950.000000001,511490.818801382,32654000,196518.177494111,16651000,729843.945813415,196170000,73675000,109160000,73161999.9999999,572772.643111915,29267000,3899700,5838300000.00001,214783.359073161,8247699.99999999,12550000,389933.717750382,8927000,15526000,3916500,32965000,5253800000,7161400,79475.8284871517,76297000,550484.938350401,1607700000,70767000,227266.14476926,120870000,28191000,829660000.000001,101345.442798413,364400000,365485.430518609,191975.268405862,6938700,208766.065831597,14839000,3098500000,7520100000.00001,659580000,983434.019005803,947870000,284600,36564000,11171000,146662.658781704,478829999.999999,60456000,4565100,41955000,460690000,4528300,67307000,7936700,594794.828167572,19367000,1978500,178014.374815409,423030.963038079,7788200.00000001,364293.364556339,2231700,680881.205853786,10047000,215110000,3114900,51481000,71982.1499945423,1491800000,344220000,20106000,240800000,678558.135816482,36475000,33197000,4736000,496835.492914921,507470.662096455,2197900000,211670.777020416,2713100,16021000,524128.191873686,273893.043764578,47296000,2179300,345350000,15719000,8082700,97867.6996259998,255500000,9902299.99999999,16533000,36721000,26352000,113630000,1.5e+07,121559.70549985,5984999.99999999,11493000,360550000,4250000,354377.900801276,47074.9408537288,783103.922568397,4181000,14075000,231090.864892827,680920.000000001,6223100.00000001,1198330.13294108,2229300,9165900.00000001,52748000,173839.624390524,553655.642116032,425427.107148926,2208300,139570.859488389,6149100,121050.519571677,20417000,3221700,57046000,1949600000,9655899.99999999,84786.7575532742,220180000,32827000,7262400,27993000,19231000,66343000,33497000,78231000,3724700,193735.025980657,3312400,331676.556459639,1788600,662275.884411488,8746200,22749000,166163.519337168,1688800,2425500000,21545000,206953.73934375,960990000,1225700,402510,101250.694092915,2459200,4125100,1758700,1050500,190032.26668064,1773300000,144213.555616657,24990000
CP_11_imputed_intensity,1,48682000,263780000,1523600000,9811400,455320.581130043,8318000.00000001,43752000,82265000,2.5266e+10,5389700,316205.075685401,4036600,5149700,23257000,184251.21160473,113580000,2270700000,192870000,32834000,993200000,955020000,451710000,35251000,700729999.999999,335580000,7361999999.99998,72766999.9999999,277610000,396800.96442334,233797.545601426,31038000,151920000,72257.4732941285,213028.006407187,4250300,471184.035870749,135940.646287358,45346000,136320000,61616000,8228300,118460000,8172000,3722200000,776940000,3109300000,1743900000,214030000,131350000,46733000,41920000,24248000,15887000,22602000,179900000,623685.270728778,3789800,305313.05366647,148384.928898821,134287.806648966,111823.172970444,97283.8322708796,14817000,2930400,18490000,861909.999999999,73013.9349172435,3209400,2261900,3741500,311990000,25319000,493670000,63478000.0000001,12332000,208295.934348505,42098000,55022000.0000001,855740000,1671100,563808.547120685,3667800,64425000.0000001,162105.321990896,710480000,18526000,19025000,159590000,3528200,9348600.00000001,575686.65462028,93355.1445451715,4770200,21771000,141659.055942047,1438400,3487700,138968.3747135,772887.368731706,7295700,204927.190274841,29924000,6033000,2034500000,35961000,49552000,1439100,4158000,2851700,15846000,1033400,8874199.99999999,2428800000,2713600000,764300000,410670000,63605000,2725000,4603000,207780.558370298,805700.000000001,25596000,754833.247427781,12983000,18758000,126310000,133890000,210490000,124620000,293309.559646998,35298000,2234500,2918300000,121925.905810102,25224000,7820300.00000001,114399.840832829,454591.673753991,4355900,27041000,56777999.9999999,5412599999.99999,232027.533835772,5872800,245127.094424624,1325153.1272222,1351200000,65691000.0000001,252983.648255055,32173000,1315500000,436680000,110199.50528583,288610000,1078533.49426576,490203.127339178,667659.999999999,197098.322265184,2812300,4685700000,9844299999.99999,1940300000,161969.215330131,976999999.999999,366479.498044851,49877000,12190000,195866.610040481,487740000,71393000,4576800,15978000,366640000,10836000,93948000,8176100,162690.126769967,952973.459396627,2572300,173693.619883206,193916.298813525,9121599.99999999,170085.813721966,798560.000000001,166923.784976643,8983500.00000001,221070000,137732.115545507,58495000,10043000,1467400000,375340000,308599.432404012,221750000,233674.165756194,48181000.0000001,17862000,239444.505981566,368009.734358232,131410000,1527400000,17688000,2904400,25405000,92418.717481828,466063.624986539,149240000,185467.115893749,262200000,84638000.0000001,33232.7694509527,72388.8048691683,219500000,18695000,19380000,50393000,28339000,80889000.0000001,26718000,68647.2394778877,158497.800367208,12745000,445480000,106191.468385262,19678000,34696000,247910.628018065,300545.105984096,14338000,161240.389284456,439453.838027355,6033700,135899.641439752,3230100,9336299.99999999,30696000,253648.484498548,89722.8033296137,584897.544521974,327572.243789819,341361.777916766,31957000,2248200,600287.58767357,223474.002518313,28390000,2579700000,27820000,329810.352962668,266800000,31134000,3666800,25265000,14022000,45793000,32883000,81802000.0000001,21984000,374911.932674363,460992.47542833,623712.536466587,1829800,335926.971714269,4149400,37805000,109053.862807079,163380,610980000,10344000,129392.657868777,516499999.999999,602870,311010,743688.359439949,2226700,5461700,493020,210620,29658000,2067100000,624462.790013683,12650000
CP_12_imputed_intensity,1,301689.659063266,364310000,1787400000,14478000,196570.047222487,11350000,108400000,108020000,2.5256e+10,240307.692277344,203534.351305879,120764.973437596,3125600,8857400.00000001,468267.110821042,112870000,3424100000,242970000,242530000,920970000,201740000,680449999.999999,568766.426011781,373050000,142200000,3.379e+09,62194000,97202999.9999999,255873.897829307,657930.49922863,44692000,150330000,157659.544382836,13202000,146706.003186671,329449.475656127,702770.768231601,59666000,176410000,45449000,10522000,79564000.0000001,10037000,5214899999.99999,438160000,1578800000,787810000,59497000,176470000,58371000,85128000.0000001,24857000,18747000,20057000,90721000,1187322.2856426,9039300.00000001,371617.926736614,1201001.4625598,60828.0765572729,405717.572541203,448268.935428702,12588000,6564300,16338000,197872.193374554,353377.253847457,253625.157528245,4551600,2494800,482949999.999999,12781000,620320000.000001,85288000,9296500.00000001,291500.723540144,62834000,31329000,1.045e+09,3723200,1145500,3398000,54629999.9999999,119860,793480000,13520000,11873000,16734000,4346000,6094000.00000001,65701.7345518338,719556.990493094,4502800,5957100.00000001,137651.04061541,2987800,3578500,930325.447953394,974040.000000001,9983500,542449.48450238,26449000,7038700.00000001,1298300000,28405000,45801000,2901100,2761300,10459000,33735000,209262.108190806,4580600,3526500000,1483700000,386180000,508600000,44209000,372320.669390923,1747700,749127.948545019,422771.88366289,38126000,259141.49208879,35628000,21965000,162090000,69211000.0000001,200550000,118260000,308937.917642902,46714000,10549000,1144700000,216438.194192377,12716000,237089.177659808,94151.0094823126,4658700,4958300,13023000,14033000,7482100000.00001,6663700,11319000,125040000,322979.773991092,1725800000,113240000,9422200.00000001,48319000,2897700000,394380000,257204.678385246,469310000,46542.7396580972,303096.158186886,345770,170070.529540174,9262400.00000001,3328100000,7311199999.99999,1080900000,235314.428008134,1119200000,93091.3830193121,40070000.0000001,4916400,268696.4684518,31303000,58021000,4560600,6015599.99999999,352750000,3357400,95975000,10877000,265658.137803219,22250000,2643300,155237.048628146,202674.951855083,10587000,138542.489721652,2682500,417864.777075539,14439000,247250000,2488700,15270000,42061.3228024185,1060600000,1.39e+08,565835.144525266,271710000,89616.8887088159,68249000,232313.334039965,4907900,476597.425939257,133520000,1868700000,11786000,1736100,12303000,809174.350479083,112690.938372799,40990000,162719.449874471,260980000,127550000,96500.2478428805,149180.929784193,219010000,13391000,18051000,32325000,42351000,86369999.9999999,290109.549643125,412256.417498115,220902.369441935,14765000,256180000,3915000,4436000,6493000.00000001,454058.258385034,7257999.99999999,15685000,4045500,921820,6531900.00000001,270671.00476935,270600.029924301,10946000,32868000,174068.048153016,242535.430909052,162168.744568485,7038000,2664800,6059900,194515.765559796,31845000,115970.434697507,25814000,2257200000,16927000,105119.34357445,226930000,43166000,7824199.99999999,55671000.0000001,15418000,28729000,50525000,64411000.0000001,17967000,219037.582208639,4399500,556688.117342673,1155300,126866.058562612,472070,69884000,427680.672290004,535179.999999999,1806200000,25846000,167375.40708215,361090000,3719600,2904800,263362.750299411,3866000,6037100.00000001,121386.285566544,2481400,13911000,1383500000,856088.627776746,27724000
CP_13_imputed_intensity,1,10688000,192310000,769880000,131870000,5523000,9589500,28037000,131270000,1.2735e+10,263795.328311337,908289.999999999,2962800,2668000,3816800,868443.215485888,51339000,1636300000,167460000,592020000.000001,344260000,791350000,485394.16541143,941866.846467872,218560000,54851000,2804700000,9307199.99999999,86848999.9999999,5264900,214012.291585,10292000,80050000,17753000,26977000,223386.943710032,9982000,800223.189552432,53911000,80309000.0000001,57848000.0000001,9362800.00000001,90544000.0000001,4502300,2130200000,577910000,2471800000,301540000,24729000,92499999.9999999,33585000,44905000,23591000,12440000,17424000,103490000,384729.87714864,156140000,162273.637243235,6080399.99999999,2899500,242703.660431801,594930.092282118,21940000,3062900,35776000,11169000,1094311.98340115,75040000,3843200,1713800,240160000,30531000,224440000,52174000,10727000,103178.338743572,24608000,23362000,780999999.999999,172904.693755821,1568864.06837751,4243400,61195999.9999999,65870,337750000,5927299.99999999,8534300,274010000,1285400,4696800,331025.103783163,708204.597668384,7496900.00000001,783300000,13774000,3140700,570639.013743731,112754.441493542,212170.498596491,8666700.00000001,343059.807199699,12516000,13520000,1825800000,38040000,66003999.9999999,5732100,4708900,5980200,19473000,25517000,6127700.00000001,1831300000,697110000,151650000,323730000,397720000,10283000,391463.58980121,223058.642565807,315852.332888774,9646600.00000001,635928.094120225,4792499.99999999,12131000,50792000,151660000,388960000,265940000,6586499.99999999,9962200,6381299.99999999,1122500000,3088500,57551000,39452000,477743.983622037,10230000,4507700,7728100.00000001,41627000,1.136e+10,10871000,20432000,271559.556430845,1532900,1675900000,134260000,445372.201898744,69513999.9999999,762419999.999999,951740000,783337.624914476,568610000,294206.857814746,200371.128311608,161620000,64224999.9999999,325470000,6184000000.00001,1.0759e+10,4533399999.99999,336454.786459707,410180000,696478.878003232,56333000,3132700,5812900,6799500,55692999.9999999,2714400,27974000,273610000,8676600.00000001,84563000,3861500,318684.972548292,554062.117995209,2887700,158629.540878063,1534200,1779200,229255.485298621,64587000,17554000,15788000,403480000,4646300,42665000,402769.172904653,2073700000,207540000,458143.889736305,375680000,88857000,113040000,25624000,5612600,718995.974046787,106440000,3332800000,91651999.9999999,6606900,5796600,2671000,14382000,71785000,10114000,133620000,47019999.9999999,983900.034220085,1165075.5001507,101960000,20254000,13629000,42146000,35128000,29384000,182120000,12291000,2867800,8315000,117950000,7731900,14215000,15664000,531552.676424032,5227300,16308000,1373100,249370,6694700,303186.788844156,24202000,131916.75500291,22451000,696697.028640895,470259.155707395,325496.224839264,21777000,152421.994810489,38935000,8205100,170250000,7673900.00000001,23959000,1685400000,15990000,2417682.23155083,234160000,18006000,4438500.00000001,17920000,7574499.99999999,38193000,31271000,44438000,5039000,5382700,22037000,3915000,47542999.9999999,11848000,8011100,42804000,3049900,91213000,1740100000,890380000.000001,62031000.0000001,713520000,498520000,273740000,4121300,1904200,23125000,18933000,317160000,457775.784512288,1227700000,748509.949979183,845040000
CP_14_imputed_intensity,1,30074000,272630000,1147700000,15020000,928917.067916236,9466700.00000001,43898000,66284000,26537999999.9999,287844.909929357,33631.7373917621,363395.890435075,2383300,1294100,271541.230148367,202740000,5203600000,246220000,1263500000,582710000.000001,198840000,1.59e+09,242719.657854755,152160000,165140000,917039999.999999,39418000,138060000,104539.289361419,220394.038076474,25316000,186720000,4338100,486201.397840661,332516.592323343,238772.231443501,221152.085839969,60425000,108780000,115930000,6529200,241140000,8613800.00000001,4375099999.99999,249670000,977640000.000001,3053300000,386820000,133930000,71789000.0000001,55552000,21319000,12521000,18509000,152180000,510011.302075733,779938.407641977,3721800,345282.164556149,197417.166226153,93173.9869036522,132171.318172631,15359000,4612800,13176000,178245.401182456,185343.317394871,522641.470660398,109030.589574822,5621500,353850000,23012000,539180000,111880000,11248000,144153.438092515,70442000,98882999.9999999,1252700000,177784.389745201,323671.654237815,2367400,59228000.0000001,417880.305273375,818160000,22452000,33202000,125240000,2092300,420424.681466694,144323.220105961,118830.272641033,352409.230361143,114260000,148702.715966001,361795.904511513,202004.727283757,9683200.00000001,53447000.0000001,15181000,251549.851628577,22697000,6994500,801810000,6224500,33195000,752898.741442069,9798499.99999999,6192600,22674000,620034.129869205,10138000,5476500000,2108400000,1025500000,291010000,15481000,294220.216119999,8187600,242813.748497827,531859.346874903,29392000,348957.386483993,6849300,6333700,136530000,27281000,150050000,99628000,707855.089736274,17228000,12567000,2741400000,280862.815409843,17533000,7176800,179001.699196219,5553200,10101000,5868400,23868000,1.2282e+10,19949000,13799000,445025.333546722,4626600.00000001,2217700000,110020000,7190200,76656000.0000001,984710000,651860000,25864000,888930000,323469.589002555,205716.158859791,603910.000000001,142560.871370408,6999600,4303500000,8678099999.99998,706060000,627630.050766893,776640000,121619.867324624,60603000,12709000,68430.9288882851,2243600000,96358000.0000001,6146000,19056000,489260000,4483400,63430000,3288300,192087.181191828,15419000,3186900,670322.492694308,272537.403327874,6614600,215579.004807249,4770700,229231.85860237,7859100,141590000,179226.5624439,20875000,267253.182721634,2090500000,333320000,7534199.99999999,331390000,153370000,118390000,36917000,7992199.99999999,494796.213740833,256120000,4049500000,140696.558891835,2770500,8485400,399829.752692602,138250.946185535,30265000,89779.6750160901,228520000,8171800,386033.31618215,107500.127444636,202300000,14289000,9301200.00000001,42710000,12229000,90827000,37721000,112014.870459321,2486600,9698200.00000001,569850000,1214100,11249000,11708000,1642200,122885.971690129,5151800,197803.002171515,213560,5852600,209770.256942392,153828.810012486,13569000,32509000,856159.986188144,227977.64251436,141157.135078568,14501000,33393000,159210000,117574.696192657,306313.030108515,110887.596766326,53692000,2473500000,15337000,250706.96693484,196340000,30318000,4856700,27728000,12279000,22080000,41103000,45954999.9999999,5860500,116218.541205736,605420.314271454,144828.208954896,1606200,298445.363356087,6429199.99999999,17395000,157290.707176553,6796000.00000001,2025400000,18747000,199592.555800311,454140000,994100,442430,174677.317880751,2103700,22731000,4393400,1566300,208735.653245893,838839999.999999,197592.745994287,19122000
CP_15_imputed_intensity,1,21434000,1.22e+08,633859999.999999,27937000,280050.515703792,9283800.00000001,21074000,78726000,1.9157e+10,656581.750113486,1191280.5402534,3532900,2402500,511630,295641.342881523,183750000,2336100000,177910000,157550000,402660000,129680000,400060000,834660.668922049,288950000,155090000,1326400000,33087000,120640000,813718.884490149,497533.509262787,14640000,189060000,292178.025241342,564568.429716201,5192800,337456.181652108,541202.295795845,55133000,102200000,53412000,10127000,100030000,5594400,2596200000,1595800000,2171200000,910839999.999999,67622000,89999999.9999999,59730000,23940000,22974000,15916000,14886000,185110000,114517.820683586,50291000,969030000.000001,3349000,461778.150121429,1604800,271005.274277559,10735000,1742900,9794599.99999999,4787300,343817.54296707,6568900,545535.955616409,4239500,285600000,33690000,336150000,82150000,9459300,3323700,54338000.0000001,66761999.9999999,691460000,207823.900854914,2008600,502586.736540021,18273000,166180,487840000,12149000,35490000,171450000,4024600,9015599.99999999,13686000,522161.944168377,32510000,94919000.0000001,613641.86011068,97378.8554083905,421481.828177587,949259999.999999,4222200000,8538600.00000001,838313.076930938,18295000,6073400,1430400000,11386000,33729000,2982500,6615900,3004100,17244000,219549.447367614,9484900,2034100000,1336700000,514970000,384970000,11382000,91953000,20696000,901511.849037333,584478.914309071,9566400.00000001,132906.417753909,10848000,19154000,144500000,94927000,246130000,124310000,363760.961034363,17378000,4096600.00000001,3241200000,643298.755645385,30252000,15480000,230159.398040924,7038300,6857100,4515500,1249120.81336427,7567200000,1792190.01129376,103830.989018571,749736.496557153,218909.643841014,1268200000,878561.173091296,809194.965214627,332112.583652915,383980.824920489,780239999.999999,247832.205212277,308910000,374545.643517386,632867.790105038,2423300,1223500,4488300,5064400000,7898800000,1578400000,759483.144761365,556360000,4.43e+08,37633000,3595600,224852.76840128,496040000.000001,77765000,4453600,49364000,219590000,7652700,29121000,2612200,10035000,1095301.27207989,3478100,363489.445396519,384719.853719083,5057800,279438.935835236,7360699.99999999,326528.812192424,5204799.99999999,219170000,7019599.99999999,12875000,1138659.58927098,1592700000,219360000,7854300,296900000,407301.024121831,20458000,32396000,7368900,1265085.60654912,75131000.0000001,1385300000,506775.113724751,2333700,20277000,624356.144241956,424573.896149175,119220000,1027224.87915791,177500000,2046700,223205.670957085,303115.704564146,165470000,6036299.99999999,4433800,34312000,20081000,57976999.9999999,61273000,307970.052994992,218340000,11694000,264870000,14763000,20182000,51093000,3890600,116078.632402773,8996300.00000001,305587.918938475,1118200,7772400,141113.704741985,193264.818761904,7167200,20948000,143094.735851099,228099.336237003,81457.3179933128,2148600,740258.516713604,78285000.0000001,2453600,32182000,397125.339214141,34359000,1595700000,19656000,1093045.08111201,263660000,18071000,7014300.00000001,19189000,11764000,42982000,39432000,47626000,658308.759083412,843123.389821035,494392.407891944,4990200,722749.999999999,206918.213989083,7236800.00000001,10982000,363434.085448413,989120.000000001,594740000,49638000,26300000,569269999.999999,4016300,5199100,344568.467997739,2573600,5420300.00000001,10100000,4735100,980589.7669147,998090000,869492.817013,42401000
CP_16_imputed_intensity,1,246680.523623926,414810000,3680300000,89749000,411821.614165308,17457000,199020000,179910000,38942999999.9999,499851.970404984,229838.284240095,120443.933770237,614607.319385568,240640,295762.706474931,103490000,1.1872e+10,1860500000,746909999.999999,2476800000,2074400000,9329400000.00001,150440000,561880000,457510000,2.2761e+10,303530000,744430000,5566999.99999999,936402.961961655,97803000.0000001,277740000,31837000,21118000,6176700,827483.755592035,6035800.00000001,20173000,9609000,32065000,17359000,180770000,30212000,6732200000,225300000,1.956e+09,4024600000,421760000,198400000,94964000.0000001,77552000.0000001,48737000,71239000,78965000.0000001,42399000,4702500,1071696.95987709,6045700,8912000,752274.490596098,2653400,120943.766497695,55672000,4511800,2863354.31330146,2987000,2401000,9929199.99999999,311438.611525898,12674000,798250000,35276000,913750000,102500000,11596000,10619000,255600000,46778000,2519800000,19832000,428557.637066119,416451.591865197,931494.351402167,495598.038489005,636730000,79035999.9999999,25905000,328154.611418785,4239800,13400000,274854.515027285,250445.971850109,13316000,125470000,549609.212332605,10597000,300018.866849375,31044000,46613000,14468000,421429.644422311,51978000,162324.794107402,57100000,197696.932493744,20214000,533629.043277191,469794.722119667,4547200,59621000,373528.705713871,23765000,1625900,200490,341818.590692552,314020000,5458100,4166200,5114900,10473000,7143399.99999999,80683000,595753.677962242,62003999.9999999,311508.035076095,305430000,341550000,1526600000,494510000,19675000,69851000,13772000,3785100000,459416.302692903,10915000,412297.112438912,315683.159436695,203614.414519473,44323000,1281800,13002000,6153799999.99999,36014.7882683811,47669000,639427.629510341,2254000,4163300000,730445.72356054,105052.404291658,112340000,654518.785876343,769350000,15379000,417843.400302189,857674.514772687,12218000,498180.004666974,174075.105984954,351768.808486211,516670000,844850000,133010000,30036000,1677200000,106581.732693302,38021000,83700000,824850.941065419,3258600,117070000,148200,7357900,165730000,2870136.33138728,73780999.9999999,16986000,224185.015630152,452565.507357778,2498600,564520.947536623,5011000,68004000,205623.759534628,567409.999999999,226485.287161072,746770,16306000,6035100,1771500,175949.356918996,1490300000,487420000,64172.5254191676,1107300000,187300000,118784.548313445,56513000,3229875.61509445,865616.774169195,315946.853718636,386380000,720878.344652406,7863400,54463000.0000001,246101.032767063,346808.429756387,223320000,562822.068488691,73617000,34527000,1062400.73154873,341707.518959328,936970000,64860000,123617.462606341,5897199.99999999,418170,128340000,289370000,340769.620415444,20807000,6988000,707380000,10742000,4875800.00000001,55278.3986396262,196966.070606835,188977.762946987,2090900,249318.710440958,7853700,14830000,372767.261156134,1907400,6070099.99999999,51370000,177055.913110577,145017.518916849,258323.790524902,48959000,381597.379064549,4518700,4018300,229632.156613683,1690200,118670000,1735500000,35245000,114206.918286437,575030000,89609000,14560000,118370000,67197999.9999999,83242999.9999999,95225000,267460000,191058.52506162,287757.181320572,500731.816541601,828468.93528339,4341200,28375000,2044600,5815100,1603229.36781881,765110,11109000,10411000,32157000,404250000,145380,8758500,127518.480794424,5172200,3381600,336060.684224999,402510.265762676,572264.237795056,165070000,611817.068542313,4999000
CP_17_imputed_intensity,1,836920.352777067,623519999.999999,2777700000,78788000.0000001,197567.614271743,8581200.00000001,53637000,141450000,7.1407e+10,62314000,472308.8306287,178781.255355121,270740,12417000,308358.55212015,11121000,5650300000.00001,2159600000,174840000,569080000,127910000,2591600000,761804.541680541,175680000,212630000,1425500000,50907999.9999999,256100000,219809.868504747,266215.929445748,40909000,84788000.0000001,893826.318908882,15667000,10012000,34969.0047718368,581935.340735385,138050000,142430000,59799000,15502000,139510000,12515000,5499499999.99999,268530000,2.213e+09,869030000,129550000,224910000,59163000,85779000,39694000,35006000,56943000,105510000,646485.083618438,3340200,821380.885028351,374670.518675423,221291.502439525,111828.692544928,308731.9289972,47302000,10403000,2900900,957673.47973617,407270.315054333,240180.648114962,719930,5020300,398550000,21191000,759660000,66816999.9999999,5912800,131491.122355738,126560000,56039000,627229999.999999,9431199.99999999,411066.384808953,437163.892786132,18608000,281049.771480531,975340000.000001,36389000,14417000,15828000,1741300,2767900,327220.162830297,73407.0017121432,6546800,373655.68570977,196425.618931588,2833600,507081.759078304,769587.105750754,259278.939467824,6461200,337974.454531594,42722000,4289900,401360000,2934300,16429000,489741.456555577,2267600,1620600,21990000,1737800,25471000,4898399999.99999,2557200000,15580000,200540000,14877000,85370.6888319695,293821.973684439,437468.198388676,1353378.72049298,23224000,148966.164421059,22195000,283670.358624324,168270000,49207000,368220000,190140000,288807.180023746,47311000,333638.230232733,2279300000,73734.9011000327,26918000,14076000,308944.091560804,5869600.00000001,22219000,8525100,307413.210328769,6285100000.00001,6612599.99999999,18642000,48215000,1001700,856530000.000001,474962.538850417,21343000,124820000,905219999.999999,519180000,300867.021539794,518449999.999999,1396400,95284.6578926963,1597800,198799.562028587,3585500,1665600000,3101900000,456040000,266110.673517589,1292400000,453556.136623177,48560999.9999999,18094000,159072.896824852,5108899.99999999,161380000,1719100,502210,183660000,9264600.00000001,46945000,8272000,157791.31085732,1050807.8832585,235266.959699202,204098.344288168,228076.094805068,8294700,176564.108071495,1754000,233505.877237803,214322.990356591,39647000,2349900,1988900,254341.053182774,1543100000,325420000,13526000,410990000,183300000,26193000,148658.721832838,235941.352124708,11948000,465537.442283058,2656300000,7623300,337555.858056306,782624.345607965,3522900,135826.414308538,118970000,101559.64180953,39634000,21850000,522308.628419774,601657.796110623,423950000,19011000,476244.638030901,12234000,2489200,38434000,19630000,2070800,3505100,20151000,133940000,455533.418106688,8214800.00000001,41932000,2225700,3213500,3313100,161555.312015328,2716900,7522799.99999999,230434.282274854,376457.259974306,1107417.77261941,77983000.0000001,793336.487391613,77183.0495597742,492125.900972488,191229.319428965,235317.988926006,46144000,457851.526728702,285484.043043704,748608.157465413,27220000,7514199999.99998,21918000,263242.882711734,671450000.000001,53953000,4022100,39263000,37355000,20172000,44576000,103730000,52563000,324322.107609283,69550.1187920243,110279.856530257,348914.20612297,23796000,595308.925327577,21446000,5854400,29919000,23593000,36891000,436099.14197966,295110000,2015400,2683000,266726.805538788,2834500,1706300,5157900,2210300,7485500,332450000,131908.889204079,17173000
CP_18_imputed_intensity,1,274353.53348168,415170000,2154100000,40871000,334801.267552222,6233400,115700000,145270000,82824000000.0002,209259.729941293,136871.754726248,224150.83453559,164457.509180368,12972000,954232.05092685,16870000,6958900000.00001,4356999999.99999,632169999.999999,656260000,524830000,532320000,1259320.03574931,166750000,631550000,1371900000,64912999.9999999,308890000,972422.18004854,374377.349136992,61767000,107410000,114122.555278689,19240000,7855899.99999999,369870.097980734,934192.904856724,79035000.0000001,100910000,39336000,11428000,148760000,10951000,6484200000,263260000,1.948e+09,614790000,107500000,174600000,66926000,60494000,44428000,36936000,32973000,60427000,199152.187734582,173496.277130809,120390.752681932,4722000,104330.423252864,949038.715296279,581910.458795026,23237000,255373.19047737,1683600,665178.10787013,203527.502542597,72999.2677280234,2585900,8500800,442850000,32357000,747310000,61238000,31257000,400483.175632349,112860000,60559000,842640000,20370000,281018.287603209,373361.909174494,15161000,89186.458140196,844580000,47204000,16343000,223467.796815614,3014400,5514899.99999999,202235.123698016,286670.846417428,5521100,308542.397780974,85004.6678975907,1096000,171392.277594219,669583.697909822,522695.580006259,8868800,562392.627445302,51133000,4397900,196700000,779269.999999999,25482000,235611.399586236,950869.999999999,7064499.99999999,27967000,353810,13992000,5909000000.00001,2.861e+09,30003000,192760000,2232300,100193.170033433,209670.49175729,86490.7417991116,838640.879052218,31438000,391280.156633578,42772000,5241300,320450000,49248000,1801800000,725440000,17893000,44615000,437544.272586203,4355299999.99999,421447.149250978,9601400.00000001,7797300.00000001,230439.417220611,9163599.99999999,18563000,2148500,414521.967896885,4.494e+09,786862.642000441,16543000,83524000,541180,994380000,279803.152247821,11554000,53779000,429210000,630780000,510327.063253954,355420000,314521.772020996,708981.043367014,592735.482118918,365010.173779638,3710600,1387400000,2.652e+09,183400000,441971.676317344,1153300000,152183.816099777,20034000,28109000,189056.896287088,10786000,78178999.9999999,2195500,636750,239390000,18201000,33055000,6742800.00000001,1129825.75429972,470345.391538506,2837700,192377.977044109,305128.630516145,8095799.99999999,308722.745730269,2271900,322417.277631472,3821900,21850000,1696000,1828300,393738.797927185,1.676e+09,475780000,6247100.00000001,325760000,324634.821084487,24604000,388386.0967354,264976.690763435,200097.662314011,29281000,1242200000,328474.794817341,76775.8214412566,20596000,3213600,354081.364309755,175370000,417791.166988047,23430000,58895000,340569.794359018,467933.101036385,496170000,16735000,757220,8015799.99999999,1089600,32705000,58275000,212951.904823576,10305000,26229000,117960000,335296.854165418,320333.801024994,176963.009920158,263380.027176292,5543700,5160700,3378400,1869800,4932100,419345.049099585,217474.14519761,11245000,145120000,117969.431107163,348357.814820749,90726.7326673983,190657.485697394,287346.96710701,14756000,244328.851893485,491827.387667986,67774.2488780351,60189000,3636200000,18928000,415456.264297821,486150000,60749000,8068300,51340000,19888000,42618000,71746999.9999999,135570000,3115400,102582.352962893,388503.614924697,375913.255206054,224864.493118033,756602.821848012,447764.057764834,20439000,163195.559391771,4781500,78930000,11059000,573853.281859391,377450000,1854000,5386500,248015.708710213,6489500,168234.841379469,204188.446503846,627490,14140000,145360000,222206.98613252,10479000
CP_19_imputed_intensity,1,463326.437767665,727080000,3712100000,146720000,384497.546755526,8950999.99999999,100870000,172220000,1.0602e+11,123736.725917727,635697.246232691,769416.201039039,234116.155735505,1863900,352609.718593518,31863000,8047800000,4.153e+09,1137500000,591080000,399850000,3720600000,168436.811256409,106130000,505290000,846810000,59536000,494090000,382931.031869488,492346.322116686,50406000,1.19e+08,438016.707407786,29170000,14288000,396484.767489038,673278.491176192,172890000,162070000,47486000,22070000,157440000,13923000,5199900000.00001,154250000,788229999.999999,588400000,88087000,206330000,65686999.9999999,67354000,52563000,50477000,42335000,111380000,541917.790400387,693220.98744719,426247.212290649,101456.104956657,318409.137849933,70337.0406925283,280486.178409409,29157000,3200300,4974099.99999999,725877.741494096,331067.222284815,663766.7326299,229380.369477275,9729600,553940000,29665000,750730000,66618000.0000001,6527700.00000001,335608.782160915,105860000,72800000,752400000,6686300,348669.082094784,3522300,9053599.99999999,331024.316466279,1170500000,43035000,17205000,301324.517828929,2440000,13071000,849798.086616657,370775.198925231,15115000,322695.322870685,365648.447795412,2550000,496451.417633623,619307.51636739,267446.783119569,3916700,639732.470515084,69524000,13182000,190910000,234288.39562568,22524000,1665400,4636400,6907500,46921000,2350800,32977000,3.89e+09,1834500000,12763000,114190000,2763800,280677.0668757,79829.5685103716,285551.865844471,425215.366106351,38531000,483527.853601354,30106000,6164500,330350000,33490000,708410000.000001,360470000,243193.206500986,34427000,160490.348396792,5525600000,635647.654418862,10522000,22075000,261176.967882393,526551.279794116,29726000,6774599.99999999,9153400,4689500000.00001,6917900,34734000,292881.617386059,253434.699609743,1165600000,66886999.9999999,13593000,218310000,547280000,689470000,141316.632948303,40554000,1752800,237565.29757728,1753600,1143901.50734036,4713000,910350000.000001,1660700000,190120000,528728.904440238,1242700000,1662425.16531545,32480000,27192000,262350.454415285,15365000,172990000,2007100,6442000,151640000,19095000,50960999.9999999,6902600.00000001,472492.256564665,4537700,4661400,443655.658769341,1471206.76872237,13915000,124479.838719604,16144000,461266.164904475,3397600,20433000,1626600,1761200,170993.87020645,1723400000,654520000,443769.532295978,340350000,138050000,42359000,214857.310703896,700213.162074283,6072699.99999999,857529.028955495,1286800000,81520.8864788987,3557600,17751000,10206000,1300753.90419836,155730000,272632.232306683,80504000,44131000,622474.854323347,255520.304429896,493820000,18898000,661290.60749959,9107200,556030,75930000.0000001,55968000,6701900,9127700.00000001,28562000,81939999.9999999,315393.037694498,404566.326124759,6892600.00000001,293765.562018435,6330500,3327400,3565400,4996400,5911400,431738.658645965,6185100,13052000,124940000,551804.832619807,246794.449196259,756189.10947015,876685.951359189,528446.981692644,812781.657260926,739105.969643766,849783.995030505,110853.850917272,52206000,7841500000,15580000,478396.179219162,642280000.000001,81196000,9923700.00000001,51985000,38250000,36220000,79592000,176110000,26598000,336707.319750484,434842.015666787,756723.235929958,170002.504377938,48698999.9999999,181785.172498975,15177000,476124.282646906,55964000.0000001,17398000,30884000,416657.523154212,345230000,4837800,1104700,370223.128647972,5096900.00000001,727730,9508200,4421900,161282.260425363,54705000,115720.96806638,12007000
CP_20_imputed_intensity,1,25405000,643869999.999999,4112400000,126070000,274125.859909017,5570699.99999999,99936999.9999999,148480000,79018000000.0001,213434.324945631,358223.891839798,1620617.9109968,1229400,1620000,561545.248421173,13977000,2978600000,2023900000,66259000,1086900000,326670000,584649999.999999,232512.707107211,312540000,240500000,2.091e+09,38535000,213750000,393472.259112608,356459.50001261,47658000,69753000,4804700,19267000,8711900.00000001,300798.638773866,492977.66034316,149070000,182760000,53167000,16363000,200510000,10514000,8999800000.00001,78457999.9999999,479990000,596490000,69557000,176700000,65433000,63751999.9999999,42333000,39911000,34465000,112040000,561493.434150167,4744400,498119.566537333,963909.999999999,368774.83070662,319614.471855079,350992.122951232,31665000,16978000,2189600,489266.876898736,307418.465942833,178125.797352312,1645800,1700800,599210000.000001,18122000,823150000,65213000,8722000,229911.543945083,106090000,43713000,648740000,6246200,165741.979878869,290095.120336316,22871000,408791.271855687,999050000.000001,46585000,43948000,31876000,2848700,7536300,329921.583858787,222017.204695017,18603000,194235.624926855,188813.983291717,5779400,284994.697077323,352210.615856935,876440.926780951,11377000,239542.152619132,44512000,11393000,245180000,827609.999999999,48679999.9999999,1640400,1923600,11096000,51256999.9999999,6292800,19975000,4851800000,2577900000,24390000,175390000,7835100,4991700,258110.465623426,532660.633478961,274445.957123619,29524000,468561.632560711,33947000,657138.635204714,215550000,34341000,164580000,103050000,431951.264985624,57109000,436613.387802947,2285100000,256143.390771407,10445000,11981000,6321000,805623.700215274,7284800,10030000,16371000,7971500000,17872000,31909000,10461000,1636600,1103400000,121080000,14493000,175130000,128281.469561528,658139999.999999,10359000,738240000.000001,1144674.97642591,175039.542036383,1359600,388214.394414134,3478800,1250700000,2390400000,604920000.000001,181475.434468462,1304600000,183203.681164036,42307000,6112900,116489.780457075,35382000,199660000,165270,1316000,1.76e+08,22279000,50435000.0000001,10692000,127494.14788966,618126.375149741,5840100.00000001,3220000,607445.73503081,10591000,427820.665853233,13164000,427674.048941269,1807100,37450000,2319100,1511400,764303.208577495,734700000.000001,423260000,10521000,331610000,131070000,661530.051537086,101384.980546564,4382400,15728000,124670000,2302800000,610891.627729654,127602.060574385,12211000,11305000,382953.309303503,162490000,307234.630421466,49095000,47061000.0000001,359413.962113011,525205.189075223,361110000,20299000,1570500,13107000,2681700,46799000,40546000,2930200,1825600,35301000,138350000,515220.995081726,171959.169550911,7582799.99999999,249275.918252653,4898200,2070800,3985500,848920,7208200,325332.170509279,273714.894345741,10246000,64702999.9999999,175256.710349528,199156.658227046,158620.713742964,886815.278986677,321007.779129805,17231000,554638.492347787,487422.584793224,204710.839316688,25011000,7423499999.99999,14308000,1415769.02196308,652550000,88305999.9999999,4924800.00000001,59304999.9999999,50036000.0000001,21348000,56085000,123350000,46309000,573189.925329799,869187.802183769,199818.373330852,568118.441273459,21693000,634083.378984465,53681000,132345.595948571,79637000.0000001,23559000,53876999.9999999,368304.47960943,236660000,4513900,6054400,221693.917583203,5447100,2123700,7415000,4327500,246897.479648477,232260000,333766.542432519,16623000
CP_21_imputed_intensity,1,1136206.84170369,405160000,2484100000,6144800,551031.597247505,4985800,123150000,159180000,1.0156e+11,224420.93856427,705091.392996814,416574.853598852,587360,113614.288799659,104768.208298146,17237000,7611500000,4392800000.00001,545859999.999999,807499999.999999,430590000,1739900000,417029.140205986,308600000,3.04e+08,798819999.999999,84842000,338440000,1069096.63042581,374868.307792321,59165000,90093999.9999999,114482.395209446,18608000,17341000,413070.76212666,416780.763524649,149270000,145590000,66487999.9999999,16651000,187940000,11478000,7338600000,62618000,934739999.999999,709320000,121100000,154220000,60049000,64164000,46343000,36953000,29950000,56796000.0000001,5945600,450332.040699469,657649.933230691,343708.736240823,1006585.27331495,252181.852093819,169155.924830289,23040000,284539.489420725,143091.425373538,641159.411814443,267582.757953639,885745.110286528,612927.065299416,3369300,583310000.000001,21884000,807880000,76197000,21163000,236914.508571993,130300000,67901000,610410000,38521000,1441651.18929295,490247.354523032,20089000,146982.958134257,812290000,50069000,8974900,202180.101293801,2908300,8340300.00000001,567971.353425099,1382752.40543329,3806900,346516.629299697,869613.913358798,1562400,151428.946121434,196573.274307089,269730.783555013,10249000,980634.06261594,76281000,6639499.99999999,151190000,251134.184855348,23129000,3562600,1138100,5498100,35729000,457218.861128365,15091000,4732500000,1303900000,23759000,294990000,347453.97793341,366782.575640393,1341849.65217204,1612922.69305583,142204.941760471,28152000,781701.122920531,29370000,5473200,274610000,28436000,1823300000,781560000.000001,22234000,41955000,719925.989501411,1938500000,215394.848769805,8205399.99999999,198501.766015202,429249.342706373,201606.432002757,27903000,1404200,12972000,5465900000.00001,9493799.99999999,21656000,10804000,769550,1388600000,73650000,27353000,281580000,1005400000,864880000,770883.871538028,324330000,1624300,55095.1857611686,635046.663909945,173420.596920916,5081599.99999999,826650000,1661100000,95347000.0000001,1451150.46331625,992770000,206594.996493173,20464000,27378000,280157.751388292,371730000,83578999.9999999,3314200,832231.105932159,129690000,13324000,52703000,13880000,946254.633038805,295256.894688356,2293000,130099.376298457,573826.34400901,9655800,349754.790259866,326100,624274.609249526,3557500,14480000,315557.595848272,1805600,170357.562556553,1120300000,562980000,13228000,436860000,194980000,35946000,711753.639208911,6098500,20477000,265040.015080182,2564700000,279176.159577829,184611.452613699,13124000,687106.401569487,93481.2631870719,702554.682001473,1644962.28262933,57509000.0000001,3882200,237569.065216395,420730.897195264,549440000.000001,1.7e+07,918790.000000001,8434500,141450,106940000,8717300,418224.5609643,10690000,26460000,137550000,261766.258326716,356977.816589097,2192900,249000.659840957,6931100,1191500,254755.285581309,24645000,3389800,111313.825406652,1061088.69381314,692494.626910455,114490000,34014.5058950606,281173.890567998,55310.9130608737,1571400,65215.5911751195,16189000,48680.6541999694,191805.914556032,290384.799202123,53956000,3928700000,18853000,521165.010883799,491399999.999999,57498000,7972099.99999999,37535000,20656000,19103000,71351000,185460000,6306900,639005.118981316,717109.192236788,708158.370016926,653256.091970361,616415.974312114,394813.038655372,14141000,357885.010996534,1101400,7883300.00000001,178921.191782015,231614.239745317,289370000,422960.150749463,975491.850044971,230499.86281517,620789.82599389,403365.316860936,506599.545383656,39442.4570486801,371231.435532031,92064000,277277.787884568,2639800
CP_22_imputed_intensity,1,89724000.0000001,568490000,2056900000,7454400,187109.572375055,6012900,76721000,100950000,77622999999.9998,2740500,298889.588902238,528142.832110272,620887.10844487,52209.2043305705,278859.120591761,12058000,4224400000,662110000,853739999.999999,286290000,339920000,2.686e+09,356264.944318176,93092000,261180000,409980000,39447000,149230000,578060.616584477,863128.296621958,31605000,105520000,335242.417836243,16216000,14936000,334515.906901349,837564.288558486,104720000,109340000,63956000,8603100.00000001,253100000,8410600,5123099999.99999,158580000,1688900000,1.188e+09,136960000,135370000,47434000.0000001,57814999.9999999,39217000,29905000,33541000,105610000,999988.391424987,230754.968060259,552754.818525315,127102.605188244,154957.700777781,777017.254326863,372155.293241174,32920000,4418100,2842700,100030.045837509,340567.090788213,252292.957866091,897290,6773299.99999999,393750000,30995000,647340000,62846999.9999999,19285000,495993.367347905,117720000,57809000.0000001,829699999.999999,3494500,280474.407022327,231180.227682566,27995000,3357500,914080000,36747000,17291000,15416000,1911200,5001200,200573.313386779,546601.223346817,4596100,448052.6481083,294117.40632818,1071000,129666.868699915,1263176.85785745,245686.448983741,16056000,454086.616165751,16444000,6063400.00000001,257860000,371110,54431000,6752700,12099000,7609800,27621000,379320.940534205,29733000,7647199999.99998,3872800000,31225000,262390000,5855399.99999999,96251.5262286524,184181.419937465,126517.391544287,156410.136292105,19618000,180189.265405473,60938000,2186700,166790000,29524000,1207900000,1034700000,11033000,36556000,223911.094836033,4623499999.99999,576266.839785535,16276000,471252.448734818,1092735.83908728,6684600.00000001,10484000,9001200,8568500,6847199999.99999,5235200,21691.2102633988,354470000,260027.424097807,828050000,33063000,78196.6964694107,115940000,917405.730815734,489710000,57904.838992638,253490000,837760,228494.226497614,402676.002907499,254387.616450752,507566.943908242,1490200000,2356900000,623240000.000001,7296200,853640000,393324.202432359,35440000,11035000,276834.902339998,22363000,216050000,11501000,6696600,362570000,21439000,56333000,11438000,320654.141218464,586849.341011075,395808.675333869,509136.315999261,656276.989409129,4983100,126481.002131421,452012.765909106,40867.5215271619,248994.172182105,63020000,1455800,2465000,1630042.19323099,2865100000,853670000,9163000,628960000,138710000,18305000,211745.892258503,740229.999999999,748293.287343378,154514.235093857,2143800000,356159.150281128,483172.564142915,18656000,155107.647161665,436409.065029943,126250000,336162.996861224,98466000,6546400,555978.369822696,279974.671618981,334470000,37534000,257780.454435169,8437400,523130,82128999.9999999,55125000,697753.395195766,9096200,9041400,189060000,2774900,172207.211048893,4096300,1531152.91620928,6665900,1686900,800404.614190544,17772000,4551500,348245.560139061,224180.029062809,9189500,152490000,297614.082011953,238779.495685663,202018.48246229,247280.764757507,150466.149829631,19725000,126579.105246731,356291.028556744,185843.452123719,33493000,7658000000.00001,13690000,431210.627691385,693259999.999999,36427000,4183200,27883000,20256000,38457000,68256000,99688000,18697000,124995.818470862,190318.9752314,241685.654356984,79894.5893493145,164574.651957041,957220,21098000,332395.117172217,1053000,47870000,1002024.14515699,197139.689860448,343090000,539447.6526997,107758.784379077,108874.712642153,5231100.00000001,1393400,292912.803786855,598040,113461.451468071,143190000,406820.300849709,282996.370690039
CP_23_imputed_intensity,1,14573000,459650000,3633200000,5248500,111434.972269532,14247000,88707000,99708000,89674999999.9999,949097.081179634,149929.586410057,318273.060295934,1487700,2451000,88239.9580941936,34891000,4797800000.00001,1424500000,388040000,561330000,188370000,512720000,250025.341819694,257270000,331970000,1366400000,57720000,194190000,371971.843020027,563138.580643374,51972000,91949000.0000001,437507.321348787,706740.765673501,9400300.00000001,224703.783242612,493160.706917612,122370000,158800000,56972000,14891000,246980000,12125000,6572600000.00002,173350000,1344300000,976109999.999999,137680000,135460000,51664000,58495000,45591000,31621000,42721000,84685000,437900.410625241,788614.551117899,547921.500011018,2767800,148332.481900641,2734086.21742706,582292.079427711,15489000,4019800,3332400,393846.717135231,739936.738923065,238606.65106596,6270100,4967800,410300000,32112000,768549999.999999,65527000,13187000,269599.373134372,105380000,72391000.0000001,932840000,13351000,190925.973008583,252139.299834265,36420000,98267.5192746179,777589999.999999,36816000,15921000,127524.930719865,1561600,15234000,261715.535324552,509605.362634643,160751.246603593,295411.014074977,692209.389298344,711739.999999999,123527.870710794,195477.732914535,79896.5064043771,11021000,377821.787744125,12248000,7000499.99999999,195250000,629739.442424085,25446000,5149400.00000001,10501000,4746200,19719000,401494.392897784,12385000,5858600000,2256100000,37033000,320990000,3222900,239927.118530522,5098800,159233.564179201,199757.620086511,30692000,828728.597936339,26985000,374166.598916153,261680000,26544000,1170800000,605680000,13479000,48071000,363395.848803289,4592600000.00001,326063.340605136,12719000,98970.5771276384,112479.783047466,1280656.3864875,9762200,3877700,590652.695062242,4870900000.00001,12278000,21802000,103350000,1015400,723580000,415471.581557579,18970000,611860000,697850000,1188700000,68673.0028967894,381780000,1344400,609622.500201218,109373.872799757,69671.8854162636,1904100,1037300000,2094400000,207540000,275852.872894265,858800000,218800.379489627,32892000,13994000,542648.50450565,39257000,84200000.0000001,7315100,451030,391750000,11518000,47821000,7163200,385341.700799846,291502.490684707,445527.875215246,1553082.61230701,632571.347129278,7192100,283774.67571202,534057.262479234,174547.183427659,1682900,24686000,2625700,4230400,670558.88852678,1.092e+09,523820000,11269000,511950000,175134.305399034,20102000,500111.145959656,5624200,273102.163860459,88897000.0000001,3046900000,318604.755416954,142523.908055993,16247000,409027.931421888,164759.456424706,222402.109857419,622589.031119947,68749000,28460000,543206.136453583,620392.705736455,412710000,10621000,772169.999999999,7517900,974600.000000001,139570000,8713200,408371.082495499,2957500,21201000,192320000,209580.352657634,158241.91720026,4152400,709896.438296854,261301.925741582,2361300,285270.088583619,486633.166926732,7261600,427392.749853563,306880.188665861,12601000,89319999.9999999,443783.712715454,139574.414342513,383083.851781085,841200.061810549,174246.809560124,177621.191100552,307142.044967814,279306.111399873,318624.265574651,49271000.0000001,4577199999.99999,9680299.99999999,587623.814769271,424930000,54979000,3888800,48631000,22467000,36845000,60606000,95858000,20528000,72816.2020051333,348272.822403386,149997.63119194,185892.50738203,199456.032446889,539597.735478059,14822000,299075.491318052,338799.237578207,1838200,616873.731188006,24347.434781658,4.39e+08,188161.214769069,601186.461751895,2305434.73046829,6185699.99999999,1162100,243052.767935302,295060,238331.499500306,114700000,464348.955112025,1420287.00578937
CP_24_imputed_intensity,1,5174800,408540000,2731300000,4293300,44701.5585656077,5872900,116380000,159250000,70441000000.0002,225429.946933438,642249.892372743,135119.730259055,1871600,327343.964537208,194315.308728875,17628000,8579200000.00001,1995400000,450940000,684940000,428260000,5641999999.99999,57909.5416071242,237710000,227280000,1772500000,36483000,299690000,295323.387222694,720220.879554123,46231000,118340000,108519.45968617,13423000,6772200,66101.6482560417,260890.859469123,126940000,141490000,68685999.9999999,18699000,199440000,9190900.00000001,5740400000.00001,181680000,1157200000,810769999.999999,131410000,204600000,52410000.0000001,53538000.0000001,38116000,25123000,22914000,83286000,2897900,2123372.80465183,66465.5831975101,1709273.46857725,280776.096215632,150851.589142118,1176638.69363386,23494000,106515.754265935,4327100,558278.118063755,418467.896003723,437234.082184888,592932.586137393,4130700,388450000,41420000,646390000,91116000,33134000,2129600,114600000,55424000,597990000,16530000,464637.202250622,407013.413944927,15500000,797507.894716727,725179999.999999,67395000,16169000,5554200,2023000,5337600.00000001,616507.95525684,177512.746487067,10323000,40719.3020432584,338578.780542006,3290700,492915.344714372,333746.866285085,533210,12043000,1040135.12861813,49420999.9999999,7041300,420760000,373090,31596000,4709800,6525900,6115299.99999999,33641000,170622.782994202,14247000,5796299999.99999,3.193e+09,118676.151993818,408120000,2420800,608857.534413228,116580.689341368,118424.425604659,388296.512978099,34088000,310910.910900992,32005000,339808.727739514,270810000,60870000,1337500000,666980000,11735000,39136000,285728.050921896,1889700000,64379.9675885464,7734500,259483.185505861,385876.214499195,3849200,22693000,5762700,330504.514930675,5041300000,581724.438269458,15378000,78742.1859701572,327900,766930000,159503.845868299,17549000,11600000,21833000,1266200000,21837000,402940000,291175.73965609,692757.65818311,271085.264594946,292899.27215669,3008300,1442100000,2284500000,496820000,545804.421929226,1065600000,348762.110213378,22618000,30131000,182600.520215697,19703000,102870000,9944999.99999999,364914.956328535,150550000,9521600,57423000.0000001,13007000,816423.432378646,535831.468701237,203110.08759458,498073.883179241,222840.319283251,6886100,231309.114813441,324228.70250205,489488.162092586,188666.884809827,33635000,571912.83421535,2793100,136363.579574489,1253600000,411370000,856925.249303991,273060000,576584.673052121,27047000,461307.460588217,2788600,11817000,385490.036816937,5463700000,386237.28533075,1138600,11498000,206785.240382092,158776.762200821,51742000,205195.695267164,51651000,12434000,462572.002292545,211353.345109672,509590000.000001,15025000,1230700,6755300.00000001,1209600,74585999.9999999,19188000,126290.26352174,9522700.00000001,45535000,177790000,167167.451489587,176790.771242632,3089000,497983.722504167,5670500,2101600,3221900,2665100,4572400,153805.067757477,369667.254098203,7960200,178840000,196905.067021789,437697.536136228,758501.295135034,979350.921891379,206882.895598857,4209500,180644.316610619,419246.122088312,225264.724410476,32429000,6285899999.99999,25989000,283847.111241936,585150000,74966000.0000001,8206900.00000001,31761000,31551000,35270000,94365000,105100000,31440000,106273.776309503,180997.101158814,85446.9840066394,73473.5548279361,731352.19345057,1870810.14954384,7985200.00000001,995915.561119494,1141546.51913624,11918000,2635400,197410.206992611,854080000.000001,170687.234636605,448319.0742513,218889.263422398,3541500,55608.2899420041,541352.824731095,193580,225429.818297776,182750000,452259.602447316,1145000
CP_25_imputed_intensity,1,16982000,412650000,2529800000,4480600,144749.944082834,9796800,88001000.0000001,1.63e+08,87730999999.9999,152538.345625545,804504.557819229,167476.256920858,1643600,970300,374036.407132449,6114900.00000001,7331399999.99999,3564300000,662770000,728610000.000001,284920000,4333900000.00001,535497.564164948,234080000,423660000,1281800000,76701999.9999999,295830000,184928.434554935,135248.879798439,47280000,104490000,135572.386149846,2598924.90819922,11350000,212573.093410551,98356.0534542458,118710000,167640000,61006000,13790000,217650000,9181900.00000001,5.699e+09,39014000,1617400000,965120000,130510000,144520000,73288000.0000001,46087000,42564000,30403000,37297000,88521000,4147100,536322.369328866,257919.102187243,334981.024361796,2104262.72032098,472524.606389517,412220.593450212,27314000,4266600,412090.565211264,299076.863824157,236643.111715344,313496.331177123,731664.614315789,6535900,389940000,32138000,700020000,106930000,55363000,2375800,113940000,63570000,761900000.000001,26263000,437900.656106374,290339.894795887,16684000,823880,808820000.000001,30206000,4483800,34651000,2156900,5801399.99999999,527775.472179444,336840.109478481,227364.708500923,300765.913753423,378981.569806074,1946900,234286.2495494,440791.90950985,1291998.58048292,9889699.99999999,957815.22820437,28924000,8247500.00000001,255370000,901620,25386000,6508400,5928700,6800900,38779000,103408.032479405,24842000,5936999999.99999,2996300000,25073000,267520000,1075000,260797.252774152,3564600,535955.906179558,159854.188880288,37769000,230249.175860726,32547000,5061000,239910000,49861000,2278600000,1000700000,23641000,53006000,102676.965005466,3464400000,899660.889899921,7582900,99180.9106683567,792224.257249459,1741306.53433521,19356000,3263700,395835.382768215,6046899999.99999,4109800,29812000,18321000,651690,871990000,38614000,12022000,203650000,899580000.000001,909489999.999999,154360.515420805,357150000,122728.681889414,699531.839352232,447376.989983669,204791.173044624,2787200,1303200000,2149500000,261860000,373119.3578706,1083800000,166964.288199813,26115000,20505000,332351.219080497,110240000,125380000,7122900,203351.474863965,186880000,17213000,53226000,12413000,143274.085883309,198838.009152694,306157.647505428,178462.84414683,362426.624015626,9033600,331160.623189627,750883.94409003,136480.971935325,5491700.00000001,23959000,1641000,3238600,120976.845029806,1751300000,842350000,12901000,372610000,292154.449074705,68778000,223677.147765145,823940.108067859,234286.153659157,76434000,3558900000,454019.477200919,176765.633062859,21110000,2926400,108284.522108813,335723.060178236,1298901.39641491,19189000,27388000,211188.958909652,340853.881717609,445040000,12577000,885250,5990000,1140700,104850000,10157000,2384719.74749817,29021000,30049000,131540000,389854.967574474,698152.943355779,446709.391864915,502171.524527917,7469900.00000001,2111000,2065883.8754154,3239500,6452000.00000001,328246.077122278,465399.959445438,12755000,158070000,369906.903139243,402892.877921854,79624.3261974726,344900.028056036,541856.525325085,40972000,137494.155111615,339857.30581141,843615.405718251,31124000,4665200000,13867000,318395.57744348,492810000,58812000.0000001,10253000,51526000,37018000,23990000,65859000,98861000,12543000,214521.391180029,355461.279929693,676905.070664147,444969.513895913,446662.203837766,161944.294385758,19465000,182463.417220912,3944100,33953000,352117.554741098,315260.040827623,411160000,255466.702524834,320046.008791913,155796.137340031,4547100,33902.3335686612,519841.864811585,993539.578273283,327582.622111223,160090000,451324.456208111,582132.041034969
CP_26_imputed_intensity,1,82166000.0000001,528590000,3.581e+09,14569000,1060844.55355038,5900399.99999999,137520000,134400000,72793999999.9999,4242200,855974.54874585,447942.367264461,310470,517790,105030.090966191,7133900,6.654e+09,2901200000,636330000,510800000,483520000,3839100000,331798.527759473,130730000,271110000,1360100000,40899000,270910000,226479.039335363,306150.128095515,47511000,96505000.0000001,697692.135535774,176119.491321421,9067100.00000001,800850.390587653,321628.969633437,155560000,128860000,58347999.9999999,12906000,141010000,9554400.00000001,6690700000.00001,380080000,1775200000,492860000,72025000,1.72e+08,64475000,43688000,42828000,24428000,26915000,41013000,538529.014950921,796150.174441188,264387.679647434,2631800,209142.040873603,585363.213715069,102697.271060412,25188000,5732400,3002600,126325.237666121,322061.718450732,366408.9458266,114555.261821151,6105000.00000001,444110000,33734000,726240000.000001,80982000.0000001,11088000,157697.600877481,79948000.0000001,47490000,633870000,9528400.00000001,678050.206948812,899035.390841168,35566000,418839.093723292,762679999.999999,37398000,13372000,171828.907962771,2848000,6189800,82606.4309017054,220520.071265625,7515200.00000001,523026.376773152,211100.602568938,1765600,528398.86196851,233389.779095671,131554.798140636,12538000,200407.515712098,42001000,4836700,176410000,1100600,25120000,3409700,1809000,9931800,22469000,577615.586140731,13149000,6303800000.00001,4514500000,35584000,317290000,8364500.00000001,603122.484467649,1019079.41810179,1069116.21817936,345974.059850429,27301000,874891.58405309,15618000,825001.921340596,261100000,57046000,565810000,279380000,144076.453119122,67424000,423323.611097452,2730200000,158065.198516246,9381400,977515.552972596,3667800,5477799.99999999,20818000,6815799.99999999,19139000,7157200000,4944199.99999999,23958000,76479000,600631.09892335,875810000,57246000,26835000,185100000,1081800000,385650000,11793000,414010000,1485600,276216.271426291,183933.347391621,351637.636884689,134632.127394007,1577700000,2405500000,308260000,124942.229852341,1002800000,208737.864585893,44380000,18104000,1240640.66306353,13427000,108690000,2049300,635220,206740000,14871000,50300999.9999999,8328800,4017400,369630.233635037,163730.52308003,554783.087712274,194291.534144103,21185000,410433.141477066,720063.575015544,109628.364985896,5519999.99999999,34976000,229397.709276474,1604100,236888.375994405,969299999.999999,323960000,305437.138940185,406880000,480345.368657318,45633999.9999999,478696.737074603,286626.474578519,12455000,116460.41239718,2369300000,309536.299207323,247048.726973278,8767699.99999999,391383.183122053,233734.239910873,87328000,574818.80177301,70592000.0000001,32632000,171489.39696622,448691.063043886,527720000,22581000,1690900,11365000,1572500,44974000,24709000,607939.8880884,4996500,21131000,112070000,2751500,292248.942494047,104004.469321976,223369.796342425,6490000.00000001,3161600,2718300,1269200,8992900,127286.51584359,236983.781428102,15212000,131110000,143201.390194456,171815.10501763,167233.573531812,378956.356458998,313356.558351205,265160.12188636,137931.133571763,1629133.92372929,234793.451431625,21254000,5362299999.99999,17424000,230099.790813882,440640000,66372000,5423700,43179000,26343000,32251000,82265000,143540000,39437000,233553.55350601,358609.642129424,569664.995058381,943771.483707256,110485.654163515,316918.54121407,22820000,1572787.02897803,131521.465460998,43014000,223260,119856.559473461,489120000,165404.883883739,223585.00498312,86661.0934985702,5129200,791060.255423955,246958.580413226,114950,396413.342167343,298890000,293456.086300951,360727.193074789
CP_27_imputed_intensity,1,81637999.9999999,493370000,2730100000,17460000,1611073.02983423,10633000,84895000.0000001,87065000.0000001,74389999999.9999,512438.441209014,418458.992272534,332130.090126883,305172.997215633,523040.956941697,1044545.58059642,21066000,8062699999.99999,2640100000,582069999.999999,551020000,299290000,2.667e+09,354419.370718967,215660000,329230000,1420400000,45505000,257830000,468086.706741856,215754.789492299,44191000,84044999.9999999,617941.83668671,613988.550567271,6211100,300461.461124836,492867.84691846,105050000,94134000,45480000,13120000,149670000,7819100,6155200000,143870000,1395600000,653350000,102130000,151190000,48933000,97469999.9999999,30340000,30941000,22580000,74664000,804953.826427298,215765.93783253,341240.177384358,1722200,480645.569356351,262497.492128362,643585.282836262,19669000,183549.112737718,8313100,222267.903785198,260063.2241676,785589.926710253,304069.488228732,10306000,343360000,75172000,795659999.999999,96695999.9999999,5930500,984168.4236381,88363999.9999999,75150999.9999999,713680000,8503399.99999999,184014.247368869,649793.769140122,17530000,868186.232795634,737779999.999999,33293000,46693000,752286.194414441,2160900,6930700,407473.205187388,133548.254023102,5489000,220753.067134613,466217.322003607,13323000,444723.379648021,242870.208436887,552795.964877671,13079000,774528.640181757,23381000,7343300.00000001,208830000,1108500,32016000,5907300.00000001,2045500,5113300,33950000,809655.890525098,14286000,7144900000,5975000000.00001,43156000,294430000,6331500,654693.365788975,5776999.99999999,727235.84047204,462017.949853379,38453000,390224.402643026,21927000,259245.932891117,295140000,35884000,226930000,90610000.0000001,1104665.00177647,3.4e+07,172478.557584336,2594700000,150339.745775646,11246000,1084777.14718581,437423.205807128,422503.484686931,13256000,10045000,10566000,6789900000.00001,13966000,725714.096619203,238110000,247524.886664524,851930000.000001,93378999.9999999,26494000,68287000.0000001,1102100000,463040000,505313.1937551,610770000.000001,374999.732374743,220860.704785467,405514.176183795,634044.979910026,2333700,1348400000,2559300000,303430000,493707.175431839,938249999.999999,615541.563474294,34376000,19294000,296386.771631703,239850000,123190000,1086300,1138256.98314914,301090000,19352000,40689000,2819600,178798.110382325,661939.956737329,4939800,379845.546370672,1773335.63910585,10394000,292596.26864571,1760800,622682.675738133,3322100,38809000,1756000,3314100,362141.524325625,1081100000,379150000,8336300.00000001,482830000,433793.092321673,80809000.0000001,367738.300247117,9262600.00000001,9062400.00000001,279325.472601386,6192099999.99999,1174911.72952434,448662.693743959,9999999.99999999,167099.755315609,184625.257522622,87832000,563169.62455808,49071000,13766000,894933.992425923,603020.469802392,364730000,37560000,2035300,9217199.99999999,2412000,67367999.9999999,17731000,3921381.04509137,1848400,18455000,87119000,1247298.20630041,465246.049416168,4071400,590347.39661731,7977200,2342300,342262.122632587,2998400,8783200,266409.706507928,1153466.94482698,18781000,95560999.9999999,3861100,401920.162553336,739931.041718786,640961.562218392,656301.801289556,29553000,373988.793715272,1856547.51465227,352458.345766406,39171000,4635800000,12041000,425336.830326718,425980000.000001,68575000,3976900,35652000,21289000,21371000,51398000.0000001,114290000,34686000,627606.051140207,3301600,424370.386467275,718554.466875775,626427.379010708,338568.128904445,8966499.99999999,368872.455743798,642870,239440000,3730200,248407.110522796,282480000,774807.255980893,735230.689496724,408014.449148896,5035000,1210700,2995500,306690,434408.333045304,237340000,365032.479180297,726361.143237218
CP_28_imputed_intensity,1,15792000,628340000,3969500000,20247000,301453.312896701,7828800.00000001,96986000,192460000,99374999999.9998,939015.553062524,319932.058809231,313376.074277957,279233.095339043,967839.999999999,885836.346595235,50317000,6626200000,2751800000,200790000,573650000.000001,194590000,441690000,62757.9545632561,61511000,522220000,1003800000,67960000,316290000,187642.044214201,1158498.09513686,52382000,172940000,387106.902043319,24203000,4702600,594045.744267659,244552.595772429,152550000,183670000,50808000,13051000,122890000,18295000,4199299999.99999,114950000,1.519e+09,629850000,95571000,157950000,55304000.0000001,74790999.9999999,38154000,32649000,33810000,80446000,431003.698169422,317870.288740285,199123.555333794,753102.600742197,110091.898207242,423451.760191987,1233808.90016758,24062000,175342.470682698,2727500,1750709.5800755,1263449.12433838,228924.565676569,832379.999999999,11043000,343690000,38517000,603750000.000001,100600000,26537000,299817.449336473,94640999.9999999,43629000,927890000,9525299.99999999,449860.567892437,716338.181777855,16049000,802300.625072581,912400000,50173000.0000001,17980000,598685.178469453,2799400,12388000,689678.125475768,413831.593878958,4445200,1740563.52283255,591400.204410967,384620,211218.673810297,701948.105570708,936923.945000663,11833000,714150.649380811,23622000,10902000,192090000,759250.000000001,14506000,3318100,1422600,2020500,28594000,124286.389638175,12618000,5633599999.99999,3555700000,48844000,298310000,6489300.00000001,807157.240626641,4777700,330733.371203945,254913.617125041,14116000,203264.817562219,43045000,6776800.00000001,220770000,38445000,184670000,88991000,763549.083021631,43071000,303347.48411241,4308500000.00001,1940215.97223283,11795000,312656.519230788,118108.20741123,7077800,15723000,24485000,564711.082627413,4802300000,9338800,13942000,46575000,278733.159307641,957540000.000001,105070000,21441000,272170000,614540.838477103,504240000,252924.519969396,278280000,1570800,696273.025796929,320892.257255892,153421.584958584,9910300,988230000,1928400000,263200000,249647.126475716,1154400000,306603.967799731,30489000,16123000,132325.480220748,102900000,130930000,3451500,1131700,238490000,20107000,57782000,9502400,449671.003300069,941186.487877142,2655000,761460.445357465,430953.493120582,10392000,298737.705590114,352870.876462874,470774.849787696,3431800,30817000,306553.293164603,1374800,493018.558582179,3540800000,755920000,31418000,396620000,135760000,52195000,334417.838832138,8996599.99999999,12615000,267941.160040685,4149800000,660768.044693635,1585574.28368419,723039.649075693,333870.159942969,162524.269017671,92689000,344827.489524551,63296000,3727100,251522.774572452,401455.473575478,434780000,24569000,146735.18381393,9018499.99999999,988490.000000001,66733000,55675000,699816.83533165,2720600,16665000,80924000,2186600,378552.598466999,4389200,2250582.41648183,6066200,3685300,7386099.99999999,692544.460324954,9261199.99999999,362068.809955556,2430357.27007827,18158000,128240000,2403648.12774295,308154.887484144,417916.40598501,221348.670621625,1780736.17252405,175719.180115983,1340771.91322601,113450.538794373,944622.041727838,1.09e+08,5896300000,12071000,417861.113491257,716220000,71533999.9999999,7574199.99999999,55263999.9999999,53124999.9999999,43759999.9999999,58638999.9999999,181870000,35877000,763697.257644139,250081.00674742,758950.567189313,562855.439196115,349624.883167812,354965.658737628,17113000,187454.974270813,306760,21235000,2386300,116934.745303527,429960000,184419.668312046,635849.536137337,1013587.40243107,5059900,2529800,3136000,1281271.03000536,358288.242522407,166150000,96958.892503361,544905.281311074
CP_29_imputed_intensity,1,15706000,481070000,4343900000,12596000,191007.322804248,7812299.99999999,84804999.9999999,175250000,1.0171e+11,9500600,799933.089565627,4613891.87083487,2363100,266850.106837909,99963.041952509,22709000,4037300000,2458700000,74160999.9999999,608080000,623559999.999999,1772500000,563664.407212717,48588000,505790000.000001,1254700000,36197000,261280000,401126.845787106,252057.828825165,33888000,129300000,379918.874591136,19874000,11583000,750862.448297754,176066.545748938,95631000,111130000,35448000,15066000,98934000,7504800,4303300000,233130000,1249200000,759170000,78334000.0000001,150510000,76774000,66886999.9999999,32074000,26472000,27015000,98060000,278775.193959897,1060933.67782059,972820.829949539,2736800,278091.766265809,348958.251458355,498802.849996527,18915000,8888900,2904000,542467.014720464,494794.546268576,377949.798242431,537316.494160132,13795000,335080000,58326000,491409999.999999,82016999.9999999,17808000,1041148.06118788,75907000,67131000.0000001,1133400000,9024299.99999999,256324.774793855,422005.878571047,14306000,769939.685336677,804400000,44668000,13920000,634026.901433607,3374900,4386400,891375.81948271,702525.549247041,7673700,460272.255370934,798383.68823526,1102300,583274.22436083,123778.864540782,364639.90463161,10458000,111636.196930309,54800999.9999999,4573800,254350000,2350200,35055000,221721.228126694,1785000,4978400,18321000,126123.079545481,11340000,4664200000.00001,2874800000,35429000,232860000,1844800,608151.859813018,478545.557454176,852491.951291562,413919.777092755,18476000,361749.166935902,43305000,160241.614823843,285050000,43758000,949800000,393110000,9342600.00000001,50778000,261252.163778472,3494400000,296366.553882593,11601000,549409.152270004,216861.158363502,586019.980004461,20070000,18855000,13909000,9.487e+09,7951299.99999999,447526.014817012,137350000,1394800,1206400000,86915000,19569000,247120000,235465.912890379,790149999.999999,548596.16533867,547810000,137048.876733587,370090.100822428,108517.431372456,166476.401977177,10519000,1701600000,2.372e+09,378270000,233400.057188152,1069500000,65187.5109278579,23603000,11642000,224996.356385994,21300000,151680000,107060,199734.651752263,239710000,18162000,31431000,5969000.00000001,263683.537655601,155602.841800172,5018300,361439.849650432,803256.571854013,11389000,384474.901838053,31411.9537597675,293461.51028281,5744799.99999999,31347000,2300000,465648.484386318,110597.549648091,1659700000,555700000,8587599.99999999,507140000,91103.8962910287,34505000,192551.556127714,9868900,8929300.00000001,1496773.7039453,3015600000,663838.999353694,1048454.44791949,11781000,491997.871641918,269631.351993215,21218000,146590.647349254,98011999.9999999,10291000,926394.518172158,283645.474827139,392720000,21576000,785236.907877782,7378900.00000001,220750,60970999.9999999,16573000,164269.218044676,5467800,14557000,89559000,495667.077832965,1798700,15311000,709753.310362829,6536500,7539799.99999999,2578600,48179.9894506382,9693799.99999999,475331.946708681,1109742.93108244,8397699.99999999,104110000,310303.814747393,595260.700649298,371478.703260872,287903.425835879,165633.241924942,21354000,187522.868617605,371939.040949174,1113850.54291702,65777000,5559199999.99999,14452000,305233.919873065,670869999.999999,41378000,4777200.00000001,49085000,26019000,30387000,70942000,103600000,12387000,79384.7069209594,290096.125343467,127339.841180394,132371.473997602,164389.725340659,274564.099095199,41469000,584814.904863687,77238.9999999999,307160000,473840,284734.340726082,554630000,495496.622690321,116436.401610937,445018.851370335,5534799.99999999,1717400,186142.736183288,278720.084668932,1154727.01245588,201060000,94837.2066438986,447484.622166751
CP_30_imputed_intensity,1,1234874.77058992,642710000,2944200000,10480000,901570.657375891,13244000,98012999.9999999,94646000,8.9624e+10,113868.928311064,595179.077631991,309001.526149123,1500800,978250,98394.1190666866,15645000,5890200000.00001,2560400000,562440000,371940000,148550000,471760000,122401.177579744,215530000,297810000,723590000.000001,39607000,257690000,127435.441698037,1122120.56854189,53285000.0000001,117430000,813931.530257925,19722000,8084400,89593.9140493059,234154.970517978,159240000,241950000,68361000,25264000,174950000,11347000,4918200000,163970000,1199100000,1010300000,136070000,162720000,60267000,91818000,42779000,30210000,28974000,113680000,471545.868258643,470968.962626115,1001344.6090567,448013.177381717,132800.344159981,1052327.06804111,150841.720762237,34967000,3766100,4994300,362085.749743331,808246.26246806,518498.656679176,250145.134743578,4452600,371150000,33662000,819290000,78392000,33478000,518836.143213074,86923000.0000001,50484000,661870000,11167000,425027.453018322,175212.873095949,21085000,304744.355953269,941210000.000001,30943000,11195000,10661000,288958.550705864,17261000,991156.683787613,213323.389133234,841647.922388137,198138.036551166,136311.084178565,4588800,212356.452257255,363950.088346026,1051371.00914441,14140000,126451.324876147,34675000,7602700,243660000,174320,38666000,4805200,2819700,2692000,25677000,390475.15066684,17082000,6678299999.99998,3743200000,47734000,312360000,3987900,112413.320676054,285154.689485351,533268.211214256,141490.51520391,29055000,299059.281409903,54292.3515379955,7997700.00000001,211280000,36219000,235570000,130960000,415669.735479665,38292000,409763.477458136,5534700000.00001,265495.58551397,8964300,642032.845630568,300998.372758835,372977.939214031,20069000,10198000,426657.775314185,6409799999.99999,9208300,11574000,140850000,385948.104959197,1.044e+09,15742000,18934000,384030000,1.233e+09,741559999.999999,14346000,460430000,1330800,787645.664852097,274669.862260002,965270.938676384,2148900,1056600000,2055100000,342160000,564742.158846458,1049600000,369966.52223821,34709000,16014000,124495.796188318,17334000,213160000,626190,6907999.99999999,216380000,19658000,41747000,8897499.99999999,860787.492745555,375438.156908298,6255600,346396.620240555,188109.925233689,10481000,151729.309750944,647883.601064687,513092.144127655,6917300,35230000,2257400,485270.800116907,163877.300662116,1699900000,818240000,13130000,534200000,899426.340473628,10860000,441003.177316682,5167500,9806300,57627000,4959900000.00001,184891.580044333,1926300,633817.264231089,235302.121754776,255411.04998071,48877000,123039.114948922,165350000,2992300,303420.392222942,420501.856971841,479210000,22778000,1004600,9457900,2495000,34977000,20292000,252090.367928142,2520700,15903000,104040000,1248511.28792733,1116744.60228182,145562.275661759,1890329.54045088,9655000.00000001,4343700,4488600,6094800,7853000,230732.344307364,1075533.92125879,22667000,119160000,677413.584740693,369798.96670854,116133.382201539,664989.143522836,72851.8125209827,23536000,112080.015716831,312586.075413558,258094.562577594,24317000,6076200000.00001,21747000,197251.36803443,560770000,54888000,5674200,28359000,45111000,31716000,84159000.0000001,134670000,24316000,133911.944493369,251319.676566671,236550.077857931,252436.440529996,333119.202896715,459373.547623077,12928000,257151.419384114,217287.314237102,13254000,106250,313221.289983292,343770000,197525.32748079,227451.983211978,176846.90451129,9104099.99999999,3070900,541535.282865479,490727.833390979,1771166.04044752,122590000,271010.268140753,174743.907805741
CP_31_imputed_intensity,1,7810700,463640000,3261700000,6930400.00000001,1276073.2347708,10658000,67994000,123240000,80262000000.0001,678937.331860125,753519.21169235,414700.963941524,292249.688760384,734896.314493704,428298.716705613,35026000,5987999999.99999,2709700000,640389999.999999,524330000,190240000,605530000,187319.150294007,127010000,300810000,602460000,56965000,313750000,337711.291970357,592902.641364594,51096000,103370000,128154.717688513,351392.360199883,11714000,895059.13386308,696132.094929194,142620000,145240000,55588000,21980000,153320000,9684100.00000001,6145699999.99999,236420000,1.288e+09,679940000,83553000,178340000,66959000,59061000,38804000,36526000,33151000,112510000,239162.16105818,1544190.90317278,403563.674934141,1420400,249227.133202779,435216.313429369,778239.742415596,26759000,1157814.58297427,1476300,369801.023296506,720732.050899502,171333.480761167,901822.644241049,5966600.00000001,483350000,36525000,697710000,82830999.9999999,11896000,715639.275885105,98475999.9999999,49514000,626390000,18199000,530009.501576472,227304.799537042,8476599.99999999,775137.382010033,871349999.999999,57424000,16232000,548045.935053281,3719400,3926200,506065.930515383,1552685.03790876,4641800,202713.804295186,308060.816887258,2452682.94068885,126864.586090011,210594.992286544,380840.072195419,7773800.00000001,1470990.68855593,23759000,6905799.99999999,307460000,375280,20511000,3233500,577050,5063499.99999999,37415000,476402.516675972,13379000,6766700000.00001,3640800000,44749000,271840000,8779700,836370.557951852,171924.697531075,210257.915035277,839964.756334802,28451000,1304867.61739319,27206000,1037824.50925342,226010000,28241000,306030000,170630000,464862.823681365,39505000,303695.756192406,5542999999.99999,672302.133532807,9159999.99999999,209978.513421677,575320.976034797,304415.497363446,19206000,3435900,18410000,4848699999.99999,8166500.00000001,19541000,9534699.99999999,1354888.85882917,822280000.000001,97558999.9999999,21396000,260360000,821850000,806870000.000001,12130000,317230000,148017.027718197,215118.727700761,155203.968428252,455562.870147372,292060.197858496,1166200000,1885700000,379860000,981259.747376181,1264700000,296337.641728287,26315000,22337000,164580.463419101,27632000,167480000,1446700,7564200,179180000,21425000,35366000,7738499.99999999,464685.706043184,432831.060667305,605810.853480191,242801.312948089,353770.508228735,11500000,751577.578756253,1050320.40981617,382482.26758017,4323200,25833000,569079.228521045,1639400,345996.33964195,1889100000,626650000,20019000,314820000,386941.621906989,476388.332233277,1117647.82854463,8466299.99999999,14971000,86213000,1534800000,225742.442806282,502270.001412602,8058600,358168.955113192,316156.622444249,54223000.0000001,212701.767334446,16521000,16843000,235654.009432178,274824.697496544,399970000,12956000,1104000,8299600,471650,69415000,56961000,479170.130318351,1233193.09202024,16358000,96298999.9999999,1062378.99403582,215906.845478175,598000.530256552,2339521.81847605,6742800.00000001,3652400,2333200,1628500,5148700,762813.419534868,1304702.94129353,13165000,89953999.9999999,230988.471940344,589784.073796136,1278365.52691682,545954.793051582,383011.959753983,452832.902485865,169840.266990441,52308.6722273802,125801.215470964,24811000,5507900000,20755000,136677.806837587,641440000.000001,43239000,5332099.99999999,39421000,41239000,54335000,55889000.0000001,149910000,29651000,379360.058548532,552209.474768987,686046.984276244,255882.925628583,207719.128687624,602629.909555399,10650000,304116.257241315,328078.937483622,46136000,990028.715201856,519578.005933065,259930000,995752.425319056,579018.651510806,746235.856256509,6209600,540247.501802202,462725.090304346,256535.377999967,1224591.57499936,160710000,180675.546569534,2936700
CP_32_imputed_intensity,1,11957000,433450000,5826900000,107960000,554999.375954144,7499900.00000001,115770000,173080000,68770999999.9999,549116.620565851,76322.3156242832,202550.656047971,546820,436473.330674572,982049.239843347,41063000.0000001,6.819e+09,2.814e+09,625090000,483700000,292250000,5208799999.99999,493331.492436092,389830000,405390000,1414100000,77434000,368190000,63546.0304469753,778020.986198289,50368999.9999999,90244000,850777.679354653,287300.170668693,12074000,459075.495491162,705284.816638979,129550000,243430000,47594000,21048000,144180000,9634100.00000001,7181300000,171580000,1036600000,829850000,182920000,144580000,89508000,51009000,54369000.0000001,47454000,21766000,92073000.0000001,4907900,222837.360391922,543386.391784105,10391000,352850.867992062,286346.098932669,548775.933470877,29344000,895813.273164304,1592500,314816.941438922,77780.010226097,212553.359270819,205779.714312273,4980000.00000001,420710000,19009000,7.33e+08,99640999.9999999,21237000,851385.539225274,92425000,51739000.0000001,586770000,9396400.00000001,288108.149008319,620025.166503607,22523000,369989.751910955,910389999.999999,68495000,24385000,3194100,1357500,9032000,114607.444645489,384101.716707605,867719.564303474,355039.913550262,570560.087552715,366915.590068904,728883.100156816,233945.062764483,200294.146456161,13146000,672981.641352242,50157000.0000001,12089000,191650000,355680,37413000,2493100,426319.346248585,2300900,26040000,2156400,29415000,6858400000,1910200000,79067999.9999999,311960000,9614900.00000001,3397700,3891100,260512.469257114,297701.425462951,21804000,944040.914747966,28054000,8046200.00000001,166300000,55832000.0000001,1562200000,767130000.000001,11400000,43616000,259677.483115212,338420000,947296.117499981,11142000,16975000,374209.533189351,6709200,26196000,2623700,14197000,8044600000.00002,8307300.00000001,8575499.99999999,52534000,1000600,966540000,71708999.9999999,30034000,203440000,1136600000,780949999.999999,1587679.06529422,548710000,893020,367857.422901847,2137600,125194.772149096,4769499.99999999,987329999.999999,2378700000,194920000,212621.165104516,1179300000,500449.186881487,22377000,28165000,4672600,2700100,126740000,1387900,1390900,117660000,15282000,44778000,6942400,592120.104785267,211250.084144784,4362900,574132.270430939,695825.512466102,11780000,237981.849290295,26572000,1274521.70277489,79673.6398366409,30574000,2082880.15786669,1470400,84143.5615228685,1076600000,540760000,17559000,434860000,818011.095147287,36356000,225087.486120751,11901000,16171000,460466.104024074,4.971e+09,717949.817320141,332217.017134872,203376.202204434,12079000,160181.383411618,47564000,281178.381173291,68810000,1721600,663277.697804961,279877.402594089,545890000,2942700,1048100,8076100.00000001,1054400,44279000,35946000,6643999.99999999,6948500,25001000,165380000,1039660.07076631,387197.74855698,2247000,363378.671383845,7696599.99999999,2603700,3886700,9249600.00000001,10914000,342722.766276804,333593.982351145,10318000,96764000,1013600,483011.703465404,981858.828191845,217194.354423273,533809.823147283,360379.924220658,157859.0094817,609700.671742596,343557.707791319,31928000,4016500000,18929000,99501.5549624685,474890000,55165000,10503000,61223000,28871000,27715000,67965000,202360000,11065000,323448.618219694,474544.077483812,408809.907003161,241424.977393883,25493000,851208.920307744,15037000,89973.6837306834,43822000,36680000,58537000,140164.63985567,212250000,16658000,6904000,897250.852905774,6064600,206758.35754042,8058700,1191200,160591.584033531,114680000,694276.066897102,15301000
CP_33_imputed_intensity,1,23073000,522270000,3877800000,12716000,203846.377178795,9120400.00000001,92268000,97088000,82211999999.9999,440411.866193214,370020.951734792,662119.669925029,1689100,589817.29276521,726246.062829015,6052900,5.851e+09,3808900000,864870000,720480000,107380000,926080000,350756.689884092,149910000,490230000.000001,796790000.000001,71895999.9999999,253950000,177763.91378411,138114.313693795,36506000,118440000,784046.158303526,24427000,10965000,542104.775565371,784349.036120106,218720000,199010000,71770000,18809000,151790000,17505000,6064700000,80447999.9999999,470620000,725570000.000001,75667000.0000001,169520000,60637999.9999999,84145999.9999999,45797000,32520000,27278000,132160000,489786.2867278,396599.874585417,505076.362557232,6208000,1392253.13046058,595457.802978445,263776.238512296,24922000,3858600,2774700,359576.67854691,1255973.79049334,333951.786338732,984698.040841459,6444800,448660000.000001,41571000,795320000,114760000,48603000,6126100,118530000,66515000,697269999.999999,9375500.00000001,196878.86540827,490034.249491119,9754000,657548.266216069,748050000,34838000,15413000,818122.867188131,3146000,6647800,1391247.32374447,989071.46129486,204006.120100171,480730.116217864,493283.013216211,181498.292078346,539464.309900354,614228.834088262,230221.360114634,16783000,4681043.8740995,21976000,4109300,155720000,441750,56304000,4175200,1223800,3700200,48850000,328345.645582391,21316000,6877099999.99999,4293800000,68999000,276820000,1775200,666426.410135656,6063100,112201.741303694,207397.889314399,24641000,818777.30246503,43245000,157577.449065344,320470000,23098000,273770000,132670000,714806.366374204,47163000.0000001,243456.567833423,5834200000.00001,412919.342477359,7464200,387557.539395747,327560.336980902,480437.738007609,11816000,10132000,18186000,1.0781e+10,12899000,27468000,96071000.0000001,1283200,1328900000,103060000,30722000,190700000,188938.307728914,919020000,43712000,522429999.999999,1198800,217816.579262563,642549.398055128,91746.578158731,1640281.00527704,773770000,1.232e+09,127560000,1510662.06752618,1192100000,134270.30647598,28890000,18399000,443732.685305988,10501000,174460000,1502800,7016000,218420000,19641000,23582000,4719600,636388.253864713,815792.958515022,2874400,681328.338992447,404084.953877081,9994200.00000001,111350.523079993,1008157.09101499,1167246.16637704,5224200,23283000,2100200,77064.9606990755,725320.494562686,1414700000,7.32e+08,16214000,572240000,616010.605385856,82425000.0000001,477052.978227443,4545600,15740000,173080000,4436899999.99999,458487.872369197,2857300,15271000,267186.133437654,509602.091083637,73332000,462266.603051084,43717999.9999999,164462.669698443,405352.476660529,112153.792299646,496500000,14627000,185898.217303023,7611900,1043800,58090000.0000001,33155000,2620890.23994091,1291100,26522000,90509000,375255.210222137,292376.7434658,2241100,479780.741798488,9825599.99999999,2149400,2337600,464770,4902000,826508.431841527,500115.162153844,237513.316085316,89538999.9999999,444630.712856412,206625.939060391,162848.741491847,772133.066158573,1252057.61541645,54032000,182452.005817182,169260.735622442,275066.847512402,50011000,5497699999.99999,11288000,664174.878508138,562870000,52464000,5463200,46856999.9999999,48976000,25434000,77741000,116930000,13531000,542425.625558233,449927.879357098,620369.757554734,2367375.13406123,391866.6671287,226512.971386926,16175000,374175.216819296,252690,3520600,578039.959857054,266263.912579094,215960000,112281.267476494,126222.041645815,171676.551890696,3436800,459933.545865796,3068000,210247.577368579,543663.170135135,215920000,101364.348009802,438608.5107838
CP_34_imputed_intensity,1,25913000,561140000,2543500000,40138000,61480.7546056884,10429000,106860000,120860000,83482999999.9999,84865.2604693283,115741.324002796,223009.544960145,1207000,233494.075094647,587284.727678432,217401.72819345,5540800000.00001,2192100000,418300000,545000000.000001,389180000,915130000,379350.270219542,178040000,277710000,710470000.000001,69859000,329190000,628038.805200921,641632.937755006,60336000,107370000,1807654.54882683,18965000,10247000,237261.034999537,733647.922071206,126070000,133450000,57431000,14370000,118330000,16113000,6996900000.00002,84188000.0000001,1188400000,661110000,86426000,174340000,48206999.9999999,70260000,47830000,39696000,48974000,71514000,598754.871019421,504038.0934866,136610.994299131,320946.762327049,133130.591559801,222243.218176287,132333.31768432,15454000,567542.977701561,680230.000000001,388681.685612131,484010.057549128,834930.069767583,238376.085532314,3056900,480800000,39181000,865890000,105950000,15854000,276587.92155427,133170000,67648000,563959999.999999,24985000,254592.43758468,1173040.34245111,18429000,702839.038636217,758020000,52186000,24309000,957796.29211357,2920100,6180000,776581.609430751,443848.601178493,11788000,291177.011378695,232753.158141376,230128.472614849,281261.215791482,195197.291207515,235763.47866131,12417000,264697.725427066,26144000,7101899.99999999,154090000,324390,33224000,2215300,2777500,3013900,25259000,359540,18572000,6.168e+09,2359200000,42662000,448960000,1298000,260423.083151009,5644700,455438.189980733,127679.022009839,38193000,98967.1510517766,37878000,6005300,384220000,58063999.9999999,588549999.999999,296540000,681027.480939018,51562000.0000001,260319.016385062,2129400000,281262.686264907,8363500,7408999.99999999,238251.68714346,10118000,24243000,214902.57627836,22167000,4253200000,7835000,13582000,9146099.99999999,140717.153764742,1061300000,77043999.9999999,10027000,300550000,622883.56289079,1423400000,62536.4963398658,424580000,1857000,64125.5029326096,450176.361749427,53990.1572042748,2581000,979909999.999999,1594200000,224590000,288950.913290883,1025500000,865187.933013404,21682000,29145000,902684.918412426,3894800,126970000,1085000,6360799.99999999,124280000,22153000,32514000,11063000,429093.819235938,281425.156735193,212962.852678959,65380.8015183644,400625.520754031,12744000,376530.480226059,2519200,318923.541677732,3133100,25284000,211280.320811043,465385.136107052,94787.2184101528,1046300000,738210000.000001,16277000,550090000,216720000,41089000,208570.882742475,12867000,16137000,151870.062326783,3569400000,401097.665682602,4580700,600545.232783901,217462.131123237,116123.561908573,82160000,305768.021133686,57248000,9080700,115604.120119056,27565.5552641431,499470000,12031000,361910.155032547,6193600,1195100,56382000,38100000,2237900,3264600,28572000,118240000,301316.644701298,365071.050208015,2648900,479330.700506592,7205500,1543000,1403386.31458981,3096900,11446000,870689.311376304,367103.567279789,16010000,122990000,5320500,407092.999672754,292399.646485391,632644.64636313,832265.420591953,280454.625295196,275215.915785019,341120.139734709,402389.898309914,41404000,4745200000.00001,19210000,576033.998039914,483160000,70545000,10132000,34591000,6940200.00000001,30087000,108030000,178560000,16460000,968368.481648453,152030.910650524,112748.890743546,448982.506071479,9355800.00000001,137078.964922916,19644000,384029.649969703,4451000,10663000,12890000,394849.812924899,487040000,1246600,877129.999999999,97385.8806313361,6712399.99999999,652780.000000001,7625100,61183,3738300,139090000,457254.827425704,7564599.99999999
CP_35_imputed_intensity,1,312659.899358686,429870000,2673700000,59886000,372950.415252885,4944199.99999999,74675000,106190000,98963000000.0001,486523.744307037,491408.252850882,322613.214243687,1654900,417553.517709458,589575.0838386,30944000,4422700000,2536200000,741380000.000001,728140000,193770000,395720000,1300679.28917988,142700000,307860000,916610000,69515999.9999999,242190000,171422.586139113,239152.029092484,49401000,125650000,1245347.86820326,17715000,8817600.00000001,157834.672401443,356626.851727145,163870000,127990000,62403000,12425000,132800000,9952300,5850099999.99999,163630000,1.387e+09,1.161e+09,122950000,197280000,89078000,58795000,48018000,46407999.9999999,47229000,120110000,149851.972932856,682794.076050551,505153.610472325,7605900,114284.157525747,867114.066567068,818623.918609353,21627000,407044.759195617,206030.082156666,646444.840892647,91429.4798422424,155361.508215956,195925.607777447,2408900,469700000,55586000,791830000,98568000,40454000,7991800,118660000,72843000.0000001,655480000,20395000,446347.553243975,129277.804356268,14801000,389361.497179184,902040000,41844000,8950600,71228000,2327800,16214000,356379.681296237,66957.0060037381,110398.696833774,57959000,361677.014775034,5483900,1524100,465700.967299657,137862.77321674,9275600,388116.067228221,13078000,5471000,140120000,279480,17078000,1183500,2215600,986179.999999999,25710000,1528300,13156000,3942200000,3610600000,28258000,134970000,609257.550706882,3983400,137154.196040406,109329.72477711,155809.24823842,34918000,858639.971888516,44965000,722604.697614121,287520000,43283000,436580000,156720000,203005.631869057,51021000,186562.222777777,4757599999.99999,881035.492125317,5956700.00000001,5630700.00000001,655818.145958651,1705613.26606074,23257000,6891600,375782.532705885,6285000000.00001,8282800,13569000,881280.232956396,657710,996750000,72930999.9999999,12140000,196230000,437344.46223321,417890000,116909.373061078,428120000,259188.631277487,895920.993920086,1486100,1115805.663808,6120700,892100000,1209700000,312430000,564810.069302838,1.262e+09,89984.5510968468,27394000,23530000,483645.746208486,17809000,220720000,1601600,333610,160980000,23531000,41614000,8642400,240442.498152798,390891.736301714,3860000,632778.594406248,3422000,15053000,931273.398381877,4561900,101838.298223105,2675800,26146000,1755100,2111800,264653.386637453,1988500000,690040000,25980000,437240000,119909.298705098,26527000,195932.223361675,5776800,8715000,671416.501557479,1590800000,214878.711395057,655584.620109731,16836000,432122.326446531,397694.259899592,155850000,633195.565861817,70597000,223514.243088832,163480.727568981,382004.564970727,547390000,12781000,610366.634678805,5194300,460350.088489268,51455000,60449000,1113900,2264000,9429499.99999999,117980000,293477.762514202,330526.839628248,2523800,596037.31052246,8302100,175470.311543399,163003.126312914,10285000,8554899.99999999,817870.531750954,596116.183002072,6905700.00000001,97145000.0000001,547045.059792732,224026.413455622,314665.416786265,830169.383022874,9416500.00000001,88820999.9999999,241614.29302504,957688.856168854,603837.629198694,52924000,5567800000.00001,16738000,282419.813165781,5.53e+08,57011000,8334100,26071000,30122000,35569000,63986000,99034000,21209000,301724.293605938,78023.3360669817,123321.103670949,368576.831333188,7088099.99999999,864616.316293897,16380000,518644.582528287,15003000,10137000,11493000,422081.394886377,357470000,1156000,3424000,153072.394914788,5433000.00000001,74453.5924515319,1802500,693310,510349.516291241,69616000,247613.714522426,2880700
CP_36_imputed_intensity,1,117890000,720580000.000001,2232800000,54616999.9999999,93815.1692936671,2559300,138620000,138030000,6.7114e+10,225460.818211977,207756.506551692,466903.121945358,1668100,833809.999999999,69892.943313672,6192700,4813200000.00001,1896300000,235360000,579450000,201440000,528400000,499198.755448233,134180000,284470000,1665700000,68157000,267460000,456327.71029916,539920.869843575,81518999.9999999,79546000,375778.168047516,519668.718985365,8971199.99999999,1031352.45766209,122423.673673926,142190000,268250000,69717000,18008000,144950000,11316000,1.0013e+10,157850000,1313200000,757909999.999999,102640000,144090000,60235000,62509000,44790000,38231000,32533000,65291999.9999999,6539300,368010.4170818,1290181.83429445,7198700,423525.41787586,83510.2591607312,205280.37016235,25401000,3896300,1996100,151207.505795106,311738.66529023,159106.413541514,145176.84181684,3672500,599580000,28525000,873119999.999999,79691000,21104000,420952.647103493,118530000,33003000,759290000,18907000,254161.756522658,465277.112140464,20759000,406529.184416428,1285100000,29373000,14645000,694914.623857896,2555400,6010000,652564.55914481,230076.443285209,8344400.00000001,67880000,148224.971848307,9085700,395173.082550534,131076.494852624,228151.378305401,10496000,330418.753869788,56636000,9688899.99999999,250490000,279570,32582000,1420300,1574100,1338200,25027000,726690,20708000,5789999999.99999,3360700000,45824000,277680000,6367500,1512900,5094299.99999999,376739.857105323,110591.216944306,38802000,160164.987739476,38798000,7762199.99999999,217040000,66217000,619100000,308580000,5713099.99999999,48703000,217621.626184444,1587300000,638577.572101319,12284000,538208.286893749,5445700.00000001,314383.306891763,21354000,4033300,18455000,3867300000,9788799.99999999,30608000,41185000,233957.42685981,996490000,77254999.9999999,28367000,224850000,1.455e+09,636900000,256555.874670724,673980000,533670.688002193,459729.720341296,1017600,276036.156937198,784940.000000001,990760000,2441300000,513119999.999999,250645.095862439,1028700000,264343.2070943,25968000,16665000,439334.777535593,14906000,90358000,358580,8329600,143610000,11104000,56804000,7445200,204773.369948029,194379.953529667,3553200,735808.435018736,3168600,10787000,399619.722727997,11219000,231667.28887118,4805400,37087000,2487800,2958100,293587.713423665,905530000,518810000,16675000,530300000,136140000,29949000,311752.404120805,5804000.00000001,200680.567175575,121440000,7712900000.00002,622512.005566968,252218.727948856,15750000,580328.163448889,501663.035895878,46251000,542423.565241153,30374000,34471000,739597.746064115,159052.84359819,465860000,10395000,1777700,4998200,757330,42450000,23590000,4051400,4151300,17647000,158230000,547364.810950634,141451.7143554,492526.491879816,312094.530825003,2601700,1117300,5172200,8621800.00000001,2005100,346808.360954785,221662.133626326,13980000,105400000,555458.053082722,70433.3509437057,220343.14106362,303413.716459754,304933.819364927,14346000,228604.928844033,1012850.55682464,383042.981784499,45641000,4480500000,15550000,202769.056398666,372080000,60542999.9999999,5063000,74805000,22057000,28974000,70737000.0000001,136330000,29845000,268084.013601676,731298.930982607,122400.765837403,138953.057779669,8751500,189774.292671307,44602000,388345.904593292,9206000.00000001,93105000,8665999.99999999,75677.6646367677,348210000,3598600,914370.000000001,336151.254613924,6671900,1144700,4476200,1604700,1043313.64004384,152560000,362793.58089774,8747000
CP_37_imputed_intensity,1,556746.257736614,699330000,5576100000,35573000,396036.412602203,8158900,94713000.0000001,110340000,8.8637e+10,5203700,106373.539758605,1856614.20797983,156601.458930016,587820,311188.273605011,6786100,7423400000,2817800000,329170000,735610000,237510000,611690000,202512.648008268,182610000,412140000,1061100000,34012000,343130000,203648.801730601,294301.714166656,44172000,123510000,327331.393913631,20125000,10204000,696345.461949859,128630.009017745,204370000,224180000,72856000,22133000,137070000,11264000,7015900000,157300000,983130000,502740000.000001,62674000,128030000,66054000,106170000,40959000,33951000,32761000,166550000,3021500,208666.077916887,310149.183173442,137499.092982927,327744.788106978,229744.283948156,181691.979499017,19319000,7856499.99999999,168362.435630932,300178.573715533,622232.117004119,213241.408558324,652584.520149775,4769600,537110000.000001,32589000,745720000.000001,65057000,43552000,6197000,1.51e+08,71816000.0000001,6.55e+08,9771000.00000001,384085.226504948,1330376.63629659,10411000,134061.587419451,1238800000,56652000.0000001,10387000,18113000,3429600,7765600.00000001,133569.198257737,150851.416881718,10734000,382205.135946334,318946.182920682,2443200,1599000,183294.978741823,409988.16619192,11917000,355098.226292163,39084000,9359400,141850000,876070.000000001,28956000,1714300,1786700,3840400,58520000.0000001,319135.891875628,17095000,4619500000.00001,1585800000,49746000,191710000,2301000,282512.317420229,3308500,852647.964618228,227562.106117987,24168000,3911200,42604000,470879.577838696,258710000,29634000,628880000,402570000,327228.8822805,60058000,486204.356238127,4041900000,137788.353172687,10024000,278320.064130244,7401100.00000001,198645.547109743,5679899.99999999,16720000,13340000,5196000000.00001,12142000,50344000.0000001,96000000.0000001,886490,921550000.000001,110430000,10250000,391510000,220458.840429854,918110000,60743.5932836865,396800000,346693.669360404,263535.8305052,99817.252603574,275489.803740964,3582100,638450000,834310000,280630000,68525.6445708754,1247200000,313356.931736043,42214000,14643000,43864.3499634357,38224000,315200000,1101100,368495.146329795,141820000,14860000,29100000,6465899.99999999,146547.949054838,523825.832026307,346411.535194727,668099.43595722,877807.422722737,11260000,635094.564083091,2653000,202420.633084053,154446.851760097,19244000,1037217.64933034,406124.036594256,74440.4278930228,1931700000,640360000.000001,16425000,464310000,178530000,5e+07,1601879.26954733,411286.469781904,8734099.99999999,241367.557804253,7748100000,293624.952552591,191908.830912632,8728000.00000001,141689.494903395,95434.7634187303,18773000,277986.731741583,17164000,4441000,117676.707668967,1810730.52029071,474990000,38998000,575813.814537684,7930199.99999999,567330.000000001,86198000.0000001,16011000,177656.037862241,4285700,25318000,71352000.0000001,255946.219562053,475090.481071048,4678300,90231.1702720013,7846200,783770.000000001,1016887.50476337,11730000,8166300,402777.715171372,115446.240099845,9235199.99999999,89565000.0000001,593660.518741489,353118.995107464,166263.894155215,415585.414407876,6200400,20225000,111883.183531324,335170.527674419,277067.151525566,35592000,7587500000,22084000,268954.612934614,721210000,46683000,6585499.99999999,61675000,5329299.99999999,28173000,59414999.9999999,133940000,42279000,388810.088844047,113320.3629072,157665.85651455,132567.48084082,335291.305634351,216711.073204639,14005000,92149.17817163,3343400,8879499.99999999,7201900,346633.344341555,237940000,164330,464730,287770.48356394,8500500.00000001,1452400,2089000,275799.948474415,219342.7012892,112980000,91677.369454524,153789.82081677
CP_38_imputed_intensity,1,3382000,662880000,3452600000,58259000,137254.920349403,5032900,99196999.9999999,147560000,5.9686e+10,503408.933514904,286445.293840364,257794.312823189,1652300,6026300,29528.811615507,16230000,3865500000,1.402e+09,56483999.9999999,1317700000,1519400000,3.813e+09,434929.477042853,461889999.999999,380870000,2117700000,58107000,522510000,70561.8275685266,293386.107729305,53303000,53519000.0000001,794567.701348433,380438.012590175,6349799.99999999,1209521.51545418,460865.677092043,153440000,172010000,42119000,22084000,138500000,15631000,7798600000,250830000,2360100000,1026200000,97666999.9999999,150030000,56534000,65268000,49101000,38689000,40707000,111270000,3360400,5067600,122711.881507173,3931600,210760.104937085,305273.877427311,288068.533026852,34832000,3994500,768020.000000001,124800.303857996,595308.483332228,335737.155860472,193660,3629400,639039999.999999,26427000,682330000,73307000,37420000,9502700,76276000,25274000,505110000,14208000,454423.007201793,767887.095040474,32629000,1311502.45228931,1076100000,29409000,15803000,174197.245207165,1975000,3995000,396036.088378614,702497.270218079,5860400,256839.149718592,639736.359102115,1502600,115211.204761744,194441.265862577,124658.525381084,8196000,296269.291386867,58307000,5214400,111040000,352570,24451000,979230,493470,5397900.00000001,78317000,635917.419026756,18868000,4333200000.00001,3018900000,32887000,242120000,4127300,3584100,4205300,189676.027643406,207603.775477143,8694200.00000001,573906.727513848,47549000.0000001,9928800.00000001,118820000,46686000,1258600000,611380000,10570000,44050000,133139.038354367,2238900000,370828.365167444,7803499.99999999,12921000,326698.225568307,198094.902900406,18914000,4549900,7719100.00000001,4312500000.00001,6598500,42197000,7653699.99999999,507740,451620000,78391000,37778000,291700000,952030000,578720000,999434.905758854,390160000,535325.544257981,343721.817093059,917750,135659.478195884,2019600,711610000.000001,1826200000,463400000.000001,457063.77633291,1.35e+09,587260.4641571,30340000,19695000,156818.553082012,14154000,125490000,1792800,600540,53505999.9999999,6950300,66992000,13228000,123364.982272863,129635.416639303,2605396.56145301,1385626.69202853,495011.741215782,10547000,74683.9966361401,7589900,80827.6740522453,1415146.87618523,29461000,4410100,267374.124976021,670562.749684159,963399999.999999,352280000,9372800,474340000,144040000,42086000,318742.237541628,6432900,19995000,494610.246693522,2430700000,472958.740127305,1203424.64410053,21709000,5105900.00000001,400999.989827662,96190999.9999999,95424.4029299238,6734500,87547000,552439.233397312,469070.007263294,429120000,9896700,543570,6222000.00000001,2591100,51871000,84048000.0000001,4246300,5731900,24201000,114450000,329781.681272999,303252.231339735,9340300,590234.757113435,239523.381745013,1438200,2179000,61989000,1210300,352899.872979046,1999301.21822784,12671000,61306000.0000001,164317.020664506,75768.9968994293,235678.414055389,654326.842407634,431706.905776203,724811.725779528,58157.6354575456,558362.974310508,574954.02063321,32130000,4413800000,22688000,171939.111238469,473850000,57104000,5304099.99999999,55117000.0000001,24413000,28646000,44786000,177530000,26231000,323858.196273142,1301848.50014701,592683.394605581,784236.273704074,10035000,266433.478980123,21340000,159077.381185055,18732000,23177000,13959000,158649.866902383,346020000,2925900,607580,263415.264848094,3391900,685790,5734900,1024700,6139200,240090000,525438.478727214,11099000
CP_39_imputed_intensity,1,112380000,634330000,4175200000,7460400.00000001,62842.9169687709,5034000,80770999.9999999,129230000,85030000000.0001,618668.701975839,335535.855422181,414348.558538526,932380.000000001,203340,326356.704992787,5752700,6145699999.99999,4101199999.99999,388560000,422990000,249630000,885840000,350618.89041527,155330000,297470000,1067600000,50896000,313590000,176807.592721965,293664.730257544,36546000,102900000,153558.793705899,643951.499005008,10645000,72536.9228928085,264872.742434576,99206000.0000001,136100000,46711000,15977000,101290000,14639000,5997299999.99999,84090999.9999999,1257300000,1027500000,119920000,200340000,67924000,58502000,28604000,35616000,22715000,89243000,178682.932423612,34731.3563743815,1044283.98282765,946350.750335082,365739.252212434,198764.891301732,331399.497870087,27572000,2555700,192567.972098302,141813.367208338,139483.312183473,430235.070099906,2372358.13809769,6803200.00000001,411960000,32445000,783870000,84121000,63679000,170865.596856649,121840000,56658000,579980000,18129000,748591.804400311,120380.113077138,11160000,214174.53106977,1046500000,52592000,8364100,750346.299432043,2485900,7143700.00000001,257192.658434012,211588.403018912,2197400,170529.537341715,920631.077359332,11115000,56079.4709091642,1187758.2623161,348760,11483000,120151.00864431,36926000,8488299.99999999,189540000,402710,26461000,5191300,2980300,6335200,21716000,360515.823329923,11883000,5675100000,3.997e+09,51033000,269210000,259350,415171.654112662,11151000,145774.922041243,175126.309313377,21949000,46432.6425931605,29362000,476219.771388276,277840000,43689000,255780000,124540000,103440.700283152,40026000,1121892.49979351,1855100000,564962.248672972,6414999.99999999,496962.883393941,168934.425666508,6202300,17477000,15946000,12510000,8632799999.99999,10270000,11827000,469767.493804083,335884.744742976,994389999.999999,87828999.9999999,7450600,256360000,768960000.000001,809739999.999999,367114.898836325,368640000,956200,238722.540060433,125325.963948142,290693.717386328,4562900,1035100000,1976900000,268240000,264601.923198656,1157500000,117154.392246319,20340000,21638000,344659.198481513,19340000,193200000,1250900,6632299.99999999,155770000,22254000,42311000,6149500,573772.182759571,230934.108498965,5706400,182188.165442267,1285690.40790608,16296000,521577.273690015,453955.800785362,785543.369970435,2187000,23373000,1740900,258269.92070522,468079.75062611,1291400000,610449999.999999,14635000,467520000,1460596.41633771,25743000,496427.763040801,7043900,16114000,127784.447520364,2417700000,320569.977339636,190694.122608358,518189.77732718,138464.343640239,826219.74454108,56627999.9999999,172718.470078243,60116000,9708100.00000001,666697.945311394,69921.379431995,471500000,5730700,1050500,4164400,423880,60691000,33602000,462995.091244227,2564400,6546800,129660000,1468000,1294566.31877773,4941900,379633.491300507,6097299.99999999,1198400,321549.699786116,2786300,7151100,241283.032424417,300291.754829424,3179100,72648000,226128.091586014,369557.719729067,391947.292332173,458581.016739402,234904.586783001,4866300.00000001,117562.417950817,1003011.49210187,525255.399537568,24156000,5299600000,16070000,1074140.80883153,458720000.000001,51838000,7712599.99999999,44357000,30910000,43537000,55202000,142070000,63494000,249306.32627892,568013.932136872,295044.132480449,806565.769277344,649815.617189586,391547.400632946,21808000,1188242.56007216,5293300,15013000,593897.594071234,360441.41841016,298080000,484477.384890293,938343.548360586,121096.509878044,10664000,429430.284273258,2239200,78853.9999999999,168471.599745285,183050000,157942.899449758,321401.126473348
PDAC_1_imputed_intensity,2,425704.681201461,88130000,1350100000,35158000,370127.427826733,3256300,36059000,105140000,2.0826e+10,455345.976825397,1234200,4245100,4568700,76793.0000000001,483824.444415056,61552000,3175800000,214310000,549990000,468330000,169770000,1060500000,378686.106192608,137560000,183400000,2191400000,49576000,121320000,1008800,315755.306924521,9927600,57965000,602840.210732822,1138840.1105216,353869.518793507,4173400,476850.910500346,34347000,81810999.9999999,70620999.9999999,6634300,177540000,3741600,2056900000,723460000,2032500000,885230000,124050000,71522000,37811000,27044000,16775000,5722900,14281000,72912000,438908.516394877,36651000,271911.06077124,338647.822113034,270366.763020279,3057400,422310.035683811,7596700,1852500,55821000,3120400,364951.528849405,25581000,327125.94588752,11875000,128280000,17703000,235940000,36294000,6351099.99999999,446973.653400604,28853000,21613000,1083800000,1546600,2297300,5715700,45356000,102100,277830000,12050000,14080000,11837000,7688499.99999999,9266900,113532.054293887,559193.1745789,446886.867257809,87092999.9999999,8930199.99999999,585501.820321197,231945.488941994,143843.089859901,2473300,6394200,820958.620952448,8124600.00000001,9173100.00000001,2201400000,41949000,22965000,2614100,6334600,801380.000000001,20266000,4785800,2653500,2792700000,1112300000,175980000,464330000,77572000,2194300,243483.913227896,1361400,468890,14284000,110014.293142373,9256400.00000001,4555000,112310000,89822000,321610000,191250000,2518800,16756000,6160300,574539999.999999,176085.105974709,23195000,12376000,467235.702774103,5742799.99999999,5450400,2746500,35266000,6414299999.99999,306818.131899418,456423.233707527,49865000,451458.282436802,1002800000,212047.142822979,485440.552613115,20397000,670810000,278470000,460102.296503858,153990000,3091200,345236.949257703,19328000,3455100,41841000,1.1163e+10,1.277e+10,1790300000,508926.077270918,309970000,161118.123080145,37741000,6236600,3326000,85411000,22053000,8595500,39905000,634210000,10163000,78104999.9999999,3249500,2321540.06151651,26972000,4942600,330140.981551762,618408.805718454,5793200,10185000,11711000,2455300,35524000,292090000,1221232.19019809,24338000,13689000,555160000,166660000,12738000,172800000,317891.23917305,24153000,28554000,425343.475260566,608096.47834062,48544000,970230000.000001,210321.210192033,5393100,15530000,493037.939211972,293485.95772651,135080000,333376.461383484,1149400000,3348600,252769.644969647,1987600,114530000,20902000,65161000,54444000,26228000,189770000,49710000,579450.481968434,2079100,5666000,271380000,4667899.99999999,11490000,19834000,2136600,5579900,16539000,2297100,828929.25018978,5765000,5328900,8768700,363629.640553952,45469999.9999999,428758.392327347,478132.273382193,96331.5426669498,13301000,169517.668419268,3259300,4736000,34033000,3636400,68666000.0000001,1506800000,17066000,289776.288356922,147350000,27809000,6719700,20123000,9101899.99999999,28392000,28883000,39583000,191598.576923999,5840300,4739000,2892200,11422000,7375600,15559000,23169000,798628.488483553,24380000,3545900000,249210000,6436000,1106500000,27062000,73536000,353753.730510169,2861300,18117000,5047400,41296000,492886.433821535,2455400000,314546.940052657,215860000
PDAC_2_imputed_intensity,2,6668400,529459999.999999,7109299999.99999,23529000,291890.559338298,24443000,161690000,182110000,4.8137e+10,3149500,965389.519469843,8214400,224327.072120113,323530,104360.296654756,159010000,1.2816e+10,1.608e+09,1719900000,1982100000,893010000,2632900000,33542000,345900000,1181700000,9707000000.00002,168720000,693259999.999999,1713700,251282.348739728,122280000,214150000,8519699.99999999,26653000,530353.727144372,275881.735443975,4071800,27929000,71395000,77494000,17140000,45602000,22853000,6078900000.00001,220310000,1555300000,1.63e+09,204090000,249850000,120280000,118950000,60715000,68938000,82847999.9999999,102700000,14534000,262635.53341855,3919100,4093000,484605.768935395,2878400,11157000,61283000,16528000,854960,3842200,535988.032366551,7605500,547144.469135714,11979000,874159999.999999,71177999.9999999,1538500000,72598000,25640000,380865.157475135,171420000,133780000,2955500000,13159000,199674.669221455,6490100.00000001,373551.106053027,275875.598919453,425120000,97557000,20232000,572704.202837658,5458000,38326000,40918.4706860163,240365.523234779,13633000,164810000,262934.131798447,218410,7617800.00000001,6242000,9040400.00000001,10818000,348901.092846811,61274000,2740300,52955000,865719.999999999,12256000,363313.673203106,598484.508689102,11242000,59156000,992020,31872000,493570,158190,140222.85383915,355150000,12355000,480264.953297759,5028400,11332000,7395100,73166000,223712.054702576,132190000,8644399.99999999,726430000,181010000,2007500000,601289999.999999,28851000,75139000,5867200.00000001,5149700000.00001,537880.035284935,7049199.99999999,12409000,276838.927594703,327793.288597715,24294000,15354000,24765000,1.6322e+10,12143000,55121.9354605288,303897.443708544,686408.366499468,3764600000,193646.537225739,278278.909864113,81762000,394680000,1585300000,21357000,411172.253031058,80555.3299951519,7194600,2232400,142049.032826988,666423.786156526,714790000.000001,1842600000,125420000,23537000,2218300000,4186300,63128000.0000001,32683000,588064.480748273,1624800,192690000,168680,1412000,166930000,313378.75139912,16613000,14855000,15224000,87969.5333598135,173611.950750736,21942000,4374300,69045999.9999999,299730.953667303,221342.500239992,92869.1012800485,473735.495475218,9305500,5867700.00000001,990270,232048.113024666,667669999.999999,390230000,477800.961572103,941450000,164191.499953616,31481000,71927000.0000001,645178.535960359,163253.656451004,211974.205877569,758960000,238344.764898131,1865200,84602000.0000001,1512359.45278736,579713.717644058,400800000,332075.927410568,13191000,25260000,21633000,641745.621709669,966169999.999999,59362000,416120.185786152,4825600.00000001,353680,39141000,288810000,2717400,25453000,14214000,283540000,10907000,12593000,10216000,179402.262367138,213393.67406329,528659.644679164,3625400,323230,26141000,242195.034508352,5159400,3745000,67355000,118168.330802431,175033.621892096,513540.568855954,196488.956833439,177479.336997485,26915000,3116700,142416.811147329,587120.905162514,294570000,1864700000,41984000,519718.65962194,612430000,76760000.0000001,12088000,58824000,56736000,71507999.9999999,125300000,180450000,24672000,32532000,5317600,514699.547577537,1888700,11535000,1649500,39665000,325784.704891752,996600.000000001,9984399.99999999,245906.693352353,38481000,507740000,294860.380738015,416273.019445127,113626.510331724,7061200.00000001,5621300,194542.42387286,121800.582170463,170635.124576091,104240000,44843.1682013563,111953.782341679
PDAC_3_imputed_intensity,2,229267.366388328,506680000.000001,2274500000,26539000,4092000,34463000,100460000,155100000,2.3404e+10,245969.917696384,578870.962253513,6187000,944013.477886723,5696800,12033000,77902000,4923700000.00001,573160000,303590000,3834200000,5157099999.99999,2.67e+09,123550000,458480000,695239999.999999,2.8626e+10,103900000,386830000,5106099.99999999,1417600,91448000.0000001,209460000,14659000,16352000,3949500,299654.718420345,1216000,10162000,35106000,70126000,14010000,246650000,51878000.0000001,7543799999.99999,404880000,2626200000,2727700000,280470000,181780000,77641999.9999999,63627000,47505000,62272000,113740000,75278000.0000001,17356000,3815700,5001500,10834000,2392000,2837700,324065.080607133,67109999.9999999,14337000,227530,4031800,5387900,25949000,128259.793513504,15124000,1066400000,29489000,1115100000,89941999.9999999,14359000,309884.33796674,96923999.9999999,29064000,3299700000,11898000,658773.170514512,5020600,40539000,2812800,755409999.999999,58183000,27644000,8753500,4385300,13348000,7045100.00000001,9387999.99999999,19235000,71741000.0000001,4330300,234968.378003859,7360299.99999999,11173000,26903000,17843000,146254.161105494,42651000,1974400,62700000,1018500,28530000,43019.510389533,411466.986969336,11545000,77668000,2318400,28477000,9035900,1597300,170737.325458012,292620000,35626000,9585900.00000001,5153000,27698000,19873000,37431000,5531500,73245000,11355000,271920000,303640000,3541200000,1164400000,50527000,68021000,22914000,5917899999.99999,2796300,11242000,18082000,7215000,731779.322046627,17794000,21895000,10106000,5300500000,4631300,635684.899907877,119182.799900262,228328.176515554,1016300000,1116858.61554907,10550000,52638000,219347.569147029,835570000.000001,21844000,172180000,1958000,6028200,3301900,377450,20027000,763670000.000001,2107500000,442590000,33157000,2814200000,6469700.00000001,254730000,25384000,4823600,218290,176390000,426320,7106699.99999999,58419000,11781000,27094000,19886000,7460500.00000001,263509.84190717,6069300,20695000,6749800.00000001,45482000,491147.953998,1532700,317565.556504445,917950,30072000,15294000,3389300,169050.036314339,1590700000,734619999.999999,77745.8935255882,506060000,182067.8912049,26967000,27309000,71269.9772712818,83535.9546182566,160411.059557948,985760000,141531.015541425,3245200,54733000,16952000,72024.9723578324,1.634e+09,1938500,9104400,95368000.0000001,64682000,2611000,646760000,116110000,518327.616690794,3394200,1693900,89387000.0000001,319320000,3072500,48553000,23006000,501030000,21162000,7400500,35044000,81120.5882918019,117544.177830449,3589500,2425700,19666000,19630000,7423000,7868300,6059400,33790000,377759.087690217,369174.967950928,38417000,44235000,49049000,4710900000,6744500,273582.174217349,243790.016293438,56189999.9999999,2362300000,28158000,242559.91794943,729439999.999999,107100000,7517400,95461000,83550999.9999999,60043000,93841000.0000001,184390000,9086000,6853100.00000001,18250000,253081.601973456,7138800.00000001,65213999.9999999,3684900,81077000,7230500,52102000,114310000,18704000,125850000,302920000,618230,538078.56791214,70353.388619173,7376200.00000001,7028500.00000001,2677800,78840.4722598166,81746.5255036259,332170000,179971.974497778,4698400
PDAC_4_imputed_intensity,2,11589000,754889999.999999,3276900000,32935000,4256400,33819000,163900000,189300000,3.2016e+10,292972.956947085,126336.493371974,7100599.99999999,402650.642526645,10845000,14507000,145480000,6017200000,716190000,510420000,3.49e+09,2616600000,2788700000,121690000,526700000,614530000,2.028e+10,148810000,474760000,3256800,997806.194395753,83572999.9999999,186400000,181477.938324681,22422000,271005.346643692,326438.139653732,3869900,31170000,37450000,74940000,16441000,179880000,47541000,7855899999.99998,262020000,2739800000,2115700000,208530000,198510000,94635000.0000001,73110000.0000001,37908000,51108000,44337000,74376000,9945200,84364.0625251476,5361500,15727000,143707.749352742,3910600,524458.12268067,78798000.0000001,9162200.00000001,701810.000000001,6223000,3657700,23343000,224322.237966933,7898300,882890000,42560000,1.139e+09,44479000,32681000,7351400,116260000,61091000,2878900000,18855000,307397.75565703,5901600.00000001,29991000,691950.000000001,592430000,92588000,35759000,5764300,5990500,18379000,4525800,4128700.00000001,39480000,32034000,3896000,25061000,13359000,7126500,20291000,10077000,187688.252136797,57417000,4382300,85926999.9999999,518159.999999999,14863000,351632.31218237,310935.738267839,12356000,73400000,4283400,23815000,2432900,1169400,219748.942219061,244070000,16612000,2598900,8097800,14441000,8760700.00000001,189610000,7092000,85817000,9560699.99999999,329520000,262170000,1133400000,368670000,15765000,81433000.0000001,15095000,4301400000,6745500,9911800.00000001,331006.23274531,199518.376234084,165268.042763948,42382000,46959000,14783000,6592899999.99999,167119.091698899,770896.615865716,99869.1494509815,138360.27138449,1.742e+09,321153.995016249,7817900,46178000,268850000,725179999.999999,16063000,254383.467816718,2748700,9197399.99999999,6396599.99999999,244145.218102869,13185000,820239999.999999,2116300000,536970000,17334000,2041800000,5209899.99999999,162760000,16306000,3659400,589290,118270000,2445500,3457600,91485000,13632000,25918000,13511000,370374.439079838,524838.170127519,2957800,12089000,375930.349493809,36623000,127475.168021248,2863200,178670.541622514,1738700,27529000,11116000,1448200,265549.471133061,943540000,445280000,397310.214464714,331120000,216170000,41704000,30056000,6547200,355497.438192125,225158.231399343,774649999.999999,4352800,3465000,89068000.0000001,13758000,154298.8043413,1253400000,6926400,21615000,76094000.0000001,87197000,392939.910940414,596270000,65527000,318457.862114781,2741300,211080,75934000,270820000,4851200,32831000,11877000,428700000,19214000,64951.3384654027,10021000,940719.003339868,249462.88272826,8606900,3852900,20991000,19507000,6482000,19800000,6465800.00000001,84744999.9999999,1181868.40976078,604629.528094747,37319000,21390000,22500000,253820000,6222300.00000001,2874400,383570.489759179,67394000,2217100000,31117000,299157.752174641,556850000,135570000,12048000,90362000.0000001,38664000,55827999.9999999,89588000,207920000,25160000,10564000,505225.051972684,8930100.00000001,8531799.99999999,78133000.0000001,2811100,93499999.9999999,5560700,52044000,14329000,9637500,70388000,438240000,121610,133281.294952067,196388.814517876,9694799.99999999,7537400.00000001,2121000,47165,308215.440897807,268960000,340680.900134728,3342700
PDAC_5_imputed_intensity,2,125176.798217524,453960000,2303400000,21150000,240783.248066346,16383000,98043000.0000001,152200000,31036999999.9999,10762000,111940.504712143,3089700,327230,30801000,340364.063749186,122630000,7092900000,819849999.999999,3.02e+08,1.518e+09,3303800000,892189999.999999,62105000,255560000,669930000,1.4979e+10,108740000,452890000,4715800,5772300,67982000,231370000,227002.464247656,13547000,14265000,103707.815559284,5807600,13526000,21491000,31049000,14640000,50288000,19557000,8022399999.99999,660870000,2068400000,768260000,100640000,284130000,113890000,85974000,58936000,80647000,98170999.9999999,205980000,4338200,1251365.52286187,3843600,4535200,326348.335372584,1664900,5499400,54397000,14834000,325700.445714698,3336600,76114.5218900163,11437000,177810,14701000,754350000,30005000,959459999.999999,115180000,20660000,3978800,80984000,35858000,1242700000,24792000,263579.135512483,190303.478925169,70205.1143973415,607100,847960000,54674000,15076000,256270000,8220600,11169000,128330.622506397,269905.178119095,8751999.99999999,29781000,251069.7489838,2937800,10697000,3958900,2013600,17402000,174861.42427452,53831000,10535000,331260000,8561400,38897000,158008.540450184,166235.933130063,7515600.00000001,57629000,2381000,26395000,3526500000,1339500000,38860000,311640000,14200000,184475.417328181,8892299.99999999,384639.078333061,2504800,56806000,3526900,51671000,5091300,413430000,224690000,650620000.000001,232120000,8073200,59552000.0000001,5668600,6301800000,220813.176205774,7107100,8012400,3642300,65383.5267987393,27277000,23577000,17586000,6767300000,143533.367577802,55274.7016368881,171418.315157148,470522.675391975,1269400000,178792.549449337,338934.797491273,118170000,137724.51066737,534830000,16450000,424567.190780255,1711300,1784000,11244000,2271200,42201000,627760000,2.497e+09,350100000,14792000,1890700000,4198600,147390000,29503000,498007.272556654,19371000,244950000,59385.3678505013,2313400,75873000,11053000,35209000,13523000,260961.8682285,142976.778059937,6605000,498898.571691025,1470200,62658000,718748.93394145,1846400,157795.541787978,122249.926998101,45332000,5143100,4895300,205407.480040108,806040000,995799999.999999,336647.21298849,418690000,92774000,1957055.28455233,30940000,259326.092724883,157412.813397642,153151.337265919,210790000,9205900,2335500,105710000,98348.3817655778,57167.6801800752,271170000,72644.4825030419,3994200,64885000,12356000,412343.363214971,668790000,71258999.9999999,774060.000000001,2971800,213580,156470000,14008000,4827800,9574799.99999999,8606100,294910000,4805000,12409000,25650000,270324.334189757,173340.085374291,1285400,139113.491569008,227130,10145000,5388900.00000001,8247699.99999999,15510000,39394000,3065400,361236.926179039,390327.239976201,46203000,10854000,816520000,2721600,1337723.38611476,67533.0158402818,49157000,1721200000,67251000,282915.584955256,8.71e+08,83703000.0000001,13964000,65245999.9999999,47371000,92720000,120530000,187250000,13504000,6164900,17847000,387094.95610278,3562900,10649000,115418.828250986,39649000,2324600,13177000,8597199.99999999,9855699.99999999,12490000,557459999.999999,1167500,601055.116304446,260730.036910691,8334800,3134600,3072200,303070,246279.253551278,153230000,173535.759225722,15409000
PDAC_6_imputed_intensity,2,140530000,402240000,3902900000,13279000,131274.714282952,20725000,120900000,223710000,2.6323e+10,2629800,320221.280372823,225510.978357324,202500,5150299.99999999,194241.707086174,79510000.0000001,9507100000.00001,827620000,363540000,1155100000,2558200000,2583300000,53453000,280050000,319570000,1.1402e+10,123520000,323490000,622442.120425908,2162800,71848999.9999999,101800000,239294.418453963,27165000,239395.280374686,350752.465438762,3438500,9495000.00000001,12970000,30759000,15070000,81150000,28055000,7886000000.00002,396370000,1929300000,1255600000,127790000,255040000,87250000,112770000,40004000,41016000,43982000,150570000,3927700,169995.566289084,3224900,3482000,175254.461371653,256315.762077449,7733800,44327000,7357500.00000001,1214100,275517.573446688,1518900,366806.860240262,43653,15576000,623120000,42892000,689370000.000001,114660000,42832000,6757200,129330000,32965000,1603800000,6033100.00000001,68442.0050887456,5244199.99999999,263336.432608799,852490,771740000,77717000.0000001,19247000,8690499.99999999,5786300,16492000,2248700,182017.569097494,8308699.99999999,506503.211527451,385794.872241724,3200900,8502399.99999999,12657000,6229900,15061000,135062.852927482,59157000,10451000,333460000,5295300,32305000,57974.619641441,3480200,11778000,57448000.0000001,468520,22953000,3191700000,767030000,81663000,310520000,7172400,122016.269884962,4146200,12483000,579125.027710805,31118000,2471200,44629000,7103200,280350000,391020000,355870000,109340000,1120700,77261999.9999999,2257900,6.81e+09,237235.150343822,8712800,12339000,75400.1652071065,349941.244632829,23838000,20284000,14812000,7438999999.99999,96400.9128834338,128623.075983814,534474.660166629,58831.7354578433,2.955e+09,264858.597679196,757993.853939489,34125000,437199.516985614,1025400000,39396000,317120000,1471100,3969500,3010800,59608.4662788048,267345.051619581,873110000,3484400000,448730000,367845.893598512,1447700000,455150,115640000,17340000,210472.358275666,2705400,189390000,3633600,919420,147130000,8149999.99999999,32420000,9016300,155592.386768867,71292.1321288074,6138300,8490200,877928.069173734,46514000,308935.371352463,1101436.03483276,374240.02005804,1426400,19500000,2330000,4942000,207532.05924975,1820100000,806210000.000001,3712300,773010000,306270000,52477000,85152999.9999999,4392100,210247.619956162,210849.008822294,907710000,8065099.99999999,2833200,27971000,351052.683232177,246898.756788703,95600999.9999999,254477.149387778,123310000,19837000,1026869.11615099,107717.332584819,547950000,76161000,162073.962155119,5843800,455030,111750000,31395000,383035.511888024,8286000,4685200,258670000,3025100,9907399.99999999,21907000,388304.786847368,111493.07196102,2128300,126115.818414466,130430000,9489499.99999999,173099.390345704,3556500,12372000,49741000,3402500,485219.496500927,389701.579316576,30748000,142223.491477871,69849000,2843100,185573.01056938,402185.784940368,63976000,1.101e+09,27242000,512057.753417477,741649999.999999,64309000,2751600,50831000,51777000,60237000.0000001,80566000,192250000,31733000,24373000,20050000,257951.141512434,2993600,279995.580191395,110412.609360706,23730000,1841700,864240,65861999.9999999,5381500.00000001,226557.301352992,645519999.999999,773210,457705.076645998,40854.4182571225,6184500,2504600,235968.189419379,340902.170596558,272167.562013488,142180000,203208.796489578,9991500
PDAC_7_imputed_intensity,2,31048000,688000000.000001,3171600000,15543000,517240.275317784,21814000,179980000,117420000,2.4524e+10,9013599.99999999,150481.749010419,7366600,22188.5162757977,67068000,226482.209676588,103340000,1.1326e+10,1139800000,1492300000,1322100000,3482600000,4802000000.00001,108210000,637790000,730250000,1.4739e+10,98744999.9999999,435980000,3185400,11796000,99057000.0000001,171810000,2645400,21718000,27116000,166840.030331289,23514000,247714.959631691,9932700.00000001,12231000,10501000,58484000,32636000,6822300000,277170000,1.659e+09,986339999.999999,86459999.9999999,217890000,70342000,80937000,41094000,48321000,60982000.0000001,130990000,22457000,538805.3089774,3065900,7691900,519495.977139583,3421000,6870900,76159000,6705100,802029.999999999,5417600,4821000,442795.231236683,695530,35355000,849119999.999999,34085000,929430000.000001,99837999.9999999,28834000,8201400,123230000,60049000,1692100000,17693000,216786.003478095,641474.76277712,328063.017413032,1300400,1049200000,63197000,27676000,16775000,8726500.00000001,14034000,246949.730248404,170510.141433262,4272900,9657900.00000001,448490.578116097,1314000,27682000,3601700,13045000,11540000,504088.127173626,95247000,27628000,251750000,4880899.99999999,49937000,374941.104641713,969811.529965439,11454000,79337000,1635100,29652000,5284899999.99999,1882400000,67248000,224210000,33781000,2412400,3704500,5011700,133247.229637845,137950000,4430900,52049000,8022600,310830000,240930000,2790600000,1021500000,56764000,38845000,6060300,621480000.000001,2526461.96458423,16051000,10276000,482337.869470699,391449.722549616,21290000,27288000,14638000,7689900000.00002,182039.248494989,431542.808872121,4855500,205512.306353795,2468200000,101268.831023951,21335000,58045000.0000001,215136.569727134,784810000,25337000,183010000,3643700,2611500,286560,183024.235254661,1256800,667299999.999999,2709300000,426030000,31851000,1881300000,459176.569334916,123750000,26567000,572950.25041652,910289.999999999,149320000,271900,923910.000000001,76818000,10873000,69200000.0000001,11761000,373347.761062857,271934.889864022,8562600,4910400,588339.742610347,27297000,216674.783877689,431508.46993406,183882.359638837,1284500,28134000,3255200,2775000,94703.569806223,637640000.000001,381930000,135717.115741372,859160000,197670000,36758000,26842000,320336.776355562,1021095.88764552,632523.710012984,664110000,294410000,7328999.99999999,98034000.0000001,1304878.5146394,511860.766463543,219650000,137369.875665471,66609000,93691000,13870000,317821.093289211,549640000,103080000,1332000,7426600,225510,138100000,55260000,1270525.8892675,72137000,10482000,269430000,6176900.00000001,19358000,35146000,692654.201045206,757657.169950313,242317.93003818,3209600,466749.999999999,10891000,6408099.99999999,7847599.99999999,8699200,35484000,162402.934153808,849998.900602244,112541.298347637,5352700.00000001,17813000,99299000.0000001,5659500,176192.349572445,237477.117372459,45035000,1234900000,25578000,248485.543466936,756260000,125150000,11011000,104760000,73219000.0000001,34015000,82786000.0000001,140650000,38023000,31375000,13229000,759739.246550365,4797500.00000001,950778.152358516,361114.872497294,120730000,114469.393858423,624200,18104000,9405900,133722.323744449,495970000,256194.257974931,862419.622307395,13858000,8690199.99999999,4744999.99999999,2292500,346700,48579.3543632447,224680000,170984.837205859,10999000
PDAC_8_imputed_intensity,2,283778.22603143,476240000,6236700000.00001,10405000,466503.579851347,20139000,223340000,137300000,4.939e+10,762596.609861167,1327467.53528168,130045.965564889,404144.273581578,564650,560700.194326838,238560000,9798600000.00001,773590000.000001,770890000,1076500000,1181400000,2615500000,40428000,118940000,479760000,5685600000,164380000,303810000,554092.712362813,125971.341149923,93386000,177460000,539524.562925741,14600000,15769000,280620.167097543,424634.190961628,704410.270313122,3638500,13548000,23935000,28079000,23842000,8459800000.00001,146930000,1423700000,650100000,83369000,267570000,140990000,103500000,41583000,44672000,86074000.0000001,101330000,9384400.00000001,148524.09106685,2371200,1280800,853236.955339095,262901.207007182,62329.0101845115,46284999.9999999,162196.470010098,674845.790263266,238925.996227494,1958400,499850.521541587,1822196.08708621,22262000,635780000,33151000,1306700000,52723000,38949000,10946000,128550000,112690000,2013300000,55320000.0000001,760972.261229041,605733.831893242,378064.966303767,210380,856920000.000001,35501000,31491000,1307274.70333153,5797700,15260000,216924.364110375,174891.986026898,664618.379225338,3513900,345891.654960712,8696800,5467099.99999999,4117200,4985400,13763000,999059.624703623,59222000,10617000,230280000,2639400,34476000,1258890.54109519,406533.787133541,9031599.99999999,46195000,273911.046686197,14326000,3238800000,2066800000,53490999.9999999,406820000,3268600,374254.761922089,3277500,138482.936111135,819901.99152112,57340000.0000001,468224.636470592,48797000,8905900.00000001,467060000,331730000,874820000.000001,246730000,16018000,80592000.0000001,845299.650259795,8.031e+09,1294629.50801301,4839700.00000001,276582.37180425,487166.244045409,439843.902897131,43348000,3153100,73986.7151403899,1.1546e+10,857905.43612959,256430.158909039,658117.148133863,624293.526363786,2457200000,302318.700099512,258258.978606489,84173999.9999999,562932.034615675,2.937e+09,48792000,387980000,273253.79307383,4045300,2304300,874172.093361524,195735.641929938,506290000,2020200000,94946000.0000001,327079.672437838,1431100000,272714.641036951,73691000.0000001,41091000,167719.233520115,150000,110160000,1476900,416529.057787335,141500000,19976000,32577000,10260000,6349000,450793.751405613,3539500,10339000,591356.964722406,55337000,254528.530872301,204670.293341601,542077.617382428,498517.275511851,25875000,2686700,1119200,474576.647182126,322500000,643820000.000001,380146.536694371,875420000,211020000,355592.294422349,80245000,462981.194161243,370195.66214422,398866.036020567,416200000,1487967.60084863,947270,47801000,405543.625730407,304558.966430745,43414000,494807.699370488,14106000,7721600,133792.056111411,551048.261230669,944210000,31686000,989200,2900100,215154.586977193,175990000,1066967.53284365,405164.850831386,7961800,11087000,242100000,411614.18574365,218273.845737267,3459300,346895.062815131,273262.674496491,844686.159422783,168029.062921898,525230,14538000,471789.962518801,457262.001992138,13029000,54411999.9999999,712012.422834988,537614.967774994,1594923.19911327,4547200,402508.15392229,6874999.99999999,1962300,416304.426565253,270112.558057795,113680000,2363900000,54984000.0000001,1911944.25329783,655989999.999999,116710000,19199000,109900000,43023000,164120000,100060000,310470000,819969.484411173,310441.068467697,389072.329348774,467089.082850055,1472500,248601.246845616,914711.003250885,21141000,398899.849012678,1046800,3167800,477821.027118639,505453.399697891,699550000,1040914.23599137,164100.609599527,540267.953879038,6009500,1168400,5213100,291474.155175127,620482.640329398,186080000,226206.586794569,2503400
PDAC_9_imputed_intensity,2,50556999.9999999,410970000,4890900000.00001,12508000,594835.970013079,29421000,136930000,177500000,4.1763e+10,205649.870040512,234668.993772714,5067800,249925.505369168,328736.710590068,304394.751197256,259330000,1.3175e+10,1570300000,1753900000,2189700000,2536900000,3088200000,62327000.0000001,223550000,1026800000,8861900000,194200000,429740000,11257000,2111899.1141642,92908000.0000001,151130000,3490700,253619.854695648,16255000,188614.4173269,4291500,15102000,14385000,41436000,15076000,56617000,18175000,5300900000,308360000,1947400000,2505200000,252250000,192660000,82160000,96525000,67862000,48590000,95897000,88632000,57744000,630264.276208417,3265500,5260500,835807.592824794,3769100,808536.027153392,45486000,767662.888902396,1025500,1652400,1303800,5989700,301094.115474207,13938000,629620000.000001,86368000,906679999.999999,141500000,209131.285937938,11832000,122890000,68805000.0000001,3131500000,18081000,815393.816554888,757022.996555694,239907.938328983,829139.999999999,497489999.999999,56860000,31669000,256161.769577131,5718200,19881000,618549.683411454,2256400,347146.443953141,135080000,373838.648614391,14189000,4788800,329703.717441,4009900,10788000,182417.629546866,48480000,1647000,58963999.9999999,314869.345134512,16710000,87477.4399951477,6890400,9482000.00000001,83082000.0000001,379630.367524674,20944000,3730200,1403500,634087.680238038,406130000,6064500,2485000,4180800,913877.105241813,10962000,84685999.9999999,790808.202924463,58725000,6744599.99999999,643540000,379500000,4554299999.99999,1723400000,54380000,95542000,418591.936587855,629640000,97433.6568542863,11874000,389308.732619121,639069.699736997,376310.368409083,44467000,17181000,19946000,1.9217e+10,373436.693603798,659872.404644509,188549.76104356,574699.108314474,4587599999.99999,709814.95549546,50565000,157110000,393500000,1529300000,897790000.000001,444900000,227216.504217008,5562300,230322.9970753,635698.474109597,7954100.00000001,769470000.000001,2408800000,127050000,24795000,1.92e+09,196197.978367636,67433000,47183000,632734.383781249,739069.999999999,131200000,3042200,11042000,114520000,25488000,32412000,11207000,12580000,747055.681627654,289492.590894671,15600000,2846700,67496000,244632.193093397,534887.942854029,134223.525364561,179579.43852801,27676000,5949900,176019.477897063,884591.01380008,528509999.999999,476339999.999999,7120000,659020000,4.09e+08,52861000,68480000,699185.152550473,303310.001983495,457977.176945677,364290000,399934.495213719,5950499.99999999,71755999.9999999,223601.913299898,442415.159286933,407060000,1305739.58346534,69859999.9999999,5303800,30553000,1107235.78996386,834700000.000001,111170000,1633500,1933900,567860,81882000,309050000,4471600,129740000,11172000,480820000,4565500,733961.104139538,556609.735869953,1877267.17643915,499894.130953488,146234.935903275,2707400,3986700,20717000,332091.001225587,4381700,1309921.07082149,80092000.0000001,192077.272665981,2479605.86692545,34396000,292504.578361691,1611404.29799764,17698000,4090400,302603.608201932,102818.549853801,139250000,1123100000,26497000,242200.966748421,499910000,102190000,15071000,84747000.0000001,55592000,60085000,143300000,185450000,30779000,733428.538856281,527985.266612027,222212.582398897,3895200,777947.226324575,108796.334110316,28139000,647266.166299258,3865000,15464000,4280400,31285000,601880000,172780,153970,1225962.65042493,5659700.00000001,3396600,59817.984199037,78394.0000000001,321929.014011438,128500000,544920.034391189,901623.70697071
PDAC_10_imputed_intensity,2,97255000,841910000,4728400000,20970000,1855100,23018000,162420000,170970000,3.0749e+10,4144800,480043.312257159,5175100,183548.467160369,16376000,168590.435720075,86395000,7371100000,405500000,536920000,3087100000,2297200000,3027400000,69848000,673890000.000001,502500000,8671299999.99999,158400000,484250000,9872000,2445700,101020000,172490000,12588000,12898000,10382000,169129.32815425,2014000,35987000,56671000,54727000,11634000,223320000,40566999.9999999,7289499999.99999,327040000,1485100000,1474500000,159830000,231560000,78638000,57418000,54673000,71098000,79842000,74667000,50696000,177239.733206086,2088800,5675600,2089500,2108400,80012.8648951329,57332000,7049199.99999999,833541.785192012,4272500,336553.675782839,14757000,79898,9730200,815919999.999999,28003000,1155600000,92708999.9999999,31674000,7938300,137670000,45525000,1904500000,12675000,755610.497640874,595087.2634492,180843.361260452,396699.657666149,897829999.999999,93136000.0000001,43744000,15844000,7071899.99999999,8562900.00000001,124336.992459985,297723.771432459,9750600,108770000,342062.795104187,9068800,15811000,150290.759594204,12830000,12936000,116160.027538554,47838000,1643400,100500000,144690,23901000,299474.012871235,446800.202373359,10972000,67360999.9999999,867880,37155000,338610,1164000,395279.000667966,342160000,23554000,93041.9262673668,10023000,12890000,12103000,153490000,5216500,58092000,6110300,290130000,443650000,4307000000.00001,1605700000,55805000,62537000,30697000,7725700000.00001,152969.385995783,13480000,12322000,410845.321369966,238825.395581071,33244000,16863000,10062000,4883700000.00001,9710400.00000001,233267.386235278,271328.764374366,782740,2.757e+09,170163.041162115,18481000,92274000.0000001,358864.458498051,1249700000,25848000,396500000,2495200,4785600,6365300,226297.34952675,6743300,812430000.000001,1786700000,447699999.999999,31513000,2234300000,176233.054632425,119510000,20975000,163787.050092259,796430,125240000,3509500,11835000,81050000,13741000,28795000,11087000,844667.672813925,172290.299422157,1873000,7699400,4143899.99999999,55659999.9999999,302736.943986694,706397.018741087,201258.283451631,169324.158974779,35447000,6163599.99999999,1267500,480924.218660973,1075100000,616480000.000001,377175.416223732,510560000,150500000,17896000,28918000,174432.838086427,267163.080374779,485642.372860485,252230000,8584500,3936700,63237000,215480.33700104,280849.152084814,1194700000,3007700,12927000,351430000,11996000,352181.337203984,743440000.000001,49774000,62602.7460148585,4410000,348600,106350000,504399999.999999,438562.792733603,113010000,17429000,372460000,15537000,12928000,56056000,164396.158507963,963826.939869445,1376600,2671100,41480000,12864000,5339800,8021600,5319500.00000001,57441000,2658100,80445.4070285141,235677.701886948,12462000,4870100,137410000,2900500,106468.532619322,337949.303495975,50747000,1745900000,27658000,97956.3352127619,612940000,127100000,13978000,104800000,41471000,97290999.9999999,92478000.0000001,161100000,10818000,254797.920637308,11350000,244423.775204024,4445700,17029000,1888000,77922000,2976600,3163500,21591000,22186000,33787000,349520000,242154.605617942,99172.5657487493,322055.921006828,6699100,3771600,2228000,161020,13391000,197980000,652404.365244335,6943700.00000001
PDAC_11_imputed_intensity,2,105030000,575140000,4896000000.00001,5674100,292385.505776368,23867000,189220000,253730000,39908000000.0001,451940.538874138,91075.2370933986,2001494.91393744,287198.957124958,2972200,215286.303655189,122940000,1.2176e+10,1278400000,867549999.999999,1659900000,993070000,2834400000,56020000,285270000,468420000,1.0098e+10,265690000,658280000,5661600,86819.9393317525,105930000,207120000,21993000,16292000,14668000,1304598.98889438,6112799.99999999,53437000,94938000.0000001,81754000.0000001,19560000,120450000,30631000,8182200000.00002,210520000,1831800000,2196500000,248080000,277920000,132380000,87814000,54887000,65975000.0000001,86757999.9999999,100840000,4057000,941843.095874235,1821300,4202800,125324.802619384,1766400,13762000,44491000,11286000,564459.12825993,3247100,1137600,1319299.98647075,609256.575862511,6950400,749590000,45534000,1236700000,47907000,30271000,257383.868216656,322030000,67274000.0000001,2154800000,17394000,170804.766450404,211747.482509565,183254.835041097,182090,862520000,90178000,60652000,698356.750666843,5187000,23958000,990714.820013072,1652100,254377.903231092,76340000.0000001,642712.696865686,10850000,6571600,110764.995577951,9536300.00000001,11370000,460681.372533992,109580000,3361700,30988000,607580,25457000,85440.2009343136,505872.448064244,5511000,104160000,581916.385518467,11592000,3208100,1385800,663805.656772828,305140000,4575200.00000001,648873.059467559,2471700,4958400,7140000,84220999.9999999,1094120.98942051,62879000.0000001,8147900.00000001,516720000,309080000,581870000,140930000,4239500,79588000,19188000,5876600000.00001,432524.568491255,10466000,5458000,896213.333501532,428364.076364143,39697000,4948800,12307000,8158700000,183843.288415274,148062.251473499,1319030.90324567,335359.460488042,2481700000,136440000,21731000,157040000,245400.458527307,1.221e+09,29332000,673910000.000001,556697.165923499,6355200,1853100,697691.895838136,8803200.00000001,582270000.000001,1161100000,115080000,19489000,2165400000,159710.612886923,58437000,41986000,554024.65701962,94112999.9999999,175210000,1366362.80451234,2567500,95447000.0000001,26917000,17498000,13908000,7969300.00000001,1373799.36995079,1774100,76412.224113398,4858000,56094999.9999999,500848.145119127,305564.45897677,971024.919049559,972750,9564499.99999999,3255100,1341436.46480758,930353.450446019,1100200000,597570000.000001,1023544.69044614,602799999.999999,392570000,9488000.00000001,62035000,364837.165541335,441122.869949397,710520.740200151,643149999.999999,1558997.87000499,2007100,73177000,343259.509764239,634456.854469466,434250000,570715.558354188,9246600,516893.994730521,8822400,86936.066675269,779759999.999999,57607000,800505.380541477,2150900,357630,115200000,206980000,2531300,4938200,9033199.99999999,467390000,2675500,427749.545434404,468307.63500558,536392.102448116,389948.736972232,729283.570696756,3117900,122200000,16785000,5730300,362073.553227058,7426100,71050000,479755.64228503,513654.567142151,417655.908794714,9544400,298356.402021238,37328000,5182200,215920.238576576,227267.614983339,148660000,1258800000,26408000,358975.098678805,740830000.000001,99727999.9999999,11815000,84234000.0000001,38368000,108920000,115640000,217730000,7346000,485950.246115495,215637.216781548,438308.914641261,2603200,215471.409445773,1297100,7260300,136368.243205125,213810,1484600,508360,44161000,507359999.999999,91883.417309064,190116.856661316,719964.120308488,6463300,3740200,5721800,273771.267168642,1273167.86313961,77130000,329108.92474472,193309.653048295
PDAC_12_imputed_intensity,2,514222.975150736,799630000.000001,4690299999.99999,24941000,2883800,25551000,188060000,148400000,2.8285e+10,5794800,220894.219991183,3369300,118331.937896786,100700000,4416300,101680000,5679499999.99999,791850000.000001,332630000,3302300000,766870000,1.513e+09,179400000,1689700000,1237700000,1.0194e+10,195250000,521090000,4620800.00000001,5414200,90751999.9999999,154040000,13861000,14952000,174772.036075892,142197.134659577,1563200,45312000,53555000,65538000,11185000,199480000,28692000,8702400000.00001,444679999.999999,2754600000,2839500000,329650000,242200000,97871000,83986999.9999999,61787000.0000001,106180000,89290000.0000001,114890000,10896000,55788.1427396366,1799900,6095700,799598.783515204,6948500,197415.861674223,82020000,10358000,1337500,3370200,379154.609883781,9969600,48501,10623000,1010900000,53870000,1351200000,112210000,47676000,35910000,245190000,60084000,1691300000,18077000,94608.0245213225,6450000,49838000,870900.000000001,858290000,54004999.9999999,50314000,83572999.9999999,6370100,14467000,392154.144322621,88300.0789725959,29855000,126730000,287569.394291452,5103700,15161000,5012099.99999999,13348000,12272000,327140.204934636,55118000,2348700,127620000,256660,25145000,246673.754065686,3189300,16802000,33259000,439851.522517327,19720000,2643000,1605300,161367.187939168,309510000,19954000,402965.216195542,5678600,7481700.00000001,3706000,70558000,7353200,34289000,10803000,347230000,261710000,1168300000,441999999.999999,13180000,49697000,28100000,1.0241e+10,2897600,13181000,14740000,8737399.99999999,350578.53497777,24709000,11368000,11084000,5038799999.99999,775491.42091429,692741.426351736,2490467.83235655,443750.220385526,2282500000,248791.364074399,8881100.00000001,83138000,33986.9948098041,649180000,11899000,200042.707739673,2044900,6551300,2764300,343249.462865281,1129100,757689999.999999,1956800000,225270000,24133000,1980400000,292193.553673625,138410000,23311000,330672.373414304,98252.5978292106,263290000,156770,2658000,120030000,12581000,42121000.0000001,8090700,10966000,149489.571490949,3435900,14003000,5129600.00000001,51210999.9999999,391042.079226474,453250,118710.873013417,825200,28397000,8437600.00000001,2142000,443237.69999814,784490000,1180800000,209915.869689846,501310000,240300000,6697600.00000001,25705000,414100.613404586,278448.812185159,229224.733600847,508240000.000001,46005000,3851600,181130000,6802800,68099.7025206469,1312300000,48903.1904679346,30642000,165720000,59270999.9999999,204767.770581081,585470000.000001,65486999.9999999,78137.4891416626,3049200,182800,24817000,270690000,193670.851364757,8986799.99999999,7214200,749930000.000001,8593100.00000001,11655000,61288000.0000001,308463.143265473,319976.184803974,3310000,4870800,6755599.99999999,16714000,397459.335151413,4946599.99999999,7998400,29165000,363221.523031454,183914.42724241,73024.1067224122,36419000,9601599.99999999,765879999.999999,7775500,635490.464949999,285454.708234963,43837000,2022700000,29601000,236940.266484485,1098800000,78422000,5430000,140640000,55236000,72795000,91336000,158300000,21974000,215511.011988044,18425000,2865600,7950000,21851000,1436500,56711000,5296000.00000001,983869.999999999,32951000,5079600,76195000,321570000,65621.1657335377,150979.01229192,6444899.99999999,6357199.99999999,4483000,5552900,1273421.87122918,34677000,192840000,54856.8462853347,2863900
PDAC_13_imputed_intensity,2,81654000.0000001,655169999.999999,4971100000.00001,15913000,174656.740163331,25133000,197520000,297840000,46863000000.0001,325813.491038755,831155.585793136,854488.964376603,245605.740778275,178286.606938617,899830.281991575,136310000,1.3414e+10,687300000,296900000,2469600000,1504300000,3496800000,95343000.0000001,307400000,843329999.999999,8863300000.00002,246400000,877490000,3645900,892714.27721871,117620000,325830000,5937900,29738000,212580.475561574,311827.100171172,6648600,24675000,60029000,70694999.9999999,21844000,97522999.9999999,35179000,6818100000.00001,131550000,2091300000,2251300000,220960000,294670000,73899999.9999999,94209000,86383000,75534000,122620000,100960000,555223.623895006,1546647.1891927,1142373.1659004,4665600.00000001,611003.76894479,361330.331804698,1025937.49667327,44532000,1063542.46227803,1014673.73104079,531244.738128744,434140.441086836,457767.192048903,241640.87045262,1.1e+07,952019999.999999,83395000,1594200000,139030000,31766000,503640.05244143,391200000,84010000,2466200000,18110000,346274.792900695,5719900.00000001,1297610.07811294,2026405.87100766,686970000.000001,120890000,43801000,828716.57570565,7283199.99999999,28957000,908543.531925594,380305.049340465,507335.674805823,20598000,220366.19135698,8483500,5517400,4524900,3347600,7910800.00000001,766462.36578107,104360000,3203900,55001000,814222.699006938,11489000,338289.629457388,362324.556165444,21889000,71477000,139821.739448639,17856000,754220,1392500,2341227.84476395,442150000,3252388.85444429,316248.294031263,311944.885545197,7494199.99999999,7837899.99999999,99460000,265357.868400555,23736000,962469.163029511,498729999.999999,208100000,444220000,129040000,1113472.23266163,68378999.9999999,397892.08524158,1.4106e+10,690083.724875113,7783099.99999999,5132299.99999999,2921575.87380104,1502053.85679755,42405000,36377000,13159000,1.5697e+10,290367.890356675,919376.566368359,375260.490870457,4839200,3844100000,542922.772588597,302687.408455707,47884000,292584.896056495,1757600000,25565000,1161782.02848351,1832100,15486000,2571700,1274793.67082131,8072400.00000001,437360000,1353200000,141050000,42003000,2991600000,581624.505672436,61019000,34052000,424823.573420004,21384000,338950000,1080500,3671900,101970000,15869000,12133000,14483000,595330.505397905,708540.461278784,2790900,12675000,1671400,61639000,394961.998051975,209656.651240286,645959.875158759,799766.357709648,3034200,5138600,1040002.4511032,383235.063489964,1216300000,453730000,609692.062310948,907529999.999999,582220000,23066000,90103000,547091.576607309,368939.966696811,355121.908850193,551679999.999999,533519.622680142,972914.215250631,52831999.9999999,219489.552646868,2156472.38724423,742480000,493112.367735021,41049000,730102.416341912,19491000,1501572.06159398,862689999.999999,54418000,220932.853850817,4914200,251460,80941000,154770000,1008389.74286263,319353.478156074,8570799.99999999,347170000,7697000.00000001,2487633.72711539,804406.614824026,519006.843989724,237578.771307655,705921.538805585,1176597.19578299,19925000,22975000,648630.603175629,748162.940142965,4353900,52551000,319635.472062698,1192082.96009509,1425843.25779123,8891000,927574.153280922,75005000.0000001,1665392.72001485,814288.860145832,2246787.92016303,111430000,1649200000,14992000,341960.90456235,936049999.999999,102790000,10682000,75055000,50808000,181100000,101330000,2.11e+08,22662000,366430.703687729,502316.66310133,4740799.99999999,3413800,413640.956988815,811854.047856686,26156000,1215831.49205633,1575000,717072.072440528,3833800,41189000,485720000,481738.818619411,254805.55523103,253726.9522354,7408400,3745800,1144914.46194344,42603,584629.451968209,47207000,338812.636313716,504382.256024109
PDAC_14_imputed_intensity,2,3649800,302690000,6246499999.99999,3187600,511638.742933733,23108000,192470000,177520000,31251999999.9999,314653.757219115,462637.558992034,121184.378451272,1319400,377780,193675.080900342,117860000,1.3436e+10,705480000,982360000,1637500000,2713500000,5104799999.99999,56192999.9999999,340180000,766510000,8945600000.00002,215230000,329660000,187858.268830758,418633.877670291,78120000,159840000,374665.538463028,21542000,14850000,268323.955105861,2986900,236142.516309191,4253600,10922000,13122000,41934000.0000001,19519000,6954200000,287760000,1245600000,543690000,70179000.0000001,212820000,75042000.0000001,119440000,53474000,67784000,77105000,97700999.9999999,7734100.00000001,4576500,5150299.99999999,4110400,493937.100954882,3249800,6090400.00000001,38033000,157386.962184728,463920,5429000,202552.694193677,5507000,1055398.10069135,20613000,542400000,42832000,852399999.999999,88580000.0000001,12053000,9349300,116980000,57735999.9999999,1730700000,31401000,250952.983889955,217067.777348558,37514000,2014100,558570000,95139000,19070000,880339.060998301,8573599.99999999,23033000,356648.066668823,246900.451341109,507210.429590508,6933800,72500.584390106,13282000,4406900,16775000,16356000,20832000,345924.876021334,79346000.0000001,13840000,246680000,7092400,35752000,208818.944772837,355025.920497278,5672499.99999999,47448000,437020,17945000,2837900000,470830000,38934000,474290000,16991000,383157.212996033,3935000,6034100,1733008.37860886,81312000,208047.466251255,27298000,5204100.00000001,409120000,272240000,565630000,189750000,8384600.00000001,72807000.0000001,4663400,6724899999.99999,248594.690993893,7353700,12342000,127101.798388933,8750300,38934000,6078900,12965000,1.0271e+10,197138.122633798,20166000,202943.190707598,1125792.97002771,2202200000,351949.274720981,11942000,54610000,170373.490764504,1235400000,28635000,663399.834651469,138104.243139098,10676000,1022200,588272.113804948,225682.00363157,1134100000,2739800000,131450000,346898.265206666,1295800000,10827000,61008000,45901000,179593.769638744,1946200,99843000.0000001,183670,942510,111280000,12082000,67369000,12474000,6409599.99999999,364730.313539496,6339500,5253900,405631.437978618,54008000,414468.309151304,536439.563282132,93902.062347593,562834.869190383,14559000,3377500,7185600.00000001,81755.7151427503,563730000,282290000,338331.475119238,654830000,151250000,612655.938023139,553520.352545824,117971.679442162,265420.636213646,48761000,771290000,395074.041683391,3020200,88612000.0000001,264976.907336559,428874.627428022,95237999.9999999,238596.670383152,127620000,11002000,21291000,528131.727268045,651730000,50329000,323057.357777113,3877900,879285.113218055,228150000,11505000,261515.130447036,4975500,4797700,240600000,9512799.99999999,193146.780092502,23715000,853706.184915936,401202.46441026,350430.73670618,372614.466736362,477069.16639682,20635000,190731.96440944,703916.080361978,11181000,69037000,276188.745985816,524951.328162264,554818.538722491,45440999.9999999,133326.455215523,22884000,2556800,212887.955628436,462194.713603435,109680000,1425800000,36849000,324065.963551873,603400000,114260000,20573000,66940000,47754000,191400000,96519000,186890000,4091200,9534200,369345.319234033,706899.88915987,3856100,105267.788086185,193430.775766311,15370000,426558.913216498,1110300,21074000,735029.458556677,234340.836772857,645410000,406928.23063296,275143.333491065,239176.435742894,5991299.99999999,2806000,8042599.99999999,121933.783606929,865360.687145651,409010000,411720.602946513,3124600
PDAC_15_imputed_intensity,2,280370000,611770000,8037600000.00002,141022.944208163,129689.020945983,19702000,231230000,217580000,3.5324e+10,7647800,555140.194836767,4360400,765409.999999999,8294900,607439.605506788,120110000,1.2425e+10,647100000.000001,1394400000,2.004e+09,3505100000,1886900000,41553000,517030000,631700000,1.5751e+10,139150000,537710000,953115.856704802,2748200,101020000,177090000,100267.870145738,25750000,1063875.07675563,328217.659048819,2575700,2714200,7070000,23027000,18791000,45989000,20074000,6869799999.99999,166720000,1629800000,1644400000,210290000,251850000,105030000,95396000.0000001,53289000,72347000.0000001,80114000,99123000.0000001,4332900,273079.08246328,241244.425278625,4251500,362075.491721412,520455.797840444,137887.254621233,60388000,488979.578500084,703378.873287228,172733.257392973,171651.698483096,574564.297891534,761960.266682716,17921000,852379999.999999,56910000.0000001,1089900000,121320000,19259000,900055.786253949,151940000,78706000,1891600000,7589800.00000001,328317.243951753,124818.785063399,637000.993736729,293127.825614402,495130000,91047000,26358000,528396.977223101,6836500,23443000,138258.16546324,315527.038479458,6268300,370769.963101119,399388.325474121,8415500,5426100.00000001,10519000,28616000,21765000,843656.172302029,29776000,20422000,219290000,495000,13883000,210744.12564495,257586.732846766,6176400,47386000,444146.233496235,22813000,3632800000,1374900000,38098000,383030000,9982200.00000001,161050.929034903,8839800,7410100,333276.274863362,47414000,477436.444165072,44110000,5708200,414390000,351770000,400680000,138800000,410802.267895526,61589000,535878.164144393,8516300000.00001,408135.307708142,12928000,10628000,1148328.29667157,86064.0854199219,23714000,10274000,34020000,9681699999.99999,605888.416177918,36221000,346252.744934334,465962.554825201,2819300000,195240.474697618,220864.105856333,63601000,164166.676396671,1701800000,51536000,404710000,1013900,14524000,83372.0879823623,1613958.75310197,350472.014639039,663990000,1455100000,93952999.9999999,123780.801416374,2260800000,460955.59544576,77033000,43142000.0000001,575555.550650576,1497100,163770000,541040,581940,133610000,8290000,10765000,8895400.00000001,199360.378512677,225259.107391657,4064600,300359.204853134,323286.007756948,66863999.9999999,938377.811836732,235489.075824456,323789.839386037,489104.539654156,16792000,2480700,3814300,522429.226523618,1023200000,632700000,247590.398021725,948990000.000001,149050000,24082000,77137000,200880.375963545,117731.494424606,109810000,579050000,416135.910498767,2258500,67793999.9999999,483100.858675329,202961.982485884,482670000,3181400,17297000,7831700,24984000,202936.315141988,753650000.000001,57474000.0000001,576279.902835623,1961600,945340.000000001,97899000,25996000,2505346.46537326,7313500,6722500,238660000,2059100,5045100,11761000,528008.176475494,350851.427894758,406146.846510338,2111200,634559.999999999,16552000,595768.954641831,246848.611113441,14322000,39301000,5810900,152553.521879659,475144.17103983,4080300,6437799.99999999,25268000,1881800,485751.111379975,223405.321241805,105430000,1619600000,33265000,452514.635131169,716890000,118440000,24755000,73729000,56655000,83245000.0000001,126480000,264670000,24267000,8686600,9085799.99999999,432737.48300301,2557500,368321.521162919,591181.964127671,22880000,933438.940771783,8421600,10006000,4566879.86506596,510914.911840102,369230000,1156807.46567609,815343.154797995,290146.221596906,7418399.99999999,2080700,576427.696236554,1332092.31056088,809571.40876955,180550000,167503.662105141,537281.982614471
PDAC_16_imputed_intensity,2,97526000,779019999.999999,3.784e+09,16674000,51735.5746885862,15754000,127800000,232430000,3.1767e+10,8098299.99999999,79187.1215754952,4840000,774620,32978000,120989.769474285,107240000,7705899999.99999,585060000,227190000,3643200000,5920399999.99999,3776700000,104470000,850820000,687750000,7594900000,150790000,435430000,333200.483690558,7935499.99999999,105020000,137300000,1091500,26259000,9970700.00000001,432249.243961542,2612500,15668000,11719000,17768000,17790000,95164000,44053000,7990900000.00002,251360000,1865100000,1338600000,151730000,258940000,77364999.9999999,94162000,44049000,60660999.9999999,69805999.9999999,135120000,13178000,313015.947656883,213268.61233883,4626800,237935.628280639,2320100,403113.664883072,85754000.0000001,120477.282062565,793740,5010500,3315300,743977.046100932,1144900,12445000,821140000,63016999.9999999,920430000,70346000,14906000,94347.4441872436,88280000,50571000,1625200000,10430000,66930.2232173458,6960299.99999999,93047.839664418,185907.31169999,889840000,78470000,30327000,11822000,3897500,23031000,73973.2417367657,506762.327635915,10369000,454356.825516344,199318.256865811,18774000,11954000,211133.918060986,97953.6832492633,19577000,117089.370611994,70896000.0000001,12658000,286960000,3140400,29510000,219490.105480031,622413.195405547,9980300,113390000,857680,27510000,5469400000,1866300000,115480000,282520000,24962000,224605.846604247,2836900,7958600,2355300,174010000,5461100,86050000.0000001,7592700.00000001,372880000,261270000,1814700000,555189999.999999,26498000,51757000,3787300,9512000000.00002,575619.53705475,9239700,297063.207924018,202935.369533697,158186.900721359,32400000,52448000.0000001,12585000,9442400000.00002,618709.285537006,90099.2116715393,7653500,53086.5161089446,2385600000,458501.664603378,195547.85831665,86630000,127088.411668769,372640000,24951000,325632.596954796,4211700,570080.864744316,4130400,141730.194413951,11027000,872280000,1873500000,349070000,20842000,1793100000,215296.243422291,102040000,29571000,183855.646218035,104020,170470000,170720,711150,87492000,8154200,36593000,11617000,618856.302105473,318427.03568228,4926100,7456900,210963.732745348,46085999.9999999,642822.854367048,109935.329835881,95911.6549114249,119289.265771454,40307000,6770099.99999999,2754100,256904.428203144,1317200000,611089999.999999,400755.981529311,586620000,97403000,27588000,34926000,462412.528890659,143656.565396137,246278.186878516,673190000.000001,42938000,6113500,87893999.9999999,180162.776972074,433257.385242982,541479999.999999,208285.722495634,24196000,95405000,74740000.0000001,667893.373207418,548120000,86111000,105462.321488565,3047000,122660.470526538,130710000,37550000,3797200,12185000,7380499.99999999,307450000,4490800,23859000,41057000,224378.67507366,300627.347785658,171858.106443341,2896900,7377000,15460000,180615.368142395,8075800,6894100,58873000,480618.351970462,99699.5787085081,384212.918863335,15192000,29344000,122790000,3794600,343230.460394436,314293.106809581,60544999.9999999,2236900000,26772000,1807800,810460000.000001,134790000,12591000,100610000,46288000,59136000,125500000,166580000,18702000,50037000,8159300.00000001,484230.702818208,6386099.99999999,1277403.54423681,64709.2786158002,44822000,4767900,573080,9759499.99999999,1126054.35735697,152158.386237477,380710000,89454,248074.228823091,6798700,8397600.00000001,4180200,229132.010905199,466019.970967819,52516000.0000001,269820000,96242.0434006912,8625900
PDAC_17_imputed_intensity,2,72404999.9999999,771269999.999999,6902700000,54320000.0000001,697423.71402484,18290000,232680000,233950000,3.679e+10,11117000,171909.798938983,388799.863790571,1682600,36002000,253507.956682381,75892000,5679800000.00001,616960000,135760000,4074600000,5467300000.00001,4546100000,92497999.9999999,2162300000,1403400000,1.0114e+10,71492000,570890000.000001,5507800,7606600,144190000,212850000,5966000,17999000,3533300,222840.098181158,377070.087576366,41080000,69955000.0000001,76848000,13287000,116910000,51894000,7010600000.00001,174850000,1.719e+09,2748800000,272410000,2.05e+08,66954000,112720000,67276000.0000001,73251000.0000001,130640000,62580000.0000001,13018000,412450.382148684,126320.362418131,9015700,356774.387501645,4249000,133307.389983717,90450000,15918000,1004993.09909792,6139900.00000001,1956100,16197000,254581.394148465,6260000,1299700000,58381000,1319400000,69641000,23792000,519444.568783869,211830000,44984000.0000001,1603900000,5707700,332400.103090245,310685.328994806,19528000,129120,497590000,50491000,43719000,6918500.00000001,308360.716667734,26331000,362249.488770005,4255600,46557000,44053000,391298.439007695,81302999.9999999,16064000,259625.471233311,941833.505483188,11460000,88991.09612438,81107000,1560700,98377000,1566700,13933000,380525.046308803,186757.541361336,32630000,61755999.9999999,846510,18752000,1830700,336530,101284.895207582,287320000,12817000,227483.114850393,4035000,12411000,13605000,85660000,4114100,35430000,11764000,311230000,369630000,2880500000,1023300000,34400000,43065000,33242000,5312300000,395799.935124071,13230000,7117900,7921000,629411.436960107,12649000,11426000,10412000,9644299999.99999,517768.648630216,222921.006194432,635195.940162509,2554200,2229300000,143600000,223843.83202849,93827999.9999999,643030.570919254,1534400000,28043000,147172.168351042,1654900,6514200.00000001,3845100,266137.916273173,7745500,361730000,1702100000,144300000,80562.7123610415,2.27e+09,90207.5234963999,66075999.9999999,5414800,165108.084186677,65150,179290000,429680,8861899.99999999,90046999.9999999,16930000,48490000,20062000,110931.311235318,442426.976167076,1394500,10898000,2150900,45830000,915150.145169452,119870.573969129,362258.945760302,1318000,32977000,7877700,382198.487951454,346464.451878512,528190000,481170000,175604.148126602,751550000,253180000,26745000,269803.558600942,183770.490891005,133242.941021774,439721.654283213,669210000.000001,18199000,3067900,105360000,1149783.33017495,393277.02549545,1867300000,272769.468670395,107463.76317645,222310000,38866000,138997.486926438,650749999.999999,38553000,543078.696752743,2508000,398450,27884000,493910000,2717400,20930000,3428600,542940000,7250400,23544000,80584000.0000001,132350.71229423,685285.320183725,1054994.74715966,12386000,117100,24403000,245896.634204453,119247.329230511,192189.250285049,24256000,4860000,441138.979650605,450854.112621956,16507000,748841.055690297,170760000,12681000,128622.834848893,191520.749428234,122190000,1866700000,37514000,723704.579983168,459950000,101990000,10092000,85780000,69677000,40373000,88542000.0000001,121850000,17814000,18843000,14451000,4258200,13161000,18560000,5074900,103390000,8994300,589910,11529000,2616500,59215000,220370000,184152.439240889,463204.952396689,7610800,11682000,3716500,221936.882792906,138430.311892911,50690000,433430000,72082.1058099922,1012000
PDAC_18_imputed_intensity,2,368560000,720930000.000001,5461600000,53361999.9999999,309972.282823401,10656000,258920000,254070000,4.9903e+10,31065000,1522736.79097016,602125.219349223,344236.852886309,12621000,9656500,60006000,1.5277e+10,1319500000,393670000,1.427e+09,1990100000,3842500000,77741000,325880000,459980000,1.5521e+10,161090000,575470000,2967700,7735700,105570000,178040000,10835000,22643000,14826000,551860.883082291,3278700,52819999.9999999,93069999.9999999,63366000,22964000,81686000,36361000,8165699999.99999,190630000,1357700000,1386300000,1.28e+08,254310000,151260000,91566000.0000001,69292000.0000001,84739000,130400000,92739999.9999999,7309100,335519.100243547,117640,3331800,213598.015996603,2649400,9491400,63342000,14345000,317930.705724873,288943.147679768,684823.736202304,7823000,188621.236135706,8197799.99999999,997740000.000001,56727999.9999999,1534200000,67407000,69539000,918271.111069901,218460000,84884999.9999999,2246800000,34322000,485936.404917181,5185300,304961.810256318,306262.69628024,648890000.000001,107670000,22266000,2926400,3008200,23362000,1133172.00666867,410261.878539446,7717800.00000001,111190000,249246.404675543,1943400,16570000,1162536.90972387,175035.536027103,10779000,1486071.51280983,73544999.9999999,1017200,66082000,707230,9215900.00000001,299842.027909394,1387815.42046896,9462100,60016000.0000001,1542141.78417353,41101000,1306100,95487.4147829966,452201.784164063,451240000,6426100,7537500.00000001,6500100.00000001,614383.321642823,6612100,76391999.9999999,5032400,66713000,3318180.24484054,301800000,284510000,835110000,422560000,9023900,82713000.0000001,8794200,1.1667e+10,508596.4153746,5905900,20028000,102647.362284271,505751.075766154,45841000,14726000,13828000,1.3563e+10,468611.634430697,21782000,296626.64014311,425903.409491258,3.967e+09,415268.979350882,721079.525502067,94572000,1315809.61198843,2740700000,52900000,533300000,1899900,11964000,3127800,486203.61525737,7329200,607590000,1.344e+09,1.58e+08,19994000,2003600000,407059.885075905,97525000.0000001,36149000,796093.752481945,959652.068507233,220010000,173080,3364400,83480999.9999999,25556000,21299000,15869000,1226005.27717343,235611.37003461,1890700,7071700,2309000,71820000,1030524.36660683,670992.037716018,519114.245187406,691696.304678471,4888200,5086599.99999999,524174.062454071,1554282.39992652,760170000,1084200000,202678.225749496,394420000,282150000,1006666.43030135,63734999.9999999,231567.973089489,99695.489003523,155180000,715810000,4439100,1308900,50934000,588196.574326599,116595.383754367,790070000,349024.18433814,529935.978756554,168060000,18629000,132715.370315313,853710000.000001,64575000,307545.343123949,3022300,307480,53988000,330240000,1648076.81316076,1351391.3098465,23937000,261150000,6079700,34193000,58272000,290705.460990364,241307.805777714,755292.143922071,753414.200141612,83548000.0000001,14300000,1222886.39353425,1030264.34516656,5415500.00000001,51045000,94411.8424317414,184474.792598806,415098.184714929,667436.736991356,8265900.00000001,54332000,180706.605055176,480935.889227425,274557.491370617,124340000,2069900000,21205000,480870.715709685,535920000,77625000,8909900,123650000,85907999.9999999,78733000,122610000,203270000,12202000,347122.440909352,4740600,108170.608812218,3080600,23572000,1670400,40840000,4456000,353720,924200,3568500,25804000,519170000,350267.157647573,545362.574946676,334742.003686219,6776800.00000001,3397400,135484.467108848,135583.59621552,398970.311716714,97886000,336987.184132324,1183165.07227429
PDAC_19_imputed_intensity,2,50701000,176730000,837909999.999999,62147999.9999999,217392.345154347,5241799.99999999,55988000.0000001,77915000.0000001,2.2469e+10,356504.611246197,169569.976674621,5365400,1470300,1780700,340163.75298613,157370000,5968199999.99998,248890000,137950000,699390000,345430000,242080000,356847.719483282,290290000,109180000,3548400000,67400000,183800000,144682.331411163,564539.494590933,17919000,95390000.0000001,497852.959919119,19748000,641826.083763397,275798.597256802,311048.692380214,44566000,67560000,45329000,13032000,117560000,7061400.00000001,3044600000,1687600000,3494600000,1597900000,98164000,126100000,62997000,23691000,21806000,15903000,25054000,190890000,3905100,70470000,545190.150567818,272682.765961613,596419.975166196,315642.792521331,519893.887016473,12238000,2189800,12071000,4550000,322853.139181972,18301000,163550,2965400,234850000,13857000,349780000,60677000,7882300,109426.281025598,31007000,39698000,1303600000,3439600,406946.59649805,315675.737999396,26143000,48445,449700000,8997199.99999999,10875000,130620000,2368200,76475.2992653111,367313.684369453,106705.214735776,228808.348308799,179880000,795205.203321576,249494.016799858,6391600,193298.684863882,11605000,4913500,334750.237108357,25375000,9202000,1240600000,31692000,44138000,1084000,3476700,1566900,33328000,7807900,5321800,1952400000,658780000,45593000,330290000,65472000,2216000,225586.706744414,175022.035583192,468185.647082139,18443000,1136012.51355014,21386000,7178900.00000001,99510000,59768000,451290000,258490000,3194900,23083000,10683000,2998700000,174296.58656342,20184000,17851000,237289.42836403,260272.192886302,8536300,2108100,27627000,9106099999.99998,3936700,8258200,80596000,1038064.25077819,1595600000,284513.492897501,503703.512988881,69410000,49054000,1180500000,485500.003602844,154960000,531842.461894831,159425.626249216,28668000,3740700,80487000,5839899999.99999,7079900000,1693900000,212905.063634818,763740000,627379.142242892,56309000.0000001,7760400,4266400,110090000,59165000,2494800,51944000,333770000,830739.765784007,49002000,2720400,3417400,12583000,69960.7247260933,67194.5892071148,359607.013725007,3768500,10253000,22220000,133313.084915563,10990000,208660000,214105.126207027,5127600,2952500,1.441e+09,183120000,10407000,264940000,32848000,27584000,25846000,10225000,372953.318844223,29139000,3149900000,176907.850180638,1836700,9454799.99999999,199452.720093476,183978.113238366,44389000,4254600,326430000,8304000,11351000,4256900,184740000,13681000,24098000,19801000,25153000,117180000,50993000,597504.106206526,2664700,18129000,408020000,3072200,11074000,12986000,93007.9839948818,774719.999999999,12256000,435584.939970642,1033400,4312300,678725.129719144,15629000,4656300.00000001,28421000,366359.834258364,142491.380714682,623947.672238411,25806000,29313000,75208000,176414.00137337,86793999.9999999,1083100,38674000,1623800000,35941000,695691.529017779,183100000,27695000,9837399.99999999,19546000,14664000,56662000,31659000,69142999.9999999,863174.53109561,5548700,4576700,389614.643005712,5005300,11004000,7124500,13580000,197103.167934136,125380000,650979999.999999,848180000,10747000,487949999.999999,42188000,71434999.9999999,389342.672580267,1396100,3123200,11263000,74408000,16675000,1310800000,298908.900225262,366910000
PDAC_20_imputed_intensity,2,130601.110510335,288630000,1704800000,8733400,593603.168637211,11186000,87901000,84500000,27721000000.0001,5023500,264370.444753824,3582700,2638000,18069000,226631.447441899,79807000,3335600000,320830000,219520000,1007800000,628730000.000001,725380000,465243.507608066,475240000,209980000,1395100000,65211000.0000001,161580000,267206.705427022,420299.831356965,32383000,141400000,145016.563583539,90512.4837488089,708838.067370467,199339.111947632,139802.451088326,96917999.9999999,173400000,65509000,11202000,193030000,9646500,4836500000.00001,609910000,1.522e+09,990400000,97719000,142520000,71573000,42381000.0000001,32097000,14958000,36280000,92898000,2067800,436441.694206248,79239.3355410513,401669.1377774,153216.537986641,1790500,815045.19461868,16696000,4718400,21303000,462026.399474031,335322.947536003,8402599.99999999,2440600,9772900.00000001,445360000,18346000,559140000,84511000,22101000,5987799.99999999,62569000,48494000,929550000.000001,6198199.99999999,256211.971076039,3722500,44353000,262076.833921045,640349999.999999,24533000,8599900.00000001,15884000,2996600,28248000,507487.414425523,502307.70632724,249355.398790194,6581899.99999999,291444.45056874,1702800,1400607.51471816,287558.638967572,319881.611060788,11610000,668402.576206551,19188000,8090200.00000001,2404400000,46518000,45736999.9999999,2069800,11259000,1724400,19747000,756976.84578299,17345000,3644300000,1236600000,474190000,317040000,37497000,1172157.69038973,5370000,380211.335240198,424957.280131917,47364000,699819.209307861,18476000,12521000,125700000,34833000,320960000,234760000,3826100,27418000,3741000,1841400000,311334.272605026,18097000,147881.561489537,229087.445143637,9093100.00000001,10039000,8616000,18001000,8883199999.99999,8825400.00000001,11849000,74978000.0000001,3195800,2391500000,141360000,203243.534113886,101170000,31758000,875100000,16789000,740920000,1725500,77520.0695550972,147490,298562.917308545,3234900,4671400000,8637200000,1600300000,118038.624490582,943839999.999999,345205.388718011,47958000,9630100,228634.078915274,45227000,71843000,4891500,12311000,414070000,8271600,120040000,6419800,164220.548439573,6973800,7645500,813939.803638513,152494.176510894,8975999.99999999,425123.012557107,907520,673194.565041646,13488000,217340000,3953100,61308000,285918.720866976,1210300000,376520000,28291000,507920000,541938.989462393,27724000,23381000,6920199.99999999,551475.479800416,53648000,3232600000,34705000,3545000,14352000,333952.468889066,311150.434732391,64995000,1697000,514540000,71938000,40682000,140337.023011114,186130000,39180000,11775000,23874000,28831000,95652000.0000001,12035000,538997.885905721,945809.999999999,10986000,300790000,3324000,31499000,50718999.9999999,11994000,2075600,9326800,246217.123342931,17178000,5990300,184480.098325492,3809400,7927699.99999999,54701000,156590.720441481,65544.9251641705,396426.079707786,151164.426148026,79871.2788845347,36723000,3651000,270472.632374804,1337016.92831895,12667000,2210900000,32253000,398075.101120486,110740000,61047999.9999999,4541800,56693999.9999999,16759000,56204000,44162000,73096000,17035000,2227300,6167000,111947.10931695,2823400,99255.7518885027,1544100,34685000,629741.601303758,1842000,1670500000,8374400.00000001,4638300,510059999.999999,309560,476108.660770142,1298965.50494464,2962500,22585000,306023.080608941,2123500,7637099.99999999,1.903e+09,130015.397835538,33955000
PDAC_21_imputed_intensity,2,8295099.99999999,293270000,2070100000,7431800.00000001,315051.114472112,9751300.00000001,58619000.0000001,67763999.9999999,2.3443e+10,1317200,170977.406026376,3825700,2956800,25746000,273368.124835434,79481000.0000001,2737300000,200050000,146300000,1078600000,904870000.000001,263690000,127595.154516294,617970000,336980000,1343900000,55470000,150650000,291919.651418764,527802.913345507,27650000,118090000,295931.630015623,2590108.79811927,484879.820807551,131015.297507701,498586.890515895,79951000.0000001,142130000,84359999.9999999,10531000,176370000,9353200.00000001,4354400000,1196800000,2350100000,931050000,105010000,185610000,41689000,68828999.9999999,32902000,14017000,34476000,137560000,212139.913719141,2582200,210223.09024431,170561.838314034,191640.639863349,601899.561276557,104151.702733889,17274000,3883900,15328000,498928.12423993,653079.886194899,4426400,5815400,2876700,410760000,20097000,438470000,84523000,9301799.99999999,631181.484779454,57122000,73342000,778040000,1082700,382763.426389233,6207800.00000001,64426000,102390,782200000.000001,16618000,13010000,66988000,1991400,9541900,315240.144047449,322236.334136432,3849400,15687000,192570.345334796,1325600,144669.574502903,141098.472905482,345568.428562018,13471000,229196.756043228,14369000,5281300,1743600000,50818000,69508000.0000001,3406300,15879000,10281000,26107000,197599.549622971,12486000,3394100000,1.37e+09,718440000,445790000,33851000,268915.131534906,4768300,84582.7222089581,389389.418748773,35203000,188451.407164281,21709000,19509000,141230000,33384000,301400000,185840000,3326800,32474000,2802200,1817600000,535142.373281699,14934000,469319.701644776,456923.015439748,552046.394605363,3591200,19547000,32590000,8851800000.00002,6164400,12010000,60502000,4858899.99999999,1885100000,109880000,438965.178097051,59657000,27959000,950410000.000001,6284499.99999999,273040000,2732600,490283.973250998,399360,1028457.12394378,6588300,3249300000,6866800000,1.94e+09,129522.249623618,1028800000,569928.387957052,61663999.9999999,5172500,172738.791892926,180430000,96241000.0000001,7726200,10030000,377710000,9429200,61564999.9999999,5598300,404745.955528566,450015.509934763,7178500.00000001,114809.028722054,355176.671844606,9124700,12280000,1453000,678183.563305981,19085000,259140000,4294300,52081000,774584.973294722,903479999.999999,278430000,17431000,514740000,66079000.0000001,27337000,512920.461032119,3968900,508335.479828418,72652999.9999999,1649500000,5256499.99999999,4514200,13231000,243044.86676677,652892.141894104,46856000,513526.437791318,526900000,64900000,65498000,171650.014179109,201430000,12278000,22129000,38615000,34288000,43000000.0000001,92783.7718714057,229453.736998387,1219300,10617000,352290000,519865.033636431,21188000,29087000,4816200,345422.499564562,12949000,1558400,9974900,5224300,71348.8036208359,5436200,188388.671512793,41348000,261080.549625332,360200.211770205,455023.015739276,348435.93417452,522383.02904364,90603000,4064600,244060.392538375,369743.15392886,16423000,3114800000,31194000,326824.177857907,242380000,28139000,4434400,42459000,19363000,39719000,43656000,69908000,12118000,363111.946130202,22310000,429294.237289667,2882000,1180701.80420256,2799800,49239000,694439.789675729,360850,3373500000,8419900.00000001,8496799.99999999,462450000,479980,767276.785561481,326256.298424189,2136300,11632000,521544.202613574,71773.0000000001,13614000,3920300000,502676.860298336,18078000
PDAC_22_imputed_intensity,2,2837500,272020000,999970000.000001,8561700.00000001,277778.162232545,4090100,73586000,157080000,2.4078e+10,543230,91070.9986603205,192989.48650543,2574800,15850000,253443.833751682,199170000,5609199999.99999,445100000,157050000,847250000,402210000,832730000,220705.58485698,333530000,222190000,2881500000,87805999.9999999,147430000,99332.5608378787,124084.838431413,22197000,182190000,130154.995321944,87252.9819027896,2624400,99865.2814377102,295960.790092057,61008000,115390000,58127999.9999999,8835600,109790000,11840000,4.15e+09,772850000.000001,1918500000,1417600000,144880000,167720000,68336000,59446000.0000001,36730000,17832000,31293000,157840000,172319.190867405,12611000,416612.684442631,129177.100350613,122693.245802659,1915000,462189.288758777,17067000,2391300,26135000,210608.084091367,157974.599712187,5590500.00000001,1007100,2376900,423980000,31392000,491360000,130540000,17160000,7174600,83969000,39616000,648470000,3260000,90088.1221955057,3050500,11293000,78967,898339999.999999,19097000,13466000,122180000,7204800.00000001,7812200,44485.9368764188,253972.216038344,150355.951315396,13449000,347591.418249581,3542900,2117500,248863.45131538,5322300.00000001,11791000,200004.775875445,24913000,4640300,2042100000,60309000.0000001,49620000,2452500,6694200,1936100,32759000,137371.082212312,8653700,2344100000,830909999.999999,516810000,401720000,32301000,174272.72272705,6965200,183673.285676894,131241.706025915,28393000,136019.368356103,7785799.99999999,12733000,151360000,34831000,119290000,77600000,1455900,17342000,1220200,3949100000,80155.4045207139,15004000,10450000,334954.057824058,203088.513874814,13319000,13047000,69185999.9999999,1.0239e+10,3357700,57097.092798939,302225.741367227,866584.343335472,1558500000,152069.504641374,78149.4791951156,50284000,2164900000,701540000.000001,9012200,249820000,183755.120747031,1992500,340790,97430.4975604299,4810600,4138500000,7253600000.00001,1602200000,196915.326846995,1037900000,170946.634559121,68526000,7388600,162477.00656962,1072400000,114610000,850570,5693400,603940000.000001,16471000,44206000,6741700,506630.564689499,120982.02752538,3358000,441083.113827709,140055.348395845,12659000,7995000,1012600,386456.310719313,13177000,259740000,5385300,37342000,8612500,2356300000,699860000,411754.856316482,241890000,75615000.0000001,35608000,35243000,3440800,384325.644406872,215530.621691958,5201399999.99999,2947900,2901200,16361000,141713.043443725,312890.376540922,20207000,69690.2618800922,426319999.999999,20646000,19845000,310689.706214966,216360000,15144000,17598000,13781000,25775000,124480000,77280.0435877715,4076600,453480,18586000,370300000,3015700,13592000,23137000,159072.508585437,8197300,8363700,81313.5844523668,16050000,4439200,164021.13706957,2488900,11754000,111690000,214273.871122949,394121.290188776,553021.158969924,538439.704468816,5034200,159210000,2357400,202755.250845488,983127.281593065,26528000,2537400000,23885000,213010.874518556,299480000,33987000,5691400,31920000,16619000,64351000,71495000,88268000.0000001,4613200,358214.257548235,49731000,394953.665876023,1457700,1093116.49687681,827089.999999999,23902000,542765.658853516,7710599.99999999,2574800000,3914000,134101.364305751,518279999.999999,241522.784385923,31552.2806826959,57110.9578401082,3332000,10591000,982289.999999999,954819.999999999,7628800,2.01e+09,195016.777887952,28613000
PDAC_23_imputed_intensity,2,215885.64061719,311770000,656639999.999999,9599600,1281200,5557200,51705000,78765000,1.8175e+10,495416.702453053,84728.7676004527,5505100,2863100,4098200,85351.1173652166,110570000,1808300000,227300000,57765000,1219800000,1206500000,386290000,48367000,489890000,209940000,7483199999.99999,92259999.9999999,97729000.0000001,346111.021577767,153603.493572291,25975000,75444000,4106900,11375000,167202.154586703,145445.792979268,143336.701264068,42255000,155790000,51983000,3807700,143910000,7642800,4827100000,2296900000,4621500000,1339300000,157900000,170430000,54303000,48984000,40302999.9999999,23658000,28533000,154800000,137379.947606577,4711700,4637400,7450500,241992.861429037,144748.485303337,228991.14525196,21309000,2175900,14507000,2024000,144756.537410484,9204800,1022800,3392200,421410000,16652000,469890000,99210000,6088999.99999999,3635200,51618000.0000001,33188000,1.167e+09,3738500,160647.810586071,16465000,51717000.0000001,125095.348181009,692220000,15565000,28471000,307540000,1130600,152884.07273465,890583.210427808,3934800,8749499.99999999,52619000,419289.504760075,3129100,4825900,4754200,7180100.00000001,3610600,109835.59853258,14106000,7337900,2809800000,108990000,44071000,2244200,6692700,2695300,9480200.00000001,2231000,5812500,2111800000,1672800000,1458200000,450480000,52216000,368509.663701662,156794.632977916,2600900,271470,60187000,2900700,12799000,8817900,81458000,58021000,162860000,80861000.0000001,1127000,23295000,6407200.00000001,1330700000,324308.728915698,19744000,17710000,248269.09621964,9102300,9032000,1922200,38912000,4036300000,5883800,97707.4706582898,52312000,496737.5712592,675239999.999999,233731.426486736,343786.930871845,34870000,344512.523128444,435740000,249124.65802366,141920000,1043100,99014.0758135176,1421100,377010,7389200,4750400000,7737300000.00001,2399200000,119432.021361306,992910000,182694.730860689,92119999.9999999,4444800,308403.898543921,148250000,72092999.9999999,3720700,8239900.00000001,262820000,9712000,145970000,5026400,122500.794460786,269122.730376657,3444200,608908.725657422,452734.809982287,8659299.99999999,14238000,1051100,89431.1937477956,9309000,3.89e+08,6458300,45108999.9999999,69304.1445014272,999229999.999999,231670000,7315000.00000001,163720000,230833.406774597,16517000,13875000,69614.6295139011,58250.6058411344,24285000,1.694e+09,134513.642473754,5547400,35789000,121659.958742186,44146.6093485415,52493000,600900.955791174,189130000,35107000,40109000,386522.044528914,169560000,15898000,7486399.99999999,41050000,35795000,114740000,476548.09921183,4996000,1564200,21490000,375540000,2307400,9440200.00000001,8104799.99999999,778997.310644338,224937.711352303,9293799.99999999,1377300,3514200,5653699.99999999,85422.4161007014,3994900,462379.029896832,26574000,650571.123832494,189022.550600461,371549.775128773,8274099.99999999,12333000,775099999.999999,2412700,16397000,116340.388966899,28571000,1848900000,41870000,149089.195608931,234900000,31407000,3448900,31578000,19467000,47592000,41912000,62691999.9999999,4884600,5823400,5931700.00000001,139406.455596986,3376900,85148.6064972944,1726700,58679999.9999999,86998.1416170737,412696.420193479,2145100000,32674000,3420900,337870000,3234400,6544800,154653.772688993,1972900,7963600,71236.2478405784,1691100,273988.237801273,3255500000,291265.909702584,31428000
PDAC_24_imputed_intensity,2,149302.799388539,1570700000,3049300000,34928000,219423.438835392,19432000,197280000,210080000,3.2138e+10,200128.627987439,125901.029123243,319399.197411061,273162.302459189,4452000,1871545.05131348,127740000,2716300000,455010000,145740000,3916100000,1953100000,1636700000,88948000,592109999.999999,556730000,1.6675e+10,110380000,240280000,3384400,2464700,169340000,230480000,11536000,19462000,908806.512479865,263781.395158663,154038.177547089,44903000,99858999.9999999,80563000,20119000,184910000,31355000,1.1131e+10,563750000,2617800000,786190000,83233000,379300000,141610000,107410000,91407000,116420000,141590000,132170000,5685500,342685.820868276,193544.697874794,5882800,1057824.79242372,408974.118470828,126854.918983359,73262000,8751000.00000001,343498.604830244,3866100,1765800,515687.373361682,1257960.67887462,4926300,1490200000,37724000,2053600000,155040000,24590000,10298000,205620000,54397000,1531100000,23295000,1301382.32776843,4988900,257166.419309677,330043.056790262,1452500000,85974999.9999999,35265000,72083000,3744100,25223000,594315.153304115,4395000,59074000.0000001,89396000,511172.309893029,50168000,9984500,1496221.15159289,275365.777184782,6086000,106416.225485371,93803000.0000001,5048800,96100000,282651.322130362,17743000,70544.3259473732,357165.459899815,13760000,31822000,197580.076936516,42553000,675580,100310,90574.6905118631,376190000,9136400,228486.391586582,9634000,9263799.99999999,8236600,108630000,358490.192291849,54132000,11395000,262300000,175170000,3248800000,1208500000,63181000,69026000,14865000,7554399999.99999,919129.359299223,4683500.00000001,15150000,7710500.00000001,504979.583693922,41030000,11599000,13857000,6098599999.99999,150328.067948265,255476.593516778,262495.49196235,1097800,2995600000,154517.432948331,176784.450086964,134460000,147351.049457942,1429300000,14669000,739205.931886047,1658200,320643.457778315,3269200,97306.292388276,5201700,2.59e+08,1208600000,184820000,33279000,3013300000,278899.057516023,189650000,25040000,581444.792568434,411050,415460000,220320,685360.000000001,55019000,14959000,19574000,13645000,6562200.00000001,302903.244937706,2534900,3975200,6576600,101650000,222859.238994738,596245.908552322,623596.425927633,292368.484627659,14262000,6833300,2790800,163331.990388447,1539500000,916760000,429686.942940268,630480000.000001,385350000,712970.682566656,52236000.0000001,1248184.751421,1395078.86023399,66204000.0000001,262710000,183261.062433717,3158400,88854000,143577.3644048,169093.688682222,831789999.999999,3661100,1910000,129890000,51492000,106875.491389653,852350000.000001,35580000,421613.294071859,6100100,78133.6814388021,38506000,340440000,327561.713576597,58036000,15053000,157280000,14446000,280454.924970565,118348.59497794,882399.934563927,90671.4001777033,348145.183361097,6783500,17971000,20741000,633001.794686098,101129.115476369,6956800,38180000,3645500,56740.4286478346,25885000,94563000,97226999.9999999,699839999.999999,1547100,111009.808925748,295585.87576718,49058000.0000001,2.385e+09,42586000,312227.227380852,1280700000,84316999.9999999,8339199.99999999,190870000,96333999.9999999,109530000,131310000,148180000,19877000,6913400.00000001,10634000,349546.822584084,136270.012171542,34881000,552231.503927874,59234999.9999999,5286800,6425000.00000001,7223200,35674000,48883000,453700000,112320,1707700,1043700,11340000,4475100,7993900,357268.252046484,455575.156289441,59310000,133336.349448266,2689200
PDAC_25_imputed_intensity,2,255537.336237142,519240000,3835300000,19839000,192365.194529628,31303000,206280000,245660000,33809000000.0001,4702400,491024.268187257,7122500.00000001,412517.460439601,9998299.99999999,8787000.00000001,74072000.0000001,1.5603e+10,1257900000,938530000,1.536e+09,2649700000,7558600000.00001,71031000,580490000,748370000,9940300000,258860000,331020000,3605900,1575800,117510000,328600000,8675299.99999999,41194000,12453000,642469.263347583,4849100,27729000,32329000,76843000,27550000,97527000.0000001,24242000,6995399999.99999,236720000,1787800000,2.085e+09,228220000,255210000,117970000,107790000,47764000,54860000,68024000,111360000,9827000,421115.753305351,2823600,4032900,195586.589942592,4921700,434939.263883254,50015000,16524000,177843.155932413,1821600,332502.152479938,13403000,366292.546370951,12121000,794980000,65628999.9999999,880339999.999999,128860000,26571000,220424.813433696,317120000,93400000,2696700000,22423000,338567.067717304,6973200.00000001,870762.460260921,801160.000000001,469610000,80464000,35808000,612567.332784318,7622000,27230000,418789.408225511,1120698.42763131,207148.399458508,35811000,123368.433559104,539897.490928898,8885400,283111.032812712,453654.767963865,20446000,572113.988942098,73271000.0000001,4114100,95830000.0000001,490020,24063000,327782.747519298,371870.854017769,6644500,93713000.0000001,600927.824405892,27923000,557539.999999999,214850,296701.920710995,508520000.000001,19340000,291512.900891236,5902500,10379000,10189000,88632000,6783500,29519000,663353.234373247,539610000,2.67e+08,613250000,199120000,9033899.99999999,106160000,6131100,8055099999.99998,1376099.9815309,12197000,605359.961929342,156008.64744594,2157944.10408693,60135000,20168000,11295000,1.514e+10,16965000,30029000,218204.468214635,2161500,5086599999.99999,102268.374892227,544214.163462303,75121999.9999999,838998.714438207,1523800000,19976000,247637.120849596,2201800,9586000.00000001,3286000,318072.237154822,7155000,723739999.999999,2734600000,177740000,31998000,2320700000,707414.1768547,74553000,29706000,1635152.70530724,3944100,158230000,664709.999999999,6986500.00000001,215260000,12629000,9892900.00000001,15828000,799103.809161856,200421.467615618,1319000,30680000,2428400,76194000.0000001,272223.03068908,291160.442148386,75853.4213876421,409264.956696019,14434000,7144600,5103700,300528.687502349,1348800000,450540000,223826.689076376,1105800000,459400000,16936000,75448000.0000001,19643000,88725.1033522119,7627300,389050000,138836.394510025,8159300.00000001,48987000,302930.379556331,312747.585843464,919640000,129819.93071124,103280000,68612000,11823000,528219.163003037,767990000.000001,84812000.0000001,329989.0058937,5971600,273420,72477999.9999999,2.63e+08,318720.220164845,11182000,14727000,471320000,11658000,11765000,33266000,156625.236916327,3651200,303269.042127529,5170100,3206900,15830000,304810.64578221,2901500,6567600,111180000,295359.699184477,312861.483954952,264700.158957421,26736000,206461.224812663,40855000,4387700,551028.77546352,100692.879786208,70026000,1501200000,23248000,438786.155322784,583680000,113160000,9051999.99999999,94449000.0000001,45146000,120370000,112220000,219640000,8881200.00000001,10813000,9780100,4982599.99999999,4828600,20771000,1293400,17453000,5452400,1517300,23317000,1704700,36679000,585720000,179090,306861.466829327,59769.8376297228,5857899.99999999,3957400,11210000,649037.891002635,27217000,183570000,293774.888701195,3347200
PDAC_26_imputed_intensity,2,4536600,211320000,1081700000,6923000,141880.045069477,8747500.00000001,37542000,100670000,2.1596e+10,385446.179156834,232036.036949359,610888.444385114,3613900,120640,304006.48652862,147650000,5277499999.99999,274890000,375120000,471970000,103580000,572089999.999999,147402.501875055,130160000,137800000,2681900000,47703000,93114000.0000001,275789.999652691,212964.425668784,21799000,77853000,275033.349474033,112043.22128866,3539800,225611.781818724,333290.711186315,37653000,59677000.0000001,88999999.9999999,15850000,182950000,10500000,3654300000,1.068e+09,3378400000,1739400000,152990000,110880000,41873000,31232000,31626000,17515000,21423000,192850000,169114.416350702,680651.122445621,345980,402740.951922438,242263.944271081,132496.476440872,131654.503826974,14398000,382856.655836305,16572000,171328.109527914,136784.54755465,75238.7845498494,366686.812539525,8314200,340400000,13072000,414170000,70451000,10732000,5487900,72050000,39127000,751280000.000001,4220200,141425.694791025,4116200,49228000,170759.583676792,761470000,12031000,24459000,229830000,2501100,202764.058720839,191639.318060837,483363.487598677,191875.700528436,70268000,342308.590576365,614464.993512677,220787.29042514,665673.049503108,1328000,7066500,80531.005469275,6189700,4052500,1912300000,63949000,31614000,2848300,11143000,2648200,19483000,60482.8372393271,6926099.99999999,4142400000,1457400000,1014200000,376700000,29516000,168375.766236389,215293.805852307,1784611.80873969,166731.479324558,13076000,1020934.0827668,12415000,4927800,69530000.0000001,60050000,72716000,39899000,255764.470944727,17450000,5726000,1287500000,536960.161811188,22304000,12884000,115362.423491921,6826000,10899000,1470400,34830000,4877299999.99999,286381.754942669,183752.71585199,58932000,118958.101434367,1136400000,145778.378861626,145408.41343215,32839000,826090000,647630000,7387800.00000001,222330000,483139.332983395,262327.849997372,1441500,204173.186191941,7561999.99999999,7008600000.00001,8481399999.99998,2197700000,257160.771552546,657990000.000001,468754.184074242,101360000,5984000,171521.262680428,255090000,137190000,2641400,16553000,391280000,7358600,84267000,2283300,250860.370875996,269687.742030451,626005.26144574,454041.147979312,184046.512366548,5672700,7869300,263957.464474029,322300.217552842,15663000,293030000,3331500,100760000,3804000,2123700000,489620000,130689.745848991,165340000,45160000,37248000,261546.773234109,154950.331541431,175482.282427301,24898000,2022400000,246806.864981888,4295900,11274000,226742.41383119,143387.337651593,37586000,1043800,233840000,140689.954058872,9317100.00000001,145673.855470609,182130000,14586000,18936000,65628000.0000001,42472000,125110000,20885000,3661100,117621.704415817,15325000,430430000,7296000,246100.168366427,15338000,195223.821798987,1750200,38800000,253808.468800994,26447000,5040300,265714.280830459,434319.503347606,6626300.00000001,25096000,629187.835409458,127427.946190654,66484.2138426511,170648.577246968,83182000.0000001,504810000,2410100,179001.234695397,302524.66921446,66566999.9999999,1937800000,31445000,175535.608627982,258710000,23502000,5758800,16833000,7089900.00000001,40581000,29517000,52577000,1716900,189015.416943353,6094400.00000001,415207.215569333,4953000,186376.53844404,2259800,12001000,219579.261580462,524500,1759100000,17412000,350786.127228133,338230000,671450,758710,149047.205668677,1588000,6818100,699483.888331427,671410,550855.285770879,2460900000,148569.362616566,17480000
PDAC_27_imputed_intensity,2,64526000,767609999.999999,4.296e+09,16526000,992942.557794773,22093000,152700000,212970000,39340999999.9999,146955.727393721,1098100,643434.201068567,490431.713662399,38250,1770183.78086048,147110000,1.347e+10,1292200000,1124800000,1.594e+09,948660000,2217300000,23449000,271330000,503290000,6648299999.99999,112530000,394780000,4217200,479471.617733335,118540000,296290000,49752000.0000001,22078000,14263000,296689.000781847,2151157.83410687,24787000,38883000,56995000.0000001,22224000,67733000.0000001,44314000,9103100000.00001,303180000,1916600000,2048900000,221330000,285910000,151450000,98448999.9999999,79812000.0000001,123620000,96984000,143220000,202910.478723072,814232.200422181,3588900,15758000,478320.735963982,3077600,653961.648248616,68573000,14179000,487066.047931046,242297.336688722,561583.9558379,481516.782997569,865297.398405947,14498000,1370800000,48886000,1601200000,101730000,24324000,9190999.99999999,396220000,79943000,1.529e+09,25857000,241452.762140827,4636800,2538161.84318654,1333215.28366465,1115700000,79176000,28093000,96705000.0000001,3225800,27267000,3515000,478441.287428626,2690698.68140426,262400000,1226598.86242509,29752000,954193.160264095,1764074.96704048,6736800,12225000,330455.11192378,52084000,599725.191073254,56302999.9999999,1398857.83949455,15364000,140747.818361751,389944.757950654,9043500,58012000.0000001,762354.271713715,27937000,802860.000000001,291030,270002.43720741,352980000,2491900,425448.095871989,5623800,7138500,8171400,51997000,5559100,79737000.0000001,405479.057127179,352690000,302850000,535500000,234890000,7819400.00000001,69877000,57878000.0000001,6286400000.00001,1802479.42707271,4467600,11153000,256503.266929413,2046001.9056128,41442000,9161399.99999999,14370000,1.1138e+10,10498000,44960000,887109.165587605,2361400,2928100000,1578512.3352802,886520.592570631,128840000,2783334.17037851,1230500000,42638000,485557.408206345,633655.303969849,4966400.00000001,1670900,679259.717047316,408051.718235565,475370000,1.085e+09,156970000,17856000,2574100000,343908.804834168,148350000,31982000,262129.802371509,1465600,636430000,167160,1688200,66970999.9999999,24639000,18307000,13417000,12344000,700013.017326112,1731200,8243600,9144500,74420999.9999999,786998.923974585,516439.58954665,566553.878000786,168477.480512733,15762000,3178500,304163.415626411,2249731.41287624,2.813e+09,1469700000,1332984.10427742,681670000,331520000,31140000,57209000,1763960.21802146,790379.713899819,73460000,595340000,443957.137546298,171991.279729763,44583000,65819.9330025057,678379.584483102,697890000,572551.647321175,9729400,316365.078091246,17692000,282567.371207374,8.25e+08,58283000,129572.732881024,5268200,275400,74149000,603240000,501267.705752766,12757000,19397000,394400000,14606000,4348800,1032791.58006334,465897.886664365,460710.952126194,691832.531360267,766099.306091117,95040000.0000001,16101000,5083500,617441.779919645,9189399.99999999,25079000,863397.841646474,111540.475991064,59223000,129210000,383160000,1743600000,1311211.54240757,1335255.04431324,1289500,170180000,2108300000,40105000,229476.898079906,1554800000,78464000,10690000,105850000,44369000,71144000.0000001,96732000,236530000,14451000,8517900,7398800,3959800,2075500,272201.830069269,534293.555800176,16704000,238562.349584272,2269900,1030773.6010614,1171842.45571105,26477000,369470000,497782.485121312,399291.171867755,1243934.8405241,5577199.99999999,1353500,698939.999999999,427884.369659075,1240008.31679076,66470000,638760.408085345,782680
PDAC_28_imputed_intensity,2,15366000,172940000,1384300000,3928900,96216.5011212434,5035900,43673000,101470000,26448999999.9999,666367.05875157,135824.035367935,2329600,4249800,578792.263111758,109160.352145857,124860000,5716700000,270120000,511250000,555790000,121910000,387780000,112019.186188724,110570000,145200000,1960500000,59905000,203180000,256597.700252233,210665.207851563,19066000,134610000,344373.631969875,12729000,6434600,119350.304053293,197195.446490902,50698999.9999999,111650000,49572000,14295000,140210000,7263500.00000001,3.066e+09,637300000,2111200000,1183200000,141940000,136320000,60190000,41339000,23819000,14228000,18170000,129980000,239843.661635031,127292.192454447,152710.686397452,81767.2813676166,160530.92423978,1433900,95005.4929414206,11303000,2030500,20025000,180136.716283116,87686.5355723434,278029.315267362,831023.485327673,4965600,289390000,33129000,404970000,93712000,13816000,131893.632674714,53432000,83910999.9999999,1029700000,3824100,110399.391946841,4259500,37126000,256739.348593918,542230000,19039000,10867000,404116.848665644,7210700,5952400,207098.082267739,167861.499960341,199641.86887266,8471300,398462.074731203,3002800,177191.859279783,181935.417741882,16305000,9046199.99999999,224842.56249846,19049000,8116400.00000001,2310800000,25363000,34530000,1973200,11774000,1287000,14661000,166907.36701772,8755899.99999999,1287600000,1015600000,450240000,408110000,12269000,104584.806840853,485950.263110199,470184.464575031,213554.613815375,13572000,328442.996508228,11187000,5614099.99999999,126240000,35153000,179050000,100220000,164133.717376098,25594000,7260800,1731900000,546292.099545825,18596000,12265000,925184.472690879,9664300,10529000,3165800,31768000,6373699999.99999,96773.858623383,13396000,286483.097141895,1172800,1784100000,421633.644530463,164936.822164092,33338000,19736000,685290000.000001,10473000,747139999.999999,100011.310239618,65731.3459775395,1555600,418904.221635937,2388200,6928499999.99998,1.1078e+10,1538800000,74037.4431962368,648229999.999999,430160,40433000,7465000.00000001,108947.464524012,1626400000,84416000,5834200,7926400,263530000,303623.852510522,54546000,3367200,1095676.21725379,38299000,1324400,251067.77567604,258794.785049068,6149300,6521000,1793000,384800.36921126,19102000,160440000,1720700,35754000,15183000,1201400000,348950000,7825700.00000001,189650000,544688.975753494,48715999.9999999,223942.226656494,5254400,256098.309769186,44961000,1528800000,3167257.66030885,2659200,7524799.99999999,49879.5846667977,225573.120262044,32209000,654160.400499017,807540000,35160000,22163000,90247.9413382699,194360000,20873000,46345000,28996000,20438000,113430000,13853000,59096.2332843652,5698700,9230499.99999999,357970000,1477000,7591500,17968000,272861.371929967,5187000,11460000,151112.938765045,26138000,4921099.99999999,176185.825379851,176426.142089582,9895000,40333000,230253.743207301,114375.883599557,709736.674125835,8618700,178528.292895056,30635000,1701300,351372.243508167,168284.948360523,43371000,2419900000,20414000,171336.806984498,200930000,32757000,7674399.99999999,25645000,18860000,56342000,35279000,90994000,163652.90663383,183676.04771057,11359000,183519.513858902,2571800,276417.839981374,1797700,9791500.00000001,476203.22560025,1840700,1389800000,15394000,245755.287375064,393450000,636150,79018.9999999999,1052435.33170022,2329300,8579000,81042.4170718336,96111.9999999999,507522.456707113,1181500000,350324.779570584,14976000
PDAC_29_imputed_intensity,2,150317.663601034,168810000,1805900000,7197700.00000001,91299.0568814411,4029400,63285000,127240000,2.2147e+10,110808.789254824,106353.046293367,771904.168722213,39149000,276760,223018.802746705,65741000,5885499999.99999,217750000,501110000,757170000.000001,272990000,820230000.000001,6039900,78349999.9999999,140300000,2856900000,58277999.9999999,134590000,451234.957701734,144160.759404375,23125000,113280000,627259.624973681,10466000,8943100.00000001,406727.356119339,61072.52277953,58354000.0000001,56264000,205280000,6989900,1951400000,6161700.00000001,3099900000,333200000,1864600000,4365600000,583460000,96592000.0000001,45839000,37557000,24905000,13922000,13898000,95664000.0000001,5164300,102020000,478058.348188756,70613.0698277831,116515.791697026,2494600,814136.915571581,8578600.00000001,2752000,31099000,185045.746835741,166998.478933501,166013.272880574,3183300,8208300.00000001,186890000,14916000,336900000,76375000,25854000,211347.313348148,47423000,54869999.9999999,763960000,4715400,5886099.99999999,7751000,398060000,74258000,426570000,18398000,33844000,379404.937434648,6303600,6985600,77737.9044824898,90368.1777744473,470874.268238552,5183100,81791.5854949845,2506700,2901700,279651.885102261,317480,12583000,154172.167778144,18283000,8044799.99999999,1977200000,20263000,50076000,9051400.00000001,91089999.9999999,3285300,21916000,147133.824971429,8294500,1340400000,886690000,30252000,278900000,51129000,227681.993188333,1544458.61846071,488302.5799567,414521.811016979,23172000,512507.893440937,10351000,6814599.99999999,145800000,36830000,930020000.000001,505380000,12500000,30058000,4817000,2038900000,263805.772708371,21296000,7261500,297365.770613192,835338.956317699,15048000,394332.681694228,10977000,6692799999.99999,149718.633108926,187238.22655751,335565.048670283,363171.109791233,1777500000,274294.024763704,46238.0879330494,55699000,106988.113964202,263340000,8157100,492020.00069655,989750,3575100,182320,417180,5104100,4872900000.00001,9740099999.99999,1.505e+09,562104.447306238,503940000,212393.096952187,33935000,8414100,1007686.21889323,780810000.000001,47451000,281340000,3688500,495100000,4135600,384860000,34181000,248036.423131042,13557000,374923.193050582,298156.91681088,224723.390197242,8192499.99999999,176014.726056492,132446.71053584,73517.2619762082,15601000,153070000,3682000,66711999.9999999,11911000,934660000,254740000,109776.015540575,238400000,39706000,30511000,569613.972994197,46039.0761070551,309699.045599233,34666000,1805900000,243562.502634931,3752100,27157000,356817.717242854,66379.723392744,319799.14787857,1383100,764789999.999999,3053500,15022000,440133.965324367,157940000,20231000,12803000,56841000,34126000,256370000,473873.273152687,306010.846063845,5780800.00000001,11275000,2228600000,286431.41556069,7739300,20487000,2506400,10246000,18666000,410096.749480015,328226.35515617,5546400,555390.083194576,259952.139309441,573774.46768922,59519000.0000001,608448.576191336,296209.369181957,329165.365459271,1013768.31824076,3454100,5763900,2735900,7187200,88993.0968256441,21945000,1694200000,15087000,787742.246101536,196150000,57752000,7758400,24616000,21333000,77398000,41964000,80766999.9999999,5618600,273357.303295991,6384400.00000001,110453.454565438,2424100,240544.834079144,1066300,14800000,373112.583100623,1311400,2638800000,5057800,413696.218775326,582910000,302550,266696.224762164,194292.638466138,2817600,24232000,401659.154447492,8754999.99999999,266542.346851294,3062700000,85298.106336616,18098000
PDAC_30_imputed_intensity,2,4264500,245480000,1475500000,5953300,784264.853951928,6363100,61699999.9999999,137490000,2.2964e+10,764319.96759188,342083.63830405,3158200,6559299.99999999,1522600,1620357.99700866,139050000,5739500000.00001,314950000,363050000,681140000,330660000,396130000,932277.665047479,178030000,172100000,3386800000,46978000,131490000,477926.937026091,162575.17105705,24658000,178830000,895129.249548968,38726000,5462200,379770.816399576,139494.696688533,66449999.9999999,116160000,120290000,8904800,720620000,8868600.00000001,3177800000,526280000,1767500000,3.273e+09,444040000,128430000,41095000,72063000,26719000,14452000,23397000,122230000,10816000,41714000,984544.897592358,3238600,493627.883540138,2687000,572965.863677065,8300400,2637100,49179000,3167100,1081377.64760489,807543.79681478,53066999.9999999,4164100,272910000,37454000,390880000,98762000.0000001,28451000,8053700.00000001,62266000,73094000.0000001,741090000.000001,2614800,344703.792824332,4472200,178410000,113140000,630910000,21443000,17156000,46041000,2697600,9890500,455624.414899611,514051.992415168,3411700,798407.328401071,46976.4962247277,1750800,166668.101530356,797467.343002758,1185810.64859531,19165000,204228.253638518,9233499.99999999,8590000,1673200000,11787000,61572000,9321200.00000001,99956000.0000001,5645000,14556000,145876.097237279,10048000,2407300000,691350000,415520000,330110000,30874000,300498.128375755,4593800,2781400,490009.993116597,23661000,455445.070712802,11463000,10344000,152770000,24785000,407280000,250370000,2782600,17423000,3685800,1197700000,543745.326119534,16867000,26006000,230417.530317424,849975.565910178,14941000,2762000,19884000,1.0468e+10,6746800,14410000,689450.651866486,243289.128770715,1.386e+09,16909000,17275000,12407000,439300000,617030000,648400.93135682,192360000,250988.183067569,249409.086954651,498574.29040593,73570.8949486646,709848.517331692,4176800000,8974399999.99998,577930000,435846.565355057,664609999.999999,400126.111497953,36877000,10121000,263189.741988629,51684000,72923000.0000001,178700000,5061200,449500000,7544500,276730000,19624000,103743.11503206,99627.9842453503,230646.878325136,475806.859292714,453911.186055419,3939600,256976.551410589,204391.98834584,334867.484571247,15375000,155330000,2231000,20958000,182960.36270742,1.618e+09,251420000,9690199.99999999,327940000,33625000,31387000,28302000,381519.405681046,368246.862571594,48485000,2090700000,445986.955943861,2059100,4865000,144356.522922645,103366.509054803,17131000,413873.222443487,338640000,8695400,10250000,329565.500581246,183430000,15266000,18192000,32420000,29025000,254220000,189850.617645113,3263000,305195.565972831,12764000,1509900000,4841200,398510.880104773,7339900.00000001,275441.475093037,10714000,16125000,383997.973695884,17521000,9434700,219540.541739549,1188361.30898934,6718700,99810000,625147.099431054,408828.826016753,242569.539484413,1657700,421437.833718299,9236500,2184000,77711.9837304947,116121.163614098,15714000,1961500000,3833000,223757.311485648,161830000,37109000,4751100,24173000,20044000,59592000,61286000,58370000,11794000,177612.627793237,9843200.00000001,711612.728410494,3425300,541530.265656053,923079.999999999,19115000,338917.990119853,882530.000000001,1913100000,1342200,538553.081108671,684770000,430865.117441668,243276.865342849,1576821.94292705,2374900,13872000,251732.109793434,2384500,541720.420782402,2.768e+09,341946.933533222,12111000
PDAC_31_imputed_intensity,2,6443399.99999999,161160000,1.949e+09,9234800,303072.460343132,7602700,64466000.0000001,121840000,2.8951e+10,487546.394577188,365267.244973989,3736900,9370800,304930.820874409,590954.389480613,85181000.0000001,7046900000,186720000,3.95e+08,431650000,535430000.000001,960209999.999999,452175.435788168,164480000,128720000,1778200000,76424000,144020000,2125751.08046797,883619.826245565,25205000,159340000,295757.596183595,1083095.61377307,193319.598714409,421718.173984979,400522.014603574,58686000,125900000,158220000,6124400,722290000,5139100,3159700000,355970000,1535900000,2662900000,269220000,113450000,32468000,44655000,24586000,14742000,17154000,131030000,9652500,67835000,539670,271087.933164518,84826.2778321598,2624800,316943.427403237,8323300,1885700,27403000,4112690.61565789,191289.915258472,156467.531963504,2957100,6101600,234410000,12690000,354650000,90194000,5816600.00000001,142005.149118506,55826000,51506000,987950000,2381300,2245400,3945900,168100000,49214999.9999999,477130000,7669000,12330000,656381.851855434,4899900,10448000,344393.860281511,186403.34264339,372086.38308309,3674500,139289.193676076,3879700,274432.941554755,98939.9698045853,75024.6652540061,13120000,1150192.71954043,14016000,7257000,1930200000,2011600,40218000,8390000.00000001,180200000,3500600,17581000,233620.114684091,10180000,4130500000,842390000,794470000,365270000,21961000,236148.69126323,647536.108377827,707211.626367959,257123.605050609,33230000,79931.915533454,22462000,3475000,207990000,23158000,1421100000,904870000.000001,12772000,28679000,5755100,2548400000,555613.897105854,27486000,375500.817517781,131237.127226583,261276.674762257,10323000,11362000,7276299.99999999,1.175e+10,8681000.00000001,1301535.7284423,24202000,64571.7883269427,2263900000,13423000,307386.300759004,44559000,415980000,1154200000,4103800,337880000,335273.666893566,205837.608390154,212860,251840.151113265,2590500,3778300000,1.0593e+10,1325300000,1203393.92743971,588140000,185153.0655551,28973000,6152500,685611.448285549,564350000,43128000,287850000,6443100,349610000,4371800,270520000,22262000,249712.906314589,10443000,1579346.39001447,5381000,226914.951543779,9042799.99999999,188537.271287711,527454.116536862,377858.998345932,12110000,150770000,252773.445672188,24179000,52753.8796604812,822560000.000001,207860000,6509300,323050000,375043.399894463,61436000.0000001,27971000,9506700.00000001,345309.011157231,46825000,3028800000,376515.825705224,3286100,11915000,485683.220117421,239954.541508045,99538.0524588277,105193.368430427,1209200000,5924900,614657.734819085,549767.526010409,197740000,16737000,21436000,46634000,49955000,375780000,457892.367797507,202262.6873489,9101800.00000001,9202100,1.153e+09,44173.1034446565,480208.054671557,26705000,378695.777363351,4897499.99999999,14088000,116105.979613192,2083400,6270200,802172.314857849,192964.382740433,4609200,46327000,426646.01874499,144972.089752585,237757.027807245,470488.448942908,357163.051779521,144338.063455433,3250200,565224.840328064,447372.801077468,43421000,2264600000,16685000,271067.733993354,172030000,53812000.0000001,4944500,30866000,17766000,65144000.0000001,40082000,68715999.9999999,15736000,49830.979692253,74389.2719763457,494968.229844556,1895600,802930.084713869,1997700,13885000,262194.084733465,249790,2169500000,162109.335681927,62544.4260030969,694010000.000001,260140,242712.906871224,435453.951361457,2605200,6619200,386596.784049524,21822000,802160.796531203,2145400000,114670.268448141,23216000
PDAC_32_imputed_intensity,2,189312.925699824,189150000,915770000,9024600,277682.035910112,7178299.99999999,69799000,73732000.0000001,1.6635e+10,1074545.41456543,170427.175819287,3147300,12287000,3509600,258486.717565476,42561000,2785600000,102550000,99493000.0000001,630180000.000001,255830000,453330000,7195600,237020000,115420000,4365100000,76484999.9999999,85763000,1402000,321318.84964529,26313000,66333999.9999999,257606.385903874,543762.0965337,565530.803261574,402086.455933678,150724.343375887,31751000,72287000,124840000,10188000,475550000,5311400,4.819e+09,503950000,1949600000,2.49e+09,290290000,102660000,33531000,42744999.9999999,24313000,15466000,26786000,112020000,4840000,84381999.9999999,1188697.92560622,4631800,179372.935556802,1554800,939303.629110466,10934000,4559300,35428000,2167300,317722.765265639,170744.032147784,261210000,4103700,267860000,5722900,373940000,34933000,14287000,954966.238366236,40014000,45365000,1366800000,4193400,3224100,5326500,272110000,278650000,523770000,17443000,16729000,567026.642800301,1459000,2383300,530061.284205222,449895.482375074,1483200,2168300,208449.667953091,2715300,210254.26125142,275759.397470191,531321.446675068,9194799.99999999,138421.44925528,26892000,3259100,1583100000,5101900,36271000,6581999.99999999,76410000,13066000,7887700,268644.950562003,5838300,2436100000,1055800000,418620000,291070000,21755000,423881.201156036,4833400,1551300,828159.975261026,31930000,560519.301672512,18464000,15286000,86888999.9999999,71149999.9999999,551610000.000001,295330000,4878400,35323000,8198400,1232600000,487819.03520516,17061000,6768200,268615.760961314,3398800,12169000,6031300,5183600,4048800000,483996.883226368,195421.821096539,218452.02278758,593093.627580077,844710000,170091.537413693,570847.964805517,31799000,317170000,132730000,6042800,243800000,410560.498556989,161080.444960659,856060.000000001,525223.820061968,4581100,5800400000,1.0523e+10,1014800000,426786.729234319,537120000,184090.624773126,46667000,4958100,181044.373617481,488350000,37086000,192810000,51528000,273590000,6953300.00000001,316060000,31036000,470737.455326844,172640.287918118,304074.977874339,161355.240092762,638223.677654304,4137700,9430699.99999999,292406.307405481,276817.811556703,20081000,323950000,3295300,21703000,291482.370324334,910780000.000001,288680000,4007000,113910000,532590.243935279,25199000,26183000,385256.036098745,637660.427407381,27526000,648200000.000001,433789.084043722,4303700,6041600,466835.052933271,260027.666868971,29322000,932256.849962495,374970000,33199000,252879.243060825,771009.481246484,159090000,8729899.99999999,32659000,54716000,39276000,252570000,20296000,155685.087869294,2171700,5677700,1352800000,2692600,388083.250281697,10799000,346746.000168948,5315500,17814000,3115000,1689900,5461600.00000001,110536.379951352,77081.0073628355,193758.390692998,56141000.0000001,203412.953063499,303603.933054208,921842.930193885,927839.330126112,559235.097406409,12258000,1752336.60000447,121962.631453763,247231.131727119,29948000,1366600000,13043000,504326.778502461,142910000,35547000,149337.89795468,30538000,609911.544894723,34532000,19999000,51717000.0000001,5108700,261545.328364431,15259000,879846.464508543,2608400,101392.856855662,22713000,61225999.9999999,233377.430465615,200620,2189300000,1329200,130065.159973466,642810000,376060,212910.360459174,445101.245966273,1718100,6696400,123527.658387812,4179000,202425.515972558,3744500000,165033.649109671,24079000
PDAC_33_imputed_intensity,2,267055.977956792,124270000,5.35e+08,15900000,325354.637813637,9517900.00000001,41714000,116700000,1.6631e+10,691735.220914673,868066.197891371,235860.489554656,29335000,3733300,73130.2596539629,45035000,2.286e+09,146450000,226010000,458930000,818260000,562576.772740385,562020.102537215,466670000,180360000,5427700000,63716000,161300000,758780.563265381,358174.741900987,13965000,32517000,309547.740286946,292481.94715266,350145.39421583,186063.490027978,257001.148333026,39803000,408044.055653814,149270000,9384999.99999999,887129999.999999,3318000,2412300000,1005800000,2535100000,4796500000,625640000,84441999.9999999,27027000,26110000,10203000,7283900,12623000,89722000.0000001,316981.04789385,88506000,2393900,281785.212221143,914096.735841759,1353736.5196136,598936.919725233,18036000,2594600,32020000,1530100,935791.920641618,411201.124523724,518870000,1912200,156270000,13965000,266040000,35634000,8180300.00000001,327213.791061815,24922000,27325000,1450200000,141523.102918945,116214.339020692,6208499.99999999,318800000,224470000,245700000,6152800,43061000,69104000,3384300,384883.597874361,249950.927719015,508357.995737963,6189500,3769100,299534.630338399,133352.134527096,9076600,861903.283564191,9321300,8608100,325629.452122228,10942000,5398800,2163500000,17748000,42054999.9999999,5404400.00000001,101830000,1628900,5120200,260394.262079255,6123000,2.182e+09,618080000,585260000.000001,226970000,53060000,362188.310508927,479358.350058497,637389.330014199,584190,43123000,414224.03234339,11111000,8479700,65231000.0000001,51768000,328290000,198970000,3262100,12383000,2131800,1026700000,125609.615710156,30384000,9788700.00000001,619244.577403903,297940.129121301,13795000,4113500,6012800.00000001,3144800000,167020.518860014,5146400,163600.700533832,118234.88242051,1248400000,557402.459287317,283258.857199649,47217999.9999999,319900000,250200000,887583.845365576,90161999.9999999,926666.00388627,1413116.97191668,341257.43646866,382218.879004187,2479800,9812200000.00002,1.5574e+10,1281700000,157078.633378278,377080000,296691.808392074,45591000,3877900,306714.662711963,67852000,24559000,223970000,11537000,335660000,407923.410093217,353360000,29411000,239363.297593064,642902.879879513,361165.551109432,403202.729351631,1066044.20504395,1571900,4747600,615786.987933525,426517.986056822,36752000,359970000,3508300,34218000,219592.520662287,443330000,97260999.9999999,205630.185748622,62151999.9999999,1041027.74287537,12406000,13208000,274903.887817073,271110.478206881,36653000,1705200000,428615.753033435,7472300.00000001,8012699.99999999,274849.755488958,189347.915228386,15491000,255707.951452479,337090000,37666000,15994000,86924.0446005566,95345000,17960000,34055000,54201000,35320000,570300000,4899900,2899300,555632.992088046,6473100,2612800000,3290100,25203000,37937000,3817400,128383.651836328,17369000,754880.68518739,1237400,5103300,187177.48027899,2821300,271269.44464246,21949000,141855.659554943,122590.544893405,629787.521863561,286569.328983593,6386200,26541000,2094100,8191600.00000001,643141.176549047,21923000,752909999.999999,17286000,401663.202766551,92458000,30258000,627136.001943625,15966000,13386000,35391000,28842000,37242000,667891.112192116,163533.4681509,10184000,957766.274631567,5390500,356712.206613086,4545200,69098000.0000001,71900.1058899064,784310.000000001,2330300000,333621.417163442,4482300,623850000.000001,119640,212421.037592841,332227.068169591,1963500,7679100,188164.122672193,2331800,408644.399153393,2922500000,168374.33608995,22349000
PDAC_34_imputed_intensity,2,40524000.0000001,194840000,1513900000,13791000,146224.918116189,5996000,61329999.9999999,137440000,3.5276e+10,799006.724253137,413202.120917322,7094599.99999999,659150,185670,626367.181478826,182060000,4804600000,225360000,661230000.000001,641159999.999999,331150000,1541500000,111440.267606478,253870000,156630000,1940200000,57046000,81058999.9999999,104980.834363588,1046759.13858144,25899000,176150000,478453.468254062,625244.680056917,278988.621057715,217783.488484713,324298.413534575,78919000.0000001,206010000,65581000,15606000,120510000,7570000,4.267e+09,655390000,1713100000,976919999.999999,78756000,127420000,57585000,41751000.0000001,27667000,16766000,23250000,110530000,147861.048088311,253313.572319513,382483.442741322,108457.254796554,974416.164725787,115252.417459436,310845.893254806,8981000,278257.833874877,12589000,634124.213538489,194936.372347748,337182.660110564,163311.162129345,7586900.00000001,319450000,28938000,405130000,91953000,14222000,69879.4050970212,60172000,114600000,1074300000,6999400,214279.847634091,4082200,9024299.99999999,816885.012425644,467100000,13976000,8889800.00000001,190100.77459205,3952100,3738000,233902.423261039,495309.153046588,338645.622696153,36731000,267163.586169781,3289800,330049.224121191,130841.2384844,738992.032407618,8481999.99999999,203321.330334121,15998000,7548300,1349300000,32548000,38256000,3815800,8719700.00000001,3161700,26584000,332520,13233000,1926100000,742400000.000001,420390000,563140000,19191000,937582.683130796,351680.945039914,122492.476282334,567023.941625402,22410000,97096.3962426466,22241000,221317.507824662,202510000,19939000,237310000,125660000,2111500,29679000,7973900,545690000,309607.461043916,16331000,180141.18912255,852328.672787991,8469800,17326000,4394600,24333000,1.2069e+10,6892100,663929.735288267,84502000.0000001,5448400,2732200000,508987.906707936,218537.72559769,68004000,1290800000,906230000,9361400.00000001,340880000,313227.867629408,2059500,2274100,336742.01416704,7636500,6255200000,1.0611e+10,959780000,183981.477199802,676119999.999999,372754.61206538,43941000,228205.367551844,403716.428198705,51731000,39747000,5187000,10517000,286140000,677603.13428167,73239000,12615000,337893.191045868,15730000,2857800,207224.480395276,686372.229752616,10057000,1408698.75525532,6436900,283482.978981524,16912000,136730000,4223100,8616599.99999999,445195.611971743,1124700000,238020000,16691000,379760000,126550000,105170000,18262000,6366200.00000001,602594.904457275,66499000,2556900000,254158.646305748,6332700,23030000,100882.909611386,355143.009714145,49960000,2673000,416890000,10965000,264493.028313466,274386.570553594,189660000,12063000,21942000,41641000,20300000,140050000,34413000,2535100,139969.087677513,10246000,273310000,3453200,184693.22466479,224948.811872964,247575.194728328,109082.063676758,22402000,480056.448703175,1574500,10820000,299944.514190672,2547900,7762400,73817000,836360,47423.7634967925,716059.85167067,759470.579265461,193057.28560018,4063800,1829400,24082000,1135900,63665000.0000001,2074300000,18300000,524735.969239795,156320000,50580000,9869499.99999999,33413000,20355000,66435000,59345000.0000001,101340000,4977800,347428.009651694,300289.108812266,755008.721908886,1453100,524185.869572032,2348600,23384000,256236.863005932,858090,1205800000,25427000,3634400,1025300000,6276600.00000001,2248900,1038746.92697923,2875500,28130000,1610900,2877100,8013500,1864900000,216598.011685674,25648000
PDAC_35_imputed_intensity,2,261251.074058977,113440000,640349999.999999,11860000,289250.851721153,11984000,51035000,82225000.0000001,1.7092e+10,3631900,254316.085498209,12053000,6461300,20112000,248833.806798222,59573000,3141800000,210410000,767880000,424560000,455780000,334380000,207714.631690632,139180000,145450000,5998399999.99999,87162000,251800000,185116.799582104,1185393.36762875,16681000,62613999.9999999,194605.291686746,144884.362491894,60985.0299745494,380219.127353453,329074.013533537,24998000,33659000,47146000,7338700,74830999.9999999,3466700,2096100000,577410000.000001,1793700000,1179200000,82386999.9999999,78054000,34948000,18871000,8993099.99999999,8367099.99999999,16556000,86820000.0000001,1947900,11656000,7993200.00000001,6393700,378321.038968763,278633.286940245,261560.084509209,20491000,1718800,32308000,346279.673074208,626127.82460513,173348.457526894,7996500,22552000,159110000,31102000,303080000,27471000,7174600,316574.346791856,28787000,28582000,2.083e+09,119594.524813244,3132200,5666700,40877000.0000001,276108.154216688,238680000,9861899.99999999,17660000,569403.820073268,4316600,154950.779620877,199099.291081391,117243.088005459,4407800,37307000,466617.360393033,131553.888450107,4061900,7433700,12126000,6272800,140770.407174178,16762000,8384200,3.766e+09,143660000,32989000,1571400,8175900,1484000,10332000,1665200,7948000,4304500000.00001,1.236e+09,377400000,536490000,100620000,4321500,4665800,2006012.77679229,399662.417202451,43439000,3999700,7866300,5560300,88136000,53260000,289910000,175120000,701208.35387443,19135000,12935000,573519999.999999,110905.389533318,28763000,27858000,85260.3760780487,12170000,8904200,9176799.99999999,54225000.0000001,3709700000,3474500,254574.258658676,182215.294107114,402345.541123599,1297400000,167227.81472287,1895700,52090000,1929900000,320780000,267076.562408558,49342999.9999999,1414077.19634211,910772.751541369,1084600,435444.733533544,11222000,7344999999.99999,1.3573e+10,2331900000,491337.021965207,476960000,434550.288514221,55739000,10017000,322758.846369142,386530000,19910000,4639500,30269000,367990000,7268100,130100000,5030900,165418.345610607,24137000,3470600,3697100,179009.320898982,2497400,8344500.00000001,91918.8270075363,320694.493741422,22706000,443740000,4749000,32108000,12124000,423520000,97931000,364743.175548401,210380000,148166.609407574,17688000,13035000,5652100,234823.215217276,43725000,1248400000,59816999.9999999,6056200,14157000,262508.749933148,262402.921787625,130790000,219081.245480916,403680000,41380000,172358.984665994,117915.483197483,104120000,36427000,26718000,48270000,38698000,174570000,45535000,649463.807989881,4750500.00000001,15551000,307420000,4198600,16885000,20666000,1852500,525742.938230404,34101000,209601.541295856,314850,5629500,339588.456645375,211957.054188379,623377.32213686,25742000,201445.366262836,737885.554262624,196952.37136758,1766000,422220.277881843,28214000,8559799.99999999,96265000,788300.000000001,36287000,1174200000,13400000,319558.027083075,170700000,31063000,3971600,12444000,6110300,36538000,19618000,39212000,7448199.99999999,10981000,6185800,295194.21044042,5471600,236179.686446881,5526400,60966999.9999999,251728.839659053,2241100,1463700000,18576000,544543.631092353,390970000,893180.000000001,127610,673095.813751451,2409400,7265099.99999999,172937.172906956,2152000,578216.295836308,3793700000,227575.80734589,57792000
PDAC_36_imputed_intensity,2,867352.041222219,158860000,1733700000,32073000,2847300,2469100,42966000,83483999.9999999,2.1015e+10,771399.070436212,122403.31525173,2204300,2330800,1400500,319393.547028777,136320000,4.073e+09,96861000,478340000,597110000.000001,248980000,534860000,9145600,252550000,112480000,1962800000,53839000,117900000,121237.620608429,174148.392646558,22187000,125960000,8646700.00000001,16646000,337786.762213084,148423.327644382,97051.4804905941,51654000,97444999.9999999,58762000,7227699.99999999,151190000,7095100.00000001,2338400000,1141700000,3758900000,1548100000,219340000,97200000.0000001,40852000,42287000,21913000,10008000,10264000,133940000,5233500,14454000,1599400,303670.295589584,235603.704004298,1012200,4398200,14712000,2397700,20879000,6298200,361505.129717728,333228.640537244,211021.410022256,6678500,253350000,29080000,394330000,122050000,32640000,256839.454588428,46060000,52694000,941930000,1558100,213794.710609726,5328000,50963000,66254.0000000001,567480000,16761000,6967400,58947000,4135600,13075000,402209.485911826,502789.360734282,3508600,41498000,4516200,2400600,322338.152628476,2543270.21154565,4515400,10444000,434325.790823669,17446000,7870299.99999999,2084400000,39813000,30291000,3899900,20769000,13729000,21185000,3731200,8927399.99999999,3568400000,1.283e+09,695330000,455610000,75775000,268852.82641786,3894600,605692.726320356,656470,15900000,308991.763912603,7167200,9548400.00000001,108880000,32872000,523400000,399980000,5559600,17499000,8070800.00000001,1938600000,252342.603955743,16982000,17841000,262275.858601535,186116.476654856,9354999.99999999,6227600.00000001,56727999.9999999,9734799999.99998,12542000,17063000,6305500,192848.39542028,1703700000,88569000,7497700,58416000,33398000,188130000,8424599.99999999,317150000,59275.0473198006,2474700,15469000,1591800,41471000,5990600000.00001,8626900000.00001,1261300000,941182.933609887,549470000,152665.809138687,48105000,6632500,1865000,145990000,67646000.0000001,6315100,17306000,506500000,12291000,70860000,4001700,215449.20703775,165304.465292574,4215600,170085.13077116,294819.325005284,9221600.00000001,343358.293653764,14845000,1207300,19303000,177680000,3699400,31473000,11390000,1099200000,181930000,18453000,304990000,63196000.0000001,66289000,54248000,3071200,1018043.66749562,66655000,4061300000,399832.024504165,3822600,18162000,235074.184060146,268991.97142381,106540000,150425.300561823,886670000,3998000,122439.516201915,313772.389228602,200100000,13567000,25653000,49396000,38811000,114520000,33284000,757597.055988049,2747500,7871500,399300000,4299400,9281099.99999999,16009000,1464000,8935800,15810000,209257.450683107,837029.383014466,7456100,211054.619699649,231874.142615178,148486.032974418,46876000,292605.054164646,533916.779366328,234896.552230085,432767.248185359,17442000,66465000,2735500,13537000,3167100,22539000,2181400000,11195000,189604.494548828,200290000,32965000,7750200.00000001,30239000,18314000,49281000.0000001,43405000,60266000,5308900.00000001,231085.568601688,110079.498658896,269285.556388573,5176000,2806400,4926600,17444000,170652.150396625,18472000,743529999.999999,147710000,190911.90189355,655460000.000001,55678000,48490000,858854.195301153,2352900,14722000,5028700,47332000,275188.453987334,1877800000,312479.639935721,186510000
PDAC_37_imputed_intensity,2,57235000,303830000,2.1136e+10,128860000,497336.92724823,5755500,88693999.9999999,136670000,38460999999.9999,985605.34333171,154287.371648234,425381.238670124,147401.781788409,2146100,13016000,42768000,4445500000,779450000.000001,224450000,1054100000,456740000,149520000,12633000,28425000,131990000,657769999.999999,261950000,191710000,8779899.99999999,359514.967704254,121980000,193820000,177673.994585763,18906000,9610699.99999999,228394.575401696,324930.925942527,354080000,931009999.999999,243820000,16678000,872380000,18015000,9064699999.99999,2.06e+08,2237400000,1018600000,138930000,446280000,99846000,100700000,44653000,36353000,51313000,146060000,1290131.92670572,35046000,737600.000000001,317719.529347203,2250200,583643.554849753,291339.149864548,13732000,9406300,396684.995480479,1416000,1598000,13737000,220720.451781515,212821.66402666,535300000,24738000,1292600000,91875999.9999999,71418000,306153.592556825,99403999.9999999,45216000,361540000,178303.753590477,265260.326656636,4845800,38404000,146600,1125300000,73178000,32426000,31188000,6274999.99999999,12479000,138448.601065512,1578294.09802964,271516.09875073,150096.760987257,58714.4582750664,22260000,374978.279159873,5883100,504264.059934473,6632200.00000001,343547.911370724,30808000,1743400,10461000,781382.409654585,5717500,224780.807442504,2146300,758400000,200790000,272681.804366717,7869000,10134000,8485300,112744.671522107,811270000.000001,78997000,15910000,1808700,2762400,171627.645756716,28620000,323769.209814717,17404000,9113699.99999999,226970000,78537000,832230000.000001,457170000,8871799.99999999,27109000,11205000,1.1212e+10,288993.707350517,31057000,67937999.9999999,152455.531182817,353385.315665659,20066000,3833200,13778000,1.2564e+10,23846000,33904000,445837.656635791,1404700,3504900000,313043.611809692,22172000,150250000,612413.369369605,1167300000,16292000,403790000,1359000,237286.499709975,6236300,450678.495399383,43092000,93030000,154680000,51873000,709056.37391125,1225900000,837275.640372472,8030099.99999999,9381599.99999999,121201.913242027,17899000,117120000,85993000,171520,54468000,24939000,147630000,52105000,9178000.00000001,310704.164978289,327328.975946006,314443.369595585,5728100,53648000,149959.480198308,7984699.99999999,160108.154295672,146973.965875818,535400.000000001,1024800,229165.078994448,101426.600671266,489750000,445500000,212970.996477148,764520000,367850000,290088.925574967,110800000,8690800,688817.670026076,144480000,1020400000,565065.454816736,1458800,15018000,114192.156488317,173571.110957356,15253000,6115199.99999999,2221700,45599999.9999999,233762.552118208,130668.21349171,906900000,12426000,578049.597924178,3274300,384329.442860381,52934000,41327000,26697000,12592000,1400600,196520000,2160400,18957000,548419.811581486,190276.543882889,9944999.99999999,816224.081871644,1891400,879290.000000001,8554100.00000001,8608899.99999999,6300200,7466000,20723000,629101.465791594,181879.601498071,538112.895603686,9070700,5633300.00000001,42584000,6680000,859580.703416413,742420,14573000,2155700000,4172400,692537.284073436,488840000,52695000.0000001,5926800,64306000.0000001,41531000,103030000,57746000,106720000,6518400,272919.638320131,301246.375757725,12132000,10671000,20065000,214343.937765841,8862599.99999999,83144.4129131334,1974500,897791.655352129,1075870.2716496,209439.678756486,288260000,2354400,209240000,6485000,5301900,1591500,362582.130160462,248640,230235.27614904,340700000,214887.556444242,14403000
PDAC_38_imputed_intensity,2,108310000,735160000,4780100000,146470000,3792100,25602000,151480000,189160000,2.5981e+10,406384.612963201,181551.946117187,10960000,806620.000000001,16419000,10748000,44187999.9999999,3864400000,351100000,355320000,3355600000,4487800000,2.812e+09,86112000,1482300000,478610000,1.2626e+10,70687999.9999999,429800000,3098300,2732400,158770000,149920000,3905700,281800.090152058,6541100,381366.765499308,509913.405330587,27502000,45581000.0000001,40890000,16843000,85479000,42339000,1.0525e+10,332570000,1790300000,1036500000,99053000.0000001,245900000,80410000.0000001,156210000,59372000,72968000,69595999.9999999,80139000.0000001,2986300,3603800,1498300,5468300,7345400.00000001,3250100,127627.463679818,67545000.0000001,34499000,440988.902529408,11779000,3988700,25704000,1289000,8069600,1044400000,44017000,1317900000,96733000.0000001,12105000,223478.515500208,110150000,47073999.9999999,1053400000,13031000,620652.958263232,4508900,27834000,40912.9403331589,1191700000,68238000,43819000,24717000,4976100,12388000,7192500,9087700.00000001,29054000,29159000,234121.538976383,24122000,19322000,4803500,5158700,23912000,198017.869539406,56556999.9999999,9544400,206010000,791170.000000001,22705000,310376.992519728,711814.299194604,19436000,113960000,23220000,25639000,3520800000,1264700000,49012000,519890000,42747000,10646000,6282999.99999999,9105900.00000001,4755900,82722000,4520600,58813000,13921000,212400000,375890000,604730000.000001,180810000,6797400,32565000,7254000.00000001,4348199999.99999,411096.76155674,8739799.99999999,38391000,5078000,309994.456733053,26775000,12291000,17884000,6515400000.00001,378237.042331672,203988.285038122,351204.308345667,5412000,1754700000,672863.528637215,9020800,121530000,540198.970266513,1.351e+09,23197000,355065.570447951,2641300,227668.727680741,68251000,8479500.00000001,221880000,382570000,1457900000,269600000,159143.431016665,1.92e+09,1312400,96656000.0000001,16472000,17917000,899470,193480000,517830,2838100,107270000,7497199.99999999,41617000,17725000,9215100,281510.574810586,2970900,6239400,576822.518513923,41605000,223960.302689817,5803400,806140.386233927,693570,33279000,6551700,2974100,181557.848734041,983870000,436420000,516063.836952452,569300000,104800000,549427.884596827,33100000,378308.035811471,304395.718607845,664028.570495294,521430000,2655300,2175200,163020000,8454699.99999999,719493.549259917,580890000,14643000,34765000,217600000,30156000,4610300,623670000,27323000,121674.264764332,9998399.99999999,4851600.00000001,68327000,109310000,15935000,6766100,6821199.99999999,218010000,7858200,8141200.00000001,531543.704756484,74290.6475180608,301317.597996754,2511800,7196499.99999999,51051000,13724000,15110000,22652000,9015200.00000001,42435000,237507.436917726,403732.343561948,321952.915810341,76374000,10989000,100220000,2425700,18386000,4276700,53117000,1161700000,46037000,64190.7039091888,895090000,103400000,6954800,123550000,57837000,90585000,92853000.0000001,162600000,13131000,7430399.99999999,10389000,3092500,15370000,69471000,1168800,94603000.0000001,2911100,246120000,19680000,238570000,25930000,348030000,11057000,25650000,884587.848284572,8949399.99999999,2672200,33142000,4754800,14450000,194220000,438249.9144455,63480000.0000001
PDAC_39_imputed_intensity,2,4999199.99999999,423530000,2726300000,15333000,1655600,19981000,200310000,152880000,4.4484e+10,289436.492724206,115864.239782972,5908900,237115.701426569,1356500,466039.234350499,182510000,1.8687e+10,1743300000,1307700000,2.677e+09,3296400000,4601099999.99999,48926000,500520000,553850000,2.4582e+10,180910000,918540000.000001,3428500,105145.757672994,111570000,264440000,13936000,21536000,10480000,132632.008587857,4106000,21773000,33684000,70718000,19135000,100720000,30921000,6881899999.99999,115100000,1851200000,2898600000,357930000,197260000,90783999.9999999,59416000,34944000,40136000,66846000,55748000,6484300,100965.944312025,511312.606571799,14900000,399418.191536389,2038700,301845.841350252,41442000,8689200,217565.286903195,5915400,2036400,6961400,127660,12463000,1024100000,63174000,1407300000,128250000,19097000,7766000.00000001,232980000,89801000,2623600000,17843000,113747.486318413,3741600,445639.476541193,581776.755037711,399070000,44605000,38725000,20548000,3797100,21140000,384861.955702887,449348.14753013,10905000,48657000,463858.567290094,56640000,4834900,7771500.00000001,15252000,13377000,93240.7897795556,56705000,259440.498835552,84325000.0000001,757557.060829256,12171000,586149.95964862,261271.930026446,6916099.99999999,77407000.0000001,218717.212675455,36527000,2349700,354130,131751.246853735,374930000,7357700,345633.641235832,3176200,8732700,5709500,126810000,599945.42340319,58281000,220906.851312332,473470000,324100000,950070000.000001,341310000,14608000,62538000.0000001,10207000,2228300000,788853.597895255,10731000,113658.521237937,183309.31974184,339358.634634983,44019999.9999999,2223300,15823000,8151200000.00002,704757.120549705,340784.507437086,121886.078545152,1815200,3171800000,386582.161139316,416084.779624323,66768000.0000001,650674.388486075,700910000,15770000,460753.754931159,1697100,8691900,1754300,1482300,14570000,859260000,2301800000,79253000,22405000,2208100000,199754.866815765,53946999.9999999,32849000,342926.657636576,726700.000000001,140050000,235350,6924600,157810000,13635000,32818000,10668000,6815799.99999999,180911.067554299,2672100,16071000,3084100,47670000,289321.352221649,451332.018808638,774746.31806578,1346900,15589000,3253500,4084300,225141.701205963,1297400000,921960000,106821.850582918,608960000,371430000,22359000,40287000,10584000,901892.553214691,173239.83231587,294310000,477483.713575978,4218400,82119000,493788.553688738,157067.855987369,461680000,2846700,81685000,12465000,31677000,331790.811145602,823360000.000001,88088000,154347.910508449,1980700,1433700,70542000,253460000,6960500,6035800.00000001,17976000,610779999.999999,10421000,7612700,21463000,601628.137848958,573579.910644273,1902600,2762500,79238.9657011859,16166000,5977000,238234.302129102,9654699.99999999,108010000,130175.397019713,323089.196840128,39592000,27695000,4693400,55966000,8907600.00000001,315476.555673607,481629.348332034,131770000,1438600000,33331000,480623.28356906,697120000,113720000,21037000,100930000,79808000,73446000,112880000,246550000,13919000,11129000,7205999.99999999,643663.112123536,7565500.00000001,14221000,6519600,36646000,360254.435728184,949679.999999999,3770100,8442200.00000001,34584000,540350000,315647.916007443,321479.705247559,328212.680169408,3879600,4041800,911580,300931.93433631,647963.951057212,158720000,126944.992322711,147576.324616785
PDAC_40_imputed_intensity,2,502697.66545174,864160000.000001,4016500000,127980000,415422.568070451,27722000,153310000,212170000,2.8423e+10,309143.885126641,561639.106834884,646003.682348234,223233.040419045,11412000,18888000,97903000,5680899999.99999,400530000,503940000,4381800000.00001,7180799999.99999,2.207e+09,178620000,1457500000,1744900000,1.0679e+10,84402000,652950000,2320700,4933399.99999999,151380000,182060000,4756200,32530000,264952.706225098,218049.305655878,687810,11567000,12434000,19056000,14465000,58602000,36943000,7125100000,1.18e+08,1854800000,2386500000,269370000,165350000,57050000,95995000,33409000,59834000,65658000.0000001,47497999.9999999,9327899.99999999,229692.041277761,22514000,13933000,2793900,1836800,9057200,45566000,14913000,1197035.5080549,3564500,1439300,5639300.00000001,200607.972869365,5310200,1049800000,77174000,1316500000,76180000,28391000,970666.460205846,145380000,43033000,2110300000,6094499.99999999,48582.081696976,4157500,63824000,474917.764321751,433660000,32951000,40076000,6228600,2906600,29849000,3905200,11202000,50296000,28228000,630324.510275279,2423100,6123100.00000001,8470800,30329000,15224000,190682.926813645,57992000,5815299.99999999,89651999.9999999,292210,17669000,235314.749782536,218054.238404709,29596000,58018999.9999999,2860700,20057000,1764500,454900,406858.457691862,302390000,7752799.99999999,16208000,9570699.99999999,12020000,7137300.00000001,112390000,4646800,50388000.0000001,9911599.99999999,330690000,209230000,566050000,177300000,8488900,91966000,32429000,2910300000,186906.106339805,13508000,32565000,12795000,360493.153715968,14434000,33933000,17840000,1.026e+10,516176.909885509,250013.970267429,798923.667870059,1726600,2.237e+09,130565.713399245,4020100,29282000,508653.196783003,729759999.999999,9722899.99999999,349443.747887256,2065900,105933.523913627,1503300,156870.478233678,4608300,216110000,1122100000,106750000,230615.660069689,1947800000,19911000,66150000.0000001,5776200,237862.127518653,615149.608271306,198230000,326980,1973400,118040000,8889500,47493000,14729000,8559300,259966.246008713,2512400,4397600,1563200,47931000,385787.895377931,4723500,211505.653012868,60206.1779147246,19878000,6683700.00000001,1081200,253163.139622027,575280000,739840000,170243.832465291,520840000,217990000,182155.954675199,35798000,303707.96984892,681731.282071846,194631.565094269,559150000,929608.984418882,2917000,91858000,8027900,276147.514155952,387050000,7352900,31499000,110700000,49157000,360620.250216879,528720000,47225000,95727.1910464911,6767300,515400,13825000,398390000,8287700,24186000,2274000,484920000,12677000,7746500,31791000,341577.730537107,337799.681683779,1504700,7530000,130460,24534000,9495300,5000400,3489100,34755000,210206.170674447,232423.869084087,280820000,872250000,7160000,112140000,6844899.99999999,275633.26872343,123461.15218,20971000,1286500000,14819000,319169.132634421,763829999.999999,81787000,473160.91176432,107970000,46949000,52365000,107890000,120340000,35706000,181093.998483501,314432.609470358,8489700,5239700.00000001,92361000.0000001,1343300,74819000,294405.901390372,17361000,406160.141560758,26937000,56953000,192820000,1399600,34433000,293884.178273249,12534000,4256100,4693800,2647600,10437000,341490000,315281.565224445,11602000
PDAC_41_imputed_intensity,2,98922000,648110000,5.066e+09,24335000,1897400,25692000,198800000,174960000,42231000000.0001,8444300,383830.312290497,4087900,1711100,13717000,13434000,69266000,1.5677e+10,1092800000,535830000,1623900000,2301100000,2973800000,43750000,487070000,597820000.000001,1.2813e+10,146940000,443940000,4854100,2745800,104810000,214930000,16680000,21958000,11439000,261037.707258622,6496600,13791000,19373000,49787000,17749000,137090000,27999000,6133799999.99998,91642999.9999999,1085400000,1962200000,264830000,278080000,116720000,75087000,45479000,51175999.9999999,44953000,105430000,8801800.00000001,665007.247550873,4210100.00000001,101960.810645275,117599.439918288,3808500,364272.984688451,28517000,10054000,329187.635055693,4870100,3111400,818134.140901801,142355.893977297,9561000.00000001,749100000,86177999.9999999,953210000.000001,92059000,22358000,7876000,140320000,73725999.9999999,2185200000,7096200,124109.550972497,4336200,121182.157615636,300710,659020000,68939000,16096000,10116000,15544000,17308000,345347.864869337,363658.567892783,7672400,52124000.0000001,196842.020443474,42292000,9557999.99999999,13483000,10842000,16465000,507380.404588189,98693999.9999999,165456.221719164,65348000,249356.008922288,24608000,106028.865469528,188240.879120713,12538000,58439000,134063.910529895,26798000,697230,1098300,284390.409776343,408890000,9181699.99999999,3288700,5929300.00000001,9179700,4857400,69650000,400422.151195913,22725000,8080700.00000001,453470000,393530000,511820000,174510000,3243400,46280000,5970300.00000001,4893700000,287452.921884886,12860000,9912699.99999999,107120.218479628,734989.968783239,21289000,16968000,14783000,1.2081e+10,677550.31952065,246650.430009112,427989.303810462,2722800,3560100000,1416983.19312361,332811.773417887,61412999.9999999,191366.203921396,2093600000,41838000,114933.985891854,1771000,6191300.00000001,1975100,96436.2063566415,2195300,502220000,1933300000,289150000,23509000,2524300000,219774.703510457,47655000,37465000,169246.38412387,73844,152370000,151400,3971900,151700000,9490300.00000001,19696000,11810000,388389.956177999,94130.1524018852,2287100,9753300.00000001,3837500,56437000.0000001,215973.168239657,171585.709167862,238765.384302286,1790500,5629900,4842700.00000001,986990.000000001,475925.160215631,483190000,676690000.000001,335158.595348209,790720000,348120000,23336000,77997000,1630773.75528551,106990.186811697,16924000,661320000.000001,15573000,3408200,50051000,169503.830057512,150362.486968823,224970000,4134600,37808000,29329000,11936000,184129.984421536,597260000,71453000,206527.243673892,7687300,710819.999999999,122980000,156210000,1393117.60934331,6813000,5398100,485090000,5076900,14256000,45123000,308563.025890703,2946400,313223.348630452,2705600,70738000.0000001,20593000,5623600,3895200,4456699.99999999,63211000,500237.680017484,370503.187022285,113863.839442477,53643000,602429.863992082,11208000,4615600,142085.903991362,134706.380039971,93535999.9999999,1.344e+09,31607000,298971.789260293,820060000,131090000,6821700,85078000,71984000.0000001,83879000,89517000,143570000,44878000,176844.900703258,7477599.99999999,4639800,3926600,54697000,731040.000000001,32017000,339434.776224026,7381800.00000001,9916399.99999999,19641000,28299000,443210000,257580,343640,196297.126598589,7438600,3941200,1972300,123797.831324968,12510000,386730000,113368.506601864,3671700
PDAC_42_imputed_intensity,2,166770000,750770000.000001,2673100000,23518000,1198800,22447000,205600000,159500000,2.7627e+10,2121500,2050300,79544.8929315251,142686.967188449,13376000,190441.768761074,120980000,5034700000,519900000,276060000,4737000000.00001,2964300000,4984700000.00001,59522000,607590000,550310000,1.5326e+10,252660000,327820000,5774100,4018900,106440000,200740000,10357000,14163000,6027300,96824.2027046056,1597900,21446000,25848000,34050000,20676000,210320000,54660000,8983300000.00002,453410000,2147500000,2079100000,229170000,314190000,68071000,105870000,50257000,66886999.9999999,100160000,101530000,3180300,286359.765920373,2456200,11451000,177046.585095047,3103100,9419500,85655000,12224000,311346.651116618,3184100,2019400,7798499.99999999,2187300,10396000,1229700000,68221000,1205300000,54585000,25296000,897809.846040885,182200000,46548000,1804800000,14658000,120608.914307492,6098600,61843999.9999999,460803.685832666,1.108e+09,44901000,21548000,123740000,2082100,17452000,4221400,5845200,32059000,155580000,185814.212122496,24103000,12467000,3263000,116586.928966611,12254000,154332.270700982,114350000,803400.000000001,126800000,205611.92483924,21001000,147021.814899676,368869.692683622,21118000,103580000,974450,38795000,838700,447790,143174.868487156,293470000,22458000,542410.170819575,8356000.00000001,13358000,5529200,137510000,6610799.99999999,55697999.9999999,193996.884731646,317360000,309760000,765289999.999999,279750000,10879000,67974000,9716600.00000001,7488900000.00001,2437200,10447000,5925400,10129000,141086.087558,30576000,7272399.99999999,15290000,1.0618e+10,212651.715351816,7412000,12205000,1791000,2279800000,217359.624980136,270428.179796995,106650000,261576.686170619,631060000.000001,248159.096603271,113092.251398955,2598900,8108200,2041200,433229.683797584,173864.06091251,397650000,1408400000,258900000,30507000,2189100000,615121.895754702,173330000,24948000,178487.494054249,6774700.00000001,283260000,141420,5873200,134840000,24922000,44600000,12924000,7112100,238495.402292811,1765600,8304600,3649500,40368000,690838.925392103,851760.000000001,141708.061595451,666870,22362000,9984399.99999999,1878900,271719.793758114,1.529e+09,940520000.000001,82869.0300163684,679679999.999999,225590000,27948000,41852000,987503.24674826,193315.633908,568332.237676897,667690000.000001,324947.571089155,3810400,151960000,314930.766204544,218633.391891466,698710000,7484800,38283000,223520000,55881000,229227.561749045,539810000,73131000,317053.027568912,11350000,1292600,107430000,172620000,4470200,8202100,10911000,484920000,11555000,17408000,30240000,162343.843164179,751667.072911743,1303500,5247200.00000001,20701000,25102000,5480500,3439400,8480100,54035000.0000001,5177800,162463.793119813,28406000,52511000,147120000,261730000,3476500,462088.962691293,119354.625322802,54038999.9999999,1.434e+09,46035000,220507.242807996,1102100000,65008000,6572600.00000001,98211999.9999999,56249999.9999999,76645999.9999999,128630000,116690000,22837000,7924200.00000001,10264000,2582700,1524300,38319000,1733700,72907000,6843300,1406800,34341000,7678200,62147999.9999999,267430000,180690,207129.065678077,167701.864304419,8142399.99999999,5020400,704910,277557.945046077,188896.933689642,323630000,204450.780850162,5001400
PDAC_43_imputed_intensity,2,78039000,800729999.999999,5252199999.99999,22288000,503571.04996239,52247000,228240000,163440000,3.8901e+10,246271.810513731,243282.638575047,745760.456504301,843298.717429575,7808200,1122416.31240531,126680000,1.0518e+10,896179999.999999,304250000,3285400000,2050500000,1208700000,57453000,1416100000,725630000.000001,2.0129e+10,222260000,805190000,150377.214026154,2450400,142850000,184090000,3819900,214770.203417652,6948699.99999999,162738.650061347,1516500,4666100,294171.939616992,17356000,21680000,57277000,40995000,7213300000.00001,76965999.9999999,876750000,2364100000,172570000,204840000,107160000,124380000,55727000.0000001,92607000,92687000,51045000,26309000,619284.883447559,3880400,5339200,386745.585849715,342197.174027696,10653000,144770000,16731000,386247.531291433,158315.782825668,207318.417125671,147884.183602512,88707.4914221922,11972000,1227500000,94978000.0000001,1578700000,111740000,22100000,3300819.49880835,201120000,60119999.9999999,1929700000,205289.130986749,307386.789621179,7420200,52702000,707464.109847266,558960000,60992000,13425000,816471.412409672,109766.376847814,25745000,6910199.99999999,4781999.99999999,51327000.0000001,57889000,412283.20808776,38137000,5124500.00000001,11927000,41412000,10959000,138742.023039712,141900000,1223000,81707000,268460,8461300,493120.131389583,499920.469412933,6148200,52981000,373832.931632,46640000.0000001,163110,171525.748009783,111576.381875309,446070000,5369700,4397400,7476100,20427000,9252900,135630000,5714699.99999999,48884000,374535.938122919,381870000,72391000.0000001,3918800000,1592500000,64143999.9999999,79785999.9999999,7363400,3561100000,176056.511208495,6685500.00000001,311871.139357117,1038917.88390626,350462.360901531,20911000,15684000,18877000,1.7518e+10,555780.797233258,53640.4010156842,105775.977483615,2470300,4366200000,6599500,18629000,71948000,658210.965129569,2797500000,32061000,130340.897963225,2319600,16682000,185618.589770278,211146.859135967,363584.383538045,403130000,555330000,244890000,47602000,2872800000,1915800,99212000.0000001,18958000,193422.902453498,3497800,266860000,179910,726550,88960999.9999999,10498000,33562000,8883600.00000001,531760.402840248,117788.389621718,3548400,13106000,3480200,111350000,275990.967065713,104460.257931864,754700.387721231,165384.745608863,8445099.99999999,7587699.99999999,392378.501296711,214715.36609229,492490000,448890000,210430.106538518,1144800000,415990000,24242000,112600000,196808.350183787,376972.958755281,105700000,945180000.000001,248860.621580698,2473100,57910000,262817.430829175,383585.563218527,611209999.999999,257422.676127958,9288200,254760000,26532000,179832.497257052,967500000.000001,68674000,145634.184553665,1847400,181340,23656000,101400000,198551.649003779,57664000,8905299.99999999,323240000,5912500.00000001,7196300,9384999.99999999,947947.604449137,458997.30975787,1625000,7644399.99999999,2703100,28721000,7452500.00000001,547726.53712891,10327000,32809000,60128.9777323155,380641.512746651,572573.604590853,36839000,484814.279509885,84505000,155462.372997674,169218.698327511,796750.655328889,102100000,2363500000,16636000,157328.72948043,132670000,98299000,10237000,62734000,51936999.9999999,69699999.9999999,134800000,109300000,23839000,458820.216140471,236202.580424843,1526832.99459274,2243000,11786000,1301200,63591000,704973.089753396,907300.000000001,12151000,1799000,57377999.9999999,230850000,789268.097650546,68474.3086820414,147168.874547827,11870000,6302300,143016.726725246,737629.58903771,66899.7547169167,175700000,707623.88832997,122681.818860946
PDAC_44_imputed_intensity,2,61982000.0000001,502560000.000001,3385700000,16916000,301669.876888275,24212000,143730000,163590000,3.2541e+10,296314.276125569,300212.737684892,2758300,224684.4138562,20921000,12328000,128400000,8016199999.99998,764550000,221230000,2.666e+09,1892300000,3504400000,108720000,469360000,334160000,1.683e+10,78300000,321490000,13853000,8346400.00000001,79809999.9999999,111490000,9552699.99999999,18157000,6315400,309614.462745686,1642400,7411600,11506000,34036000,20785000,122740000,40100000,9.113e+09,249060000,1899600000,1422800000,155280000,262340000,102670000,45609000,50179000,51616000.0000001,70445999.9999999,160010000,127759.637555222,332525.423151791,2425500,8617399.99999999,1269300,1243800,7798800.00000001,39044000,5486600,116861.013540808,2284000,1849200,13884000,240925.194368043,10068000,1048500000,28346000,1095900000,110740000,26414000,11111000,110790000,30822000,1758200000,11147000,205363.38176083,81037.8130995297,295605.250735462,286186.80961219,1217100000,33931000,28276000,35054000,2968500,14731000,97904.1515411086,3047400,7705100,162270000,914590.358291598,15985000,8059900,261751.020750523,23011000,9434799.99999999,591291.779159497,98043999.9999999,435139.999999999,128450000,373851.113702376,58153000.0000001,287513.504352361,80666.9593902542,7722499.99999999,82000000.0000001,607259.283227725,35954000,276850,721410,281363.158285993,296210000,9397000.00000001,295742.388383277,3992800,10901000,2957400,49868000,5207200,42033000,6597999.99999999,253400000,572370000,555960000,301690000,10198000,62293000,11540000,6503299999.99999,94206.4876606447,15797000,8942800.00000001,279599.176968389,253535.758513793,40602000,17669000,13369000,6497599999.99999,9679900.00000001,618397.01002155,292162.080664427,1334800,1513700000,254158.637031978,161890.632522704,96760000,612343.868848368,1247400000,16086000,165903.134967459,1242400,8782200.00000001,1550200,173902.904079847,3389500,822040000.000001,3038200000,191100000,31282000,2205200000,121852.292149309,130280000,25307000,252394.851897082,55685000,204800000,143070,10027000,84920000,17931000,25318000,4025000,270811.603869311,187124.011086956,2545800,5227800,5931300.00000001,53193000.0000001,133531.732372606,83994.6111790639,628832.623566516,1003100,31824000,5506100,661130,233600.351354337,1.376e+09,744570000.000001,237456.037700506,478760000,146950000,1006613.76451783,44417000,206415.003409844,182163.642309322,1065159.52465125,421410000,336590.006047527,2793800,69594000,229818.196579137,491796.874367561,421120000,4407800,6024900,134920000,41405000,73515.9357979174,761790000.000001,42007000,349980,8131000.00000001,336950,112480000,407630000,1748800,7782399.99999999,16144000,383590000,5775400,221612.531621154,8543799.99999999,132208.871762535,125156.699872825,779503.973510427,3443500,27637.4635043022,13816000,4407800,220215.852709944,15994000,70447999.9999999,480230.33768713,497711.505509945,347800.502795845,4935100,46851000,814909999.999999,2066100,149811.079786071,2601300,40383000,1.731e+09,71605000.0000001,645141.604973999,804790000,91620000.0000001,10051000,104550000,69720000,69479000.0000001,114910000,165470000,5624200,222490.60634749,4569300,3077800,4495700,35927000,1379100,41296000,3867100,2702200,9539199.99999999,11840000,22819000,757160000,198139.142296605,87995.6446648619,162737.534384438,3555900,1740800,156053.795917183,175774.70994263,14275000,191150000,209037.469326313,5583500
PDAC_45_imputed_intensity,2,126930000,479550000,3772700000,18414000,557912.602861895,43136000,157380000,204110000,3.1805e+10,228620.604798669,815001.113446613,571403.959814828,600750.002229284,2097600,268511.082204136,152260000,1.8381e+10,1200700000,514040000,2.076e+09,2272800000,4230900000,93975000.0000001,858590000.000001,431880000,1.2598e+10,219350000,547520000,4531700,160167.007051968,105320000,163670000,4979400.00000001,47073.6101506233,330689.171368995,213265.275610633,7233500,2107700,5748700,17277000,23169000,105250000,18434000,6050900000.00001,641060000,3201700000,3403100000,3.49e+08,208800000,104890000,54286000,49327000,74350999.9999999,65856999.9999999,66934000,48750000,309755.844063828,3433400,5723500,87171.1939448936,3863500,208700.497929686,55071000,6750200.00000001,90923.9850718717,3947300,2604600,111193.596274615,172031.861096913,9073699.99999999,761840000,50877000,1081600000,115200000,40074000,14561000,153130000,107130000,2474100000,33758000,147888.965162617,3508000,29789000,188660.324399925,622870000.000001,68021000,44052000,6157900,14525000,21604000,4558200,2251900,10308000,97334999.9999999,265124.377116161,14535000,3973900,4963500,1946300,11492000,117749.152778275,108800000,1152900,56530000,2789400,13767000,247115.187186975,593676.513478867,5966500,69451000,180168.953712724,21097000,167360,113740,109370.988284824,442850000,4807400,287708.509511628,5832900,8948000.00000001,8192900.00000001,64878000,228377.364577919,49666000,177057.411090336,511970000,294050000,7112200000.00002,2179500000,97362999.9999999,103090000,67494.0022320128,2355100000,2988000,9762299.99999999,10670000,238103.186381486,172221.732641194,44462000,7825500,372174.478155967,8485100000.00001,550085.932790572,72219.5344406495,238954.107951654,1404700,2549300000,215310.83127642,14744000,47087000.0000001,313829.121949683,1156300000,10385000,130709.891967439,1735100,14256000,2223600,119155.270314956,3054600,645170000,2415600000,192100000,24523000,2816800000,1292300,71842000,57381999.9999999,363388.470407998,383190,173640000,128370,5981700,124060000,8077399.99999999,19134000,12066000,9888700.00000001,185204.68172645,3020600,11286000,4921600,61214000,77357.7847788608,77457.9140674501,200328.413519031,106653.500908628,9002000.00000001,8316900.00000001,683129.999999999,235407.272272394,1132300000,321060000,467147.820578698,793209999.999999,449290000,41477000,55260000,92436.1458508913,538974.698541828,90429999.9999999,609220000,317779.846275511,5598900,87125000.0000001,640730.421730728,98826.1811453694,338950000,3238100,203270000,14174000,17032000,312710.342354976,737239999.999999,73296000.0000001,119167.738161896,3683000,412420,127750000,264130000,1999700,132890000,15194000,742299999.999999,11588000,6218400.00000001,53953000,299191.843970189,343609.477303082,2911000,59474.6968499642,91786999.9999999,12201000,7021900,282574.816700532,4762100,149860000,5156500,81722.0350685628,177071.911007184,5142199.99999999,97386.8127738637,36059000,3847100,414196.331663157,538397.582674987,99764000.0000001,1402200000,11640000,360533.527376849,605989999.999999,111470000,14728000,75118000,55418999.9999999,62524000,125220000,220370000,22446000,754908.496380704,137762.024603963,208069.709529831,2958900,27718000,3953800,35964000,138915.362278409,4181800,10192000,5570100.00000001,61731999.9999999,644660000,294965.622180793,609938.513191229,366790.915324792,5026100,4619500,65624.4448616299,211790,11066000,384240000,237742.484136205,1269600
PDAC_46_imputed_intensity,2,306041.14628799,679119999.999999,4581899999.99999,34701000,133317.424119623,32079000,169900000,138040000,4.2514e+10,11607000,128750.785214558,346706.776178102,414309.587311089,29036000,9981400.00000001,79204000,1.1238e+10,1.389e+09,968900000,1884300000,2936500000,1540600000,38891000,507180000,1014800000,1.3917e+10,150020000,877320000,8121799.99999999,4324500,130210000,223050000,6853000.00000001,24595000,8942100,90749.0619981312,3907900,18401000,29527000,56158000,24818000,102710000,33886000,7380300000.00001,120680000,1523600000,1672900000,170200000,291760000,132270000,87247000,75014000,79738000,115050000,121880000,13116000,62922.6086317881,399496.496455675,7140400.00000001,486098.170486054,4357600,356555.382238474,67230000,12198000,123940.40843767,352529.19236201,1023500,9756399.99999999,745506.012948117,15657000,1414200000,30569000,1600100000,99981999.9999999,26478000,165935.954376606,189920000,72720000.0000001,2206400000,15138000,388124.947861194,6654100,259027.1520437,1679373.94284422,633829999.999999,123550000,24250000,723154.83715615,6140900,24295000,4679499.99999999,582669.231772823,13266000,79915000,939710.592548686,10567000,15405000,6506399.99999999,21318000,15018000,176285.853579195,85348000,3452500,76907000,364300,8981500,1373948.13992029,314577.319094685,3082200,76763000,425580,30731000,209030,247650,121671.326055157,342620000,6680800.00000001,5167000,4446900,11261000,6328599.99999999,104270000,594648.15704267,57985000,6371800,488840000,247410000,3376100000,1173500000,63873000.0000001,88118000.0000001,29017000,8710800000.00001,196145.330235321,10087000,171604.126661622,77898.7551051376,802397.485853773,36175000,66545000,16917000,1.1323e+10,590785.032830777,96594.6681677014,145944.915810554,2503700,3463300000,333870.763183708,318035.353801306,82622000.0000001,555985.328666168,1688500000,21433000,849410000,3714000,4641099.99999999,1493900,378366.693486808,104588.936275105,289760000,690190000.000001,131770000,36831000,2803800000,548132.028732469,54430000,36534000,590647.450307588,12749000,228580000,194770,7537000,163940000,10403000,14851000,17185000,87865.3940335339,226242.094597864,1955900,7610100,3313100,86004000,311576.661735199,237451.592903116,157078.257728437,350968.719635527,20296000,3290900,1406500,120225.670428689,685310000,541910000,456698.109349335,1056800000,440820000,122550.990835716,106120000,209835.931394064,764187.649521618,314915.094541994,529730000,6057600,3290100,89478999.9999999,9727900.00000001,412581.65712146,603279999.999999,455457.480143882,34463000,132820000,8949399.99999999,462521.232689604,979720000,55810000,171163.277795934,4241500,342800,30912000,415560000,350588.925175687,28995000,5957600,300920000,9175299.99999999,13160000,27074000,582176.069726058,478413.642656629,1512921.56442662,3859400,833990.821369398,20025000,8064199.99999999,144233.138998975,6630200,39128000,827894.083516596,368333.225699534,718225.851832921,56222999.9999999,37379000,70081000,4473300,1045281.13750634,416434.083933821,114520000,2028800000,11552000,111392.370842992,713849999.999999,107960000,8313900,139200000,94285000,99484000.0000001,93265999.9999999,201710000,32444000,111593.177512706,6821199.99999999,5152700,8288499.99999999,60549000,1932100,67252999.9999999,535365.621982111,3902900,9613100.00000001,25128000,39052000,235780000,329507.011177223,277780.738123597,809961.306456293,10930000,2437400,4063800,590473.031201909,15187000,170620000,127397.321356408,209166.935457966
PDAC_47_imputed_intensity,2,84289000,667630000,4419700000,57523000.0000001,388410.96973432,29659000,185500000,191540000,3.0549e+10,163308.421930755,263025.23836646,279456.446117479,636237.555595988,57401000,13956000,155090000,8115499999.99999,731650000,266300000,3.844e+09,3910800000,4324900000.00001,108540000,690520000.000001,919470000.000001,1.693e+10,178850000,729900000,3589700,3559600,146370000,253530000,7539000.00000001,21539000,5517999.99999999,470607.714041017,2015400,12053000,37803000,40705000,12116000,118490000,42914000,7536100000,331840000,2251300000,3395300000,278260000,216580000,88192000.0000001,81267000.0000001,54253999.9999999,70475000.0000001,102160000,98041999.9999999,4792300,493053.573304719,2400800,17137000,3449400,5878599.99999999,286255.498369737,81893999.9999999,25930000,167021.938403418,2340500,392187.375230191,13448000,290834.701179206,8833100,1121700000,73762000,1.151e+09,96589000,18993000,5391600,123080000,53375000,1921400000,6949900.00000001,271405.204195354,3043600,31940000,272470,717710000,57173000,30270000,79582999.9999999,3758100,18566000,176634.891359377,210692.369047045,20687000,212770000,115975.041112509,30048000,25324000,6918599.99999999,17163000,12825000,139563.618752991,90687999.9999999,2673000,55215000,132584.175804972,6946999.99999999,135339.572779593,183822.18699136,2776400,50751000.0000001,1538100,36344000,676970,1065400,311477.910468724,400510000,3770900,22319000,8362799.99999999,1041073.07120505,4771300,121290000,9960400,43450000,10872000,426630000,309300000,1138700000,354950000,12030000,59105000,40928000,6481700000,3480400,8821100,10143000,136279.087741994,159783.966310194,20735000,13787000,400044.267233218,5724600000,267217.689961029,144403.956620597,118950.712002033,1353500,1740200000,326913.448525905,224547.078941428,45598999.9999999,134386.585053273,547180000.000001,21300000,134440000,2769800,6322500,1984600,331202.501918519,303722.025451396,391460000,1519700000,294590000,18741000,2296700000,147052.754981441,121320000,22245000,226733.392606204,615010.000000001,244300000,252390,1958100,73387000,12140000,31198000,16158000,6555600.00000001,901149.157427092,1857000,8154099.99999999,8258000,54808000.0000001,190790.602879105,1564000,230106.241950801,972750,19655000,9672799.99999999,1059500,1073734.98275679,858720000.000001,510970000.000001,141917.688483979,600120000.000001,182310000,25549000,24144000,475518.365130992,310839.904468284,536485.340874007,1566400000,7549900,5696800,76278000,232350.008717625,113509.082180522,281570000,8422100,30234000,263180000,45804000,3367600,631919999.999999,77326000.0000001,620101.708864126,7135000,264450,83480999.9999999,212600000,4441200,13100000,6163900.00000001,694889999.999999,9981600,5876800,30121000,90287.7826935171,95517.7247966813,2100900,6108400,77573999.9999999,17348000,14989000,5578499.99999999,9694100,34080000,3015000,138818.408658645,50625999.9999999,55337000,23083000,940380000,3887400,531499.919816232,470283.8307136,38652000,1925100000,35797000,137364.451729489,727369999.999999,97648999.9999999,5269499.99999999,121690000,47015000,100680000,122090000,186650000,23896000,12292000,314087.645809812,5983200,6296700,92446000.0000001,3221700,70490000,3125200,30917000,8464099.99999999,33321000,53872000,208820000,723030.000000001,795060,576593.206475294,7390500,3373200,236237.751298642,110150,7854500,175400000,151529.789115854,6134600
PDAC_48_imputed_intensity,2,1359439.88815189,324670000,3866800000,56082000,2605200,19775000,121970000,220280000,3.3084e+10,460822.133017239,491889.627856217,301054.556326912,320762.232719552,588690,24734000,129660000,1.8344e+10,1209700000,1125400000,1936100000,2802200000,4774299999.99999,52357999.9999999,490470000,666279999.999999,1.1344e+10,227480000,425330000,5813600.00000001,242135.845850594,84788000.0000001,270110000,34912000,31755000,8266800.00000001,513010.531475519,6468400.00000001,17737000,27717000,54814000.0000001,14717000,94725999.9999999,17391000,5060600000.00001,185500000,2387200000,3.905e+09,389640000,158930000,75224000.0000001,57073000,44774000,56351000,88192999.9999999,65381000,37150000,440351.601582648,3670400,20515000,6930400.00000001,3137300,228243.141532872,60598000.0000001,6447000,384910.381684441,4351100,2321200,24506000,160122.784858438,30147000,543900000,38792000,841369999.999999,109810000,56926000,18329000,194500000,93703000.0000001,2094200000,235602.795942272,316574.734270858,3361100,75519.1819912646,240980,470340000,60964999.9999999,34372000,7925300,6842700,21585000,4340600,428764.733934816,12149000,425660000,385162.682519172,4193600,3077700,10969000,17261000,8520100,317628.74519984,43944000,2762200,45485000,915258.726014411,24354000,380902.339573149,231600.90697208,2465100,42747000,2328500,20223000,167060,124220,271476.884577122,403850000,7287900.00000001,10584000,3760600,6342000,7440800.00000001,91971999.9999999,101328.038770847,45364000,253933.982445321,478990000,331110000,3645300000,2053300000,96745000,81617000,59301000,6420200000.00001,3299000,10627000,10695000,121818.903637887,219020.708623704,25377000,13651000,12279000,1.0683e+10,12666000,12635000,322898.31720336,1943600,3673900000,364942.567554184,103540.079269146,52322000,440285.190768553,1069500000,40077000,209838.178764406,1068200,10386000,2949600,1788300,5183300,529250000,1139800000,140850000,23527000,2146500000,98233.4450874335,52223000,45259000,496559.335868305,93220000,88229000,131740,7979000,145190000,21375000,52172999.9999999,11912000,7425200.00000001,156415.559033549,2173100,17689000,7751200.00000001,58989000,201539.409489414,2128500,126675.261693265,78151.6520851932,8694100.00000001,3434000,354923.409085146,336997.966675644,738830000.000001,907949999.999999,753811.674982603,775210000,185520000,33815000,47893000,10016000,431596.220585727,139246.856207602,779759999.999999,822700.505843319,2867300,63113999.9999999,14352000,3230800,458120000,9347100.00000001,80422000,12425000,25874000,3866800,545750000,75902000,172724.182978647,5337100,360150,77770999.9999999,294240000,5335700,86574999.9999999,5645300,814269999.999999,16773000,5741100,22095000,394582.0498821,422651.268043568,540732.727727002,759081.785221974,1135300,9214700,19108000,5470100,3228500,82784000.0000001,268084.782984132,394502.140895128,707210.087406592,338330000,692038.931890704,35075000,5676600,164486.328335683,3080200,159240000,1503500000,10604000,210002.013932366,568070000,104850000,6990900,86948000,36986000,91328000.0000001,87602000,206290000,15916000,74554000,226963.223265841,10778000,15219000,62047000.0000001,8954900.00000001,41250000,301733.298103926,62312000,7661100,72646000.0000001,85985000.0000001,432480000,503370,5542100,450267.68989059,4592400,1393200,571622.549452977,922520,393327.80158933,102590000,88121.3559073042,7512899.99999999
PDAC_49_imputed_intensity,2,105320000,832920000,5356200000,21870000,317377.194125681,21473000,165350000,233090000,3.2e+10,382587.674771273,205543.89567154,4214000,1803700,5536000,317432.619119672,33832000,4175200000,921400000.000001,340820000,5400599999.99999,2619600000,2097700000,160340000,1064600000,1354900000,2.013e+10,178340000,716330000,89528.9168135126,485109.875275185,140500000,201680000,4678600,32536000,140529.945262377,61088.8797229132,568300.000000001,24193000,33233000,45310000,15833000,94713000.0000001,42599000,8101199999.99999,60311000,997950000,1232200000,144080000,221250000,84783999.9999999,97757000.0000001,44201000,48015999.9999999,90479999.9999999,60232000.0000001,3401500,81647.8730751778,7359000,9104199.99999999,606311.383240237,1265700,6292900,101070000,11153000,215788.171825825,3100200,1209400,430384.503854951,105271.480329261,4923600,1.148e+09,63877000,1334500000,86329000.0000001,52324000.0000001,1017045.72337957,104920000,85972000.0000001,1.284e+09,20543000,578981.027522976,4368000,55710000,639479.999999999,565750000,75748999.9999999,46253000,16604000,5237800.00000001,36660000,231779.748604972,585600.16262195,20981000,24044000,1721612.33454602,26376000,16354000,11297000,64642000,23027000,458763.999374808,77504000,7891000.00000001,175440000,1194300,9900799.99999999,435375.377069621,400190.041513898,19239000,66788000.0000001,190262.602149773,28270000,4829100000,1197500000,44272000,392550000,3644700,205036.977687866,12593000,9378000.00000001,560261.578928822,210460000,2748000,93187999.9999999,10642000,381700000,209390000,460510000,198700000,10284000,73452000,7210799.99999999,6272400000.00001,112787.858875009,9712500,121508.879286042,88442.0377295355,658296.619802064,30038000,20675000,17682000,7794700000.00002,71197.4156919465,460090.161447374,567420.00577415,354077.248012484,2709100000,141404.40656852,91735.7732475861,62262999.9999999,132645.152819609,1709500000,18212000,290350.955248756,2154600,446178.603554883,4817400,786483.07852804,6512000,338620000,1026400000,204750000,371074.183805206,1685100000,3125500,105660000,14597000,110426.537647624,237770,108240000,84352,313450,99987000,14565000,28306000,18047000,9775900.00000001,222417.57415317,4278000,144711.556382715,228914.748125723,55056000,99347.4791374523,1814114.20781427,163807.282873159,387791.753874142,19084000,4863900,2302800,138001.537111511,927060000,740720000,481341.580035066,430619999.999999,269320.700021515,28355000,47177000,12864000,954063.279621424,198011.215159862,508990000.000001,637821.135067926,2670800,147850000,363664.917237795,1036901.52052175,320150000,1610762.29671338,7923100,161850000,48690000,786694.681546905,632150000.000001,50348000,412140.000000001,3344600,512920,66180000,27852000,3581600,9309500.00000001,1528700,221710000,4339300,13713000,31872000,178912.046684558,167805.21346539,1077149.23339191,8847099.99999999,1265600,24995000,1069170.98844126,3318300,7012300,29607000,214781.548375896,192158.740814239,290919.733946617,8535899.99999999,67210999.9999999,346490000,4425000,117734.039208895,321013.33511597,81125000,1775300000,29547000,561966.773758671,604120000,76750000,12311000,93930000.0000001,35326000,58833000,102060000,154470000,17896000,38711000,10939000,509610.592261803,4441100,11714000,409340,152800000,298659.84930314,6110300,10913000,497279.999999999,108196.861120843,205980000,151190,217530,329232.343252506,9857800,3437100,298738.971898077,89130.3451162016,27750000,199990000,272440.549813482,3316500
PDAC_50_imputed_intensity,2,495290000,595130000,6811699999.99999,12718000,330755.482584685,22644000,184670000,230730000,3.5577e+10,326473.676244594,1346279.65133282,204146.875577533,42878.7949742167,651370,544446.028694177,94326000.0000001,1.4192e+10,1153600000,2.18e+08,2127200000,2785200000,4247600000,61914000,1053200000,647340000,1.4409e+10,3.51e+08,979270000.000001,3676100,3152600,106560000,188440000,4656399.99999999,13288000,8993800.00000001,434124.178947866,2723700,34431000,29782000,58741000,28256000,90883000,25502000,5832300000.00001,167920000,2682900000,3574600000,308140000,176930000,139590000,77664000.0000001,62116000,78187000,71286000,84737000.0000001,293408.423292595,382496.793426068,1815876.62163623,4782700,299968.594286417,859185.827560686,824048.132852361,68620000.0000001,10359000,411400.56179834,2184700,499447.169028451,450144.042983075,484613.994316025,13324000,833600000,62519999.9999999,1134100000,120960000,32572000,2293845.40127565,337190000,87702000,1980900000,17183000,830246.770659238,201647.382998892,565619.608732817,883148.696778439,486740000.000001,69949000,22995000,340917.434797894,4977500,17870000,1083452.43654345,234144.908194759,10062000,41787000,223390.970081256,24085000,7903499.99999999,4482300,291821.872727636,9987499.99999999,526733.482012381,64748000,4444800,116750000,267250,10761000,409407.841482147,418656.687630316,10530000,49154000,1603554.3232328,26238000,695460,129530,358759.530102169,493210000,6816200,604132.454376119,6493700,11724000,3509000,79106000,127045.691740731,64551999.9999999,237699.25284196,243150000,268530000,639380000,228330000,8024100.00000001,99752999.9999999,11254000,8368300000,512018.622917382,11309000,1736400,232730.901471451,704024.462265991,47391000,20731000,12116000,1.3192e+10,294193.040943006,814766.908227219,2840900,4798400,4446799999.99999,978020.023177953,1986180.75704241,84883000.0000001,512727.516200093,1919400000,21143000,476965.104602896,1076100,9636799.99999999,433963.127536369,205293.808540359,8538400.00000001,320260000,1278200000,125310000,39314000,2.702e+09,420088.796114351,61993000,51825000,455437.940817393,12564000,167140000,180320,4850100,130210000,16541000,9331800,14734000,761182.297934757,676299.589500961,2690800,13057000,2695600,83417000,521955.993232422,575573.305530943,183126.000386858,184426.329377555,24370000,3626600,304359.671854021,530788.735041872,388730000,406930000,594035.91701772,803590000,1108729.54649054,38605000,37650000,319133.668773371,367217.544301568,77562000,680970000.000001,1220717.89866904,5411900,71268000.0000001,3784270.13606697,841359.186303361,722280000,90753.1116478309,35749000,10832000,15729000,209585.331988005,894619999.999999,41868000,141302.016782308,3551300,344490,90648000,364880000,212796.456925805,3574300,6378900,557770000,19268000,554688.622762839,342065.047947035,250020.223718801,205928.860042511,1473662.90455612,367447.000317627,21263000,14720000,5430500,243453.8408763,5441499.99999999,49249000.0000001,3718000,471553.443995004,1360443.57158098,10564000,1411238.20961542,1951100,2991300,549191.252679929,1105600,103180000,1665500000,32688000,524768.460533474,605180000,90635999.9999999,8707499.99999999,77203000,105160000,96842000,87380000.0000001,272090000,78181000,1497485.8752406,787181.935984905,1186004.18149407,4198300,1017638.72148419,1903500,31603000,418591.098509094,1071100,1264200,442196.482139569,54429000.0000001,402330000,298564.175528472,330052.629900708,443314.005428861,5717000,2522200,2062900,655790.724667208,1419080.67485277,117380000,234301.992736327,2871049.22850412
PDAC_51_imputed_intensity,2,67720000,705690000.000001,5913600000.00001,11472000,79184.0473180196,39962000,186320000,191660000,38568000000.0001,207861.949313351,183934.595740531,172997.230620402,226249.579432606,495940,192225.057845191,59865000,1.3653e+10,1382800000,1088600000,2640800000,1.755e+09,6846800000.00001,75036000,550430000,385290000,1.2063e+10,142460000,481810000,384556.780263769,211151.786375946,94478000,223980000,188670.691069285,22298000,14596000,49818.8570196715,904029.999999999,18495000,39129000,56904000,18570000,122080000,28616000,7064700000.00001,147610000,2689400000,1597300000,193880000,253740000,107810000,73339000.0000001,47073999.9999999,48231000,75381000.0000001,73409000,3064400,120463.190520571,2611700,7066700,27632.5813937304,4694700,4822400,55460999.9999999,5237600,307952.54695711,2369800,1947300,10278000,104408.950771873,25898000,6.11e+08,36565000,1160500000,92052999.9999999,27900000,20831000,305780000,105120000,2295200000,32588000,373148.351191001,6362900,917987.804290999,88853.8998072008,656740000,97731000.0000001,21117000,205188.352650646,8815499.99999999,17067000,398477.546685422,154878.554285316,663663.19390038,170049.669288415,486314.973945346,188995.755618913,2137300,8987500.00000001,4317800,17218000,256629.52103453,66843000,3100500,105790000,198247.162182023,22859000,91522.5182328627,1203152.70962611,18137000,35113000,87368.3658470804,22142000,235650,80246.9999999999,467833.847301879,509740000.000001,10575000,155926.245811088,3520900,13883000,9750099.99999999,94729000.0000001,218940.262950144,66728000.0000001,5583500,569460000,313990000,484460000,220460000,438483.463087512,73377000,915718.54879914,5744599999.99999,631977.881360814,11666000,153396.788716444,152918.624532896,158482.499826178,44841000,14872000,17887000,8580299999.99998,156679.344779545,560813.267298478,226011.158074509,1670300,2440200000,116932.132003704,744647.676067899,22665000,295213.383067965,1844100000,13870000,595010000,969220,8224600.00000001,1634500,472427.432390324,4391500,575840000,2109400000,121590000,19149000,2144700000,1471000,51232000.0000001,55782000.0000001,470002.813478791,44153000,120150000,1577200,6984400,265220000,13162000,24498000,11726000,7475800.00000001,1645932.43335085,2106400,7334200,1663100,60896000.0000001,325020.688984811,302631.120244817,326679.136318954,810580,14125000,4138900,675074.938354637,160045.524479451,476650000,494440000,176952.446814151,649200000,250330000,43467000,19604000,10762000,507789.538536289,99886.0860291592,770720000,72425.8200688902,3212500,55847000,6360300,243384.366980434,527440000,4816700,11505000,9530100.00000001,25797000,623568.63083881,895950000.000001,83738000.0000001,1784667.35752812,11594000,187597.818285144,215580000,349580000,2997200,13356000,13633000,299100000,428239.747350393,10074000,406814.671759254,405478.676784932,580804.729757086,163520.143646305,376692.784283547,89598999.9999999,20862000,2998800,662061.681569175,144466.532015527,83359000,274592.326982515,43490.5494708569,839878.199518311,4106700,598870.175306759,255270.972362962,3574700,207142.919073304,181927.251607598,215400000,1549700000,43122000,258670.688025875,308110000,124270000,12582000,63553000,65972999.9999999,86193000.0000001,89492999.9999999,251670000,18590000,742942.23456269,565201.668569398,563041.551969455,4175300,41131000,2273600,27935000,4291800,1205500,5855500,8000699.99999999,117109.773896358,567390000.000001,208100,240170.011051007,308092.972973855,5910599.99999999,2257000,212377.338340582,575560.94630708,555588.511652888,137360000,126929.970767966,1789200
PDAC_52_imputed_intensity,2,15441000,584780000,4881799999.99999,23958000,2520100,22522000,244390000,265220000,3.616e+10,299234.43667123,306676.061287581,3674100,399461.702750013,4460600,16863000,78814000,1.2795e+10,883400000,421550000,1189100000,1798300000,2979800000,27470000,299100000,263180000,1.3262e+10,173550000,468420000,9502799.99999999,1860100,99550000.0000001,132440000,16307000,229281.373958472,11463000,209800.507008049,8675999.99999999,39408000,70298000.0000001,88887000,20405000,220800000,30109000,9.813e+09,138680000,1565200000,2239600000,226730000,293840000,96522999.9999999,109620000,47717999.9999999,50931000,53510000.0000001,107430000,4213900,186816.424647694,11437000,12411000,334287.670663758,2585300,9581900,74781999.9999999,8342000,360371.389058823,2533700,2660600,13147000,186052.693413588,9324500,775880000,25672000,1118100000,41156000,25291000,703744.763732858,238190000,54785999.9999999,2250300000,24571000,258477.108222902,653660.35380757,632190.595724331,275838.45011292,719910000.000001,95704999.9999999,29751000,94024000.0000001,4851500,11282000,175291.437558283,156411.634886248,7936000,124210000,307991.395284491,31258000,8145199.99999999,12583000,21695000,16419000,148015.641540912,72677000,1845700,89570999.9999999,144849.702565339,24024000,701078.788044029,240986.6795467,19162000,69944000.0000001,608880,29489000,480720,176670,198496.632987741,517239999.999999,9251499.99999999,161608.191167504,4833800,11651000,5157800,91608999.9999999,5171699.99999999,58622000.0000001,224573.228297993,299240000,277160000,612470000,256530000,11956000,75864999.9999999,18777000,4773999999.99999,610760.591630679,8423599.99999999,111801.320240171,3006400,134159.001953788,42492000.0000001,12858000,13646000,7213399999.99998,144241.781967465,745413.899511822,269708.665964929,1594700,3211300000,54533000.0000001,456747.594005489,78752999.9999999,263487.415247529,1522600000,15443000,385983.824828188,2123200,2896600,148195.177057111,591264.580342721,2988400,690860000,2530900000,169980000,18680000,1671300000,616270,232760000,45858000,448251.401173912,910780,247590000,3108500,7255199.99999999,138560000,15037000,32115000,11234000,8777399.99999999,368063.96411289,4281800,14595000,6583200,54123000,747985.275353991,228331.936262493,125233.445634386,1034065.93332207,15761000,7812200,2723400,507493.265142517,1048700000,1004700000,187553.955378087,628709999.999999,313511.988654607,344239.256052494,38573000,154200.891080481,342266.39491061,53999000,773899999.999999,174717.240106431,4156500,71270000.0000001,6956100,207939.552889192,698880000,2851900,75712000,115360000,6537600.00000001,414875.206829899,616640000.000001,93308999.9999999,609740.000000001,7513500,703251.08578632,174860000,304010000,709730.805247751,20039000,6352400,550910000,7957900,8536099.99999999,17136000,76848.9134977273,1400244.24605043,3083400,146855.204445446,76938000.0000001,15448000,6218400.00000001,501222.068182663,377762.741999842,75782000.0000001,312658.308534435,322667.344785895,527702.058567887,28322000,310920000,1495900000,671897.490083341,97496.7399579097,886224.871016221,45051000,2002400000,37848000,2710700,721930000.000001,87369999.9999999,5986900,90105999.9999999,56354000,66799000.0000001,107210000,242060000,25515000,14545000,1193781.84924603,651680.354410357,4648500,191469.908889989,1649800,22424000,3962100,1472400,72118000,12111000,67133000,496550000,167720,336300,526996.964255106,5476300.00000001,5445400,239594.409784783,352788.873447225,831842.137992706,240560000,305912.542812488,5753900
PDAC_53_imputed_intensity,2,132190000,900490000,4184099999.99999,17876000,448739.719452286,17711000,173210000,166800000,32345000000.0001,3711100,565729.046756859,5462300,137291.553789834,42638000,160735.085474098,78252000,8535200000.00001,1049800000,588940000,2.718e+09,4757700000.00001,3498100000,82550000,1573800000,781749999.999999,2.2347e+10,146150000,479030000,378601.114822285,4100100,103560000,146870000,6295800,27429000,191367.963545608,485936.974553001,13207000,44480000,66902000.0000001,60932999.9999999,16002000,185710000,40353000,8117699999.99999,304750000,2029700000,2131300000,184090000,229590000,102150000,91972999.9999999,55196000,67642000,79766000.0000001,88099000,2854300,165283.711966726,1813300,3696300,474292.195429111,2575600,7408599.99999999,80290000,12955000,67514.2542031374,3353700,1648300,7291500.00000001,165278.659039092,16197000,1065100000,35081000,1440800000,91473999.9999999,20215000,248180.926964359,195460000,59596000,2489900000,10445000,103595.418030895,4356100,23668000,223870,777359999.999999,43961000,36526000,23745000,6229100,19112000,102357.09743156,10104000,38652000,45910000.0000001,698343.658523353,327501.403436044,10133000,3325200,514714.846467732,16357000,321849.2117118,50107000,2495900,113670000,104800,24347000,144019.768752941,163912.442091037,12036000,59549000,723557.999564554,34481000,274400,296090,350677.808509559,306290000,11439000,104652.750593798,5872599.99999999,16024000,4083400,127350000,6462400.00000001,36990000,8365000.00000001,214110000,174170000,417960000,154300000,2226600,68651999.9999999,16822000,5115400000,230663.538386361,9875899.99999999,10725000,7180700.00000001,1726753.8302017,26418000,37138000,15577000,7952899999.99999,945226.301959492,314118.144108916,96981000.0000001,519340,2.747e+09,133560000,3487200,51166000,388588.822465159,1.056e+09,8791400,792895.654771294,2701800,6435600,1268000,507711.474828992,3943000,362710000,1315500000,320510000,22218000,2353500000,330977.113867311,102540000,21997000,480177.494989078,63899,199330000,256360,2468700,170090000,8316700.00000001,25114000,11885000,920694.718394187,246143.952475527,2397800,311631.137018978,121032.643159766,46313999.9999999,155170.074094246,296387.898513404,636359.238752408,543876.993029775,16876000,7299700,1587200,251918.253873134,790129999.999999,611170000,141152.222403553,670270000,487870000,33087000,59337999.9999999,571102.963909456,373696.197426815,548115.6907165,668110000,403970.312063058,6289200,51126000,305826.898830699,334164.340520841,486820000,125983.498410508,72414000,184930000,34536000,323319.649682716,636730000,108440000,70439.057068351,10365000,1040900,74473000,217250000,3501300,566967.010920979,8887300,368010000,11091000,6176300.00000001,25181000,142154.0688541,241678.882366785,175561.641597407,5557900,24068000,28278000,4200200,139233.647771302,7081400.00000001,44648000,198782.500545934,994290.791458322,714358.707558626,14173000,14148000,85571000.0000001,3386000,245277.833988089,961719.807869834,58441000.0000001,2442500000,35590000,187873.680590091,925839999.999999,127660000,9555900.00000001,122440000,76839000.0000001,78314000,97230000,159450000,39315000,15188000,7758700,3350700,3391500,50006000,365464.738815484,51278000.0000001,7137999.99999999,1124300,19296000,4400800,25824000,690190000.000001,461399.563986824,590295.831624871,316507.045007667,10832000,4447500,402262.558710744,548003.480538339,14654000,191940000,241093.799226451,1488500
PDAC_54_imputed_intensity,2,511030000,596920000,4.668e+09,10377000,522895.040460007,26388000,199450000,224350000,47828999999.9999,600234.892607648,688424.094639,139370.894901671,215164.521297016,117080,96275.6145133007,107320000,1.381e+10,2330500000,1136900000,1915200000,2241400000,6420599999.99999,57598000,677310000,463480000,1.928e+10,244400000,585670000,5578100,233882.497723962,88297999.9999999,217180000,19443000,35392000,240192.600829451,278880.825426933,3229800,41035000,71592000,77626000,25119000,118100000,19108000,6385300000,205830000,1655100000,2403100000,276430000,211540000,120730000,72323000,55191000,66389000.0000001,69846000,79643000,4277500,138299.251312019,3124100,11272000,636202.368045265,4525300,564846.104261235,54220000,12587000,1142817.36895109,2514600,564955.144876993,199301.057812603,1428500,10476000,681190000.000001,98267000,1.238e+09,108240000,23761000,6815200,323470000,93954000,1655400000,28122000,386038.212834704,309374.259096713,555455.45154679,413258.780606973,530330000,80530999.9999999,21705000,5301999.99999999,9751200,18739000,531245.756905153,479156.194797204,5758900,39047000,534473.592511794,106419.795667735,920779.704259577,3411500,9113899.99999999,22679000,883573.402502155,90201000.0000001,392161.031295917,65473000,294649.232034976,17173000,805331.153424655,245703.278264215,9868800.00000001,73487999.9999999,276392.058349426,28134000,162510,1858399.74181653,241236.116233632,566050000,4721500,2055839.90301114,3934700,230326.905989095,5048999.99999999,42071000,374902.022183841,51396000.0000001,14872000,515020000.000001,207450000,771150000,352020000,13773000,74463000.0000001,11156000,5568600000,165186.142503774,11413000,238432.417149514,308227.44011227,749114.1994142,50892000,7588899.99999999,16417000,1.2907e+10,345556.615317486,1639987.76639031,895258.711081633,2118100,3357500000,511969.651374866,59403.1341240777,85812000,111366.903095257,1913400000,31071000,195901.446987898,1071900,12736000,1173400,270229.13063355,5843200,497950000,1639800000,95260000.0000001,21242000,2020300000,232959.502598321,50289000,41810000,102462.199528979,721220,178090000,206300,4849200,238470000,14638000,8376000,10129000,7574900,239059.930897169,2165700,1142657.61988155,3578900,67767000.0000001,481168.456145514,336082.155407019,1704205.48160347,101173.375419692,13756000,4726000,367105.393593982,419214.413210367,1248900000,669029999.999999,206437.475731516,768379999.999999,4e+08,22962000,64038000,508966.406643687,290210.476372673,312599.662314967,842160000.000001,840594.361920498,3192400,54486999.9999999,1215626.22486817,236210.926796028,637170000,404386.08470025,67317000,121094.4943142,8911600,116804.924698302,807650000,32272000,575593.438226425,2741800,421720.000000001,91401999.9999999,40685000,746193.85102218,15065000,12657000,541630000,10385000,204183.291262888,183165.280681752,311408.586979214,490475.787261101,618465.720478441,2747900,25680000,17731000,884979.914208042,459299.369863929,12211000,68289000,6455400,308233.822134141,518649.226722916,10008000,1887592.24028563,12730000,4580400,229729.703856599,291338.668371914,118890000,1818200000,32668000,63440.952252321,441290000,105850000,8564499.99999999,56202000,41309000,92316000,119340000,195610000,2353100,415721.177461804,167068.676215494,532331.818942645,5499700,51563000,932469.999999999,29545000,197623.399176149,367810,2043200,402170.529961638,31557000,325920000,146890.121813851,1011654.97622268,704682.904207564,5574000,2867300,1500712.22671271,767654.991828552,486951.603255901,168840000,339989.189094104,318280.192579591
PDAC_55_imputed_intensity,2,182340000,492460000,6704200000.00001,11188000,1965800,24974000,131870000,170830000,4.2992e+10,1042620.50168632,435248.676577004,5019000,509140,494200,13246000,168090000,1.5897e+10,1532900000,2065900000,2469300000,1371600000,3576500000,78754999.9999999,1140600000,461710000,1.0577e+10,278160000,721690000,318627.131443928,125554.611228641,95911000,266970000,6482000,1270073.81363602,9648500.00000001,1118251.92806984,5953700,41581999.9999999,42494000,89523999.9999999,25233000,81083000,26874000,5633699999.99999,239680000,2175100000,2497100000,265650000,227650000,108470000,66291000.0000001,64422000,55602000,71972000,124210000,3422200,664417.951843951,3999000,3980900,656653.217960936,3039541.1235445,182225.093126065,100670000,8031800,505550.938335799,7593400,2723900,1320686.76085868,858404.843770594,13405000,854150000,38417000,1456500000,110630000,35969000,27236000,376120000,73205000.0000001,2.375e+09,17676000,640125.598093213,253751.924904827,142868.584027617,547669.182794009,411360000,93800000,20055000,10601000,5599500,41656000,129864.95372454,423329.535064365,8340300.00000001,62153000.0000001,361643.988969554,7756300,454217.218836674,305299.940136397,641381.843369071,9740200.00000001,81950.2188455283,62651000,2679300,85948000.0000001,157710,6501600,618038.819140952,752829.269263936,7625199.99999999,97038000.0000001,403545.844984005,31504000,12500000,5652100,339430.877853987,253380000,11073000,2098600.13761751,5244300,11360000,3589900,123780000,3893878.96573741,34056000,6234900,372230000,139560000,487990000,148110000,2321700,82807000,15339000,8765299999.99998,332183.637033825,12002000,124289.655026108,180348.595759667,249711.18095244,37107000,12943000,11799000,6134300000,75202.075198974,1018210.22655379,531496.000985926,2961600,3485500000,501409.492399844,631642.788848593,55815000,2351241.35227113,2025600000,17145000,560240000,1556000,7497199.99999999,360414.921343425,873702.28579108,5446299.99999999,594190000,1190700000,118920000,33926000,2368300000,666718.860345946,91142999.9999999,54722000,248036.289339574,46309000,189610000,660700.000000001,2931900,161800000,7611600,10878000,10510000,8178100,381096.327513469,2380700,9151900,3244900,49822000.0000001,365384.219384837,466907.711469875,396668.083928279,221089.026392349,2831600,5813400,554102.625130676,474047.265106171,1326900000,1173600000,158830.216616204,681109999.999999,193850000,30553000,46957000,312358.799949958,294368.784292493,1118044.09678081,365370000,334789.410919258,3763700,70551000.0000001,135934.64501134,188717.514271605,360510000,114317.749448455,46707000,14649000,45507000,212110.721319615,760160000.000001,63207999.9999999,629890.498493035,5210200,298820,66621000,218130000,1719706.87799277,513229.429037994,7301100,563270000,10832000,8405000.00000001,213242.221518844,130708.344938828,1891600,1299900,412287.966951355,4349200,13596000,6082299.99999999,297654.965966799,5073500,86493000,3663900,338431.502478612,271605.0457357,23718000,25054000,59300000,4367300,389271.793052559,433097.237296555,186940000,2518500000,25585000,940124.281329993,653289999.999999,95608000,11659000,99570999.9999999,34649000,92250000.0000001,104190000,237480000,16647000,334835.266011431,2114423.79005556,108245.334224365,6151700,26378000,2099200,19513000,144279.264909142,954200.000000001,1663100,916283.033154045,55792000,419850000,91251,880166.416634989,293243.082864283,7117700,5156300,133996.208818347,552825.941729557,15094000,102890000,89367.6443969328,820686.201082219
PDAC_56_imputed_intensity,2,221920000,1028100000,4.484e+09,34032000,252486.67583306,24152000,290470000,247280000,49316999999.9999,3480600,696007.342686016,121286.524991514,371649.739892961,27474000,10800000,51937999.9999999,7261700000.00001,1321600000,146350000,3736900000,2.899e+09,2213800000,64782000.0000001,912450000,768600000,2.6709e+10,195820000,924050000,303850.520860753,3549900,163760000,326190000,4598200.00000001,18280000,17093000,663061.331123208,630267.671826669,81751000,57384000,90152000,19502000,167760000,46455000,1.0776e+10,59072000,1077300000,724980000,89017999.9999999,391800000,134150000,97269999.9999999,71821000,104870000,82205000,91442000,10478000,464590.329223641,3695800,6877100,851946.847066927,229154.173153961,1188449.74840064,67501000,34538000,380019.50511783,2209200,1862400,12487000,327100,5734300.00000001,1508500000,47799000,1964300000,53218000,58024000.0000001,478840.423752802,253010000,82870000,1740100000,604675.697942698,484773.321964403,4819000,745126.884435324,796785.582683519,798139999.999999,123720000,26381000,34749000,4062100,25904000,591935.644406434,5339999.99999999,10492000,25455000,174498.345868503,8913899.99999999,35460000,683792.621579722,4484400,14013000,382291.002947839,241320000,9991800.00000001,85596000.0000001,241499.387789,31177000,229969.422001024,359229.873257498,16456000,60959000,482155.09532489,39196000,81404,280220,290924.487419038,444560000,6003800,783896.440814537,6229600,9985400,4260500,95363999.9999999,307989.815548971,57752999.9999999,483941.542381864,311390000,147300000,1142800000,454040000,17796000,100220000,9491600.00000001,3289900000,825912.667188676,9526200.00000001,610811.60656918,6521600,4015100,44794999.9999999,21130000,13532000,1.1114e+10,586526.514680343,227560.683001472,7683899.99999999,2044200,3362700000,821638.556571262,187858.501391295,1.55e+08,852317.967922174,1471200000,9380299.99999999,359137.206388371,2599200,6861000,871610,710577.007383314,5596000,275410000,1148600000,140960000,30371000,2105100000,385484.28976664,49980000.0000001,21828000,431527.32671689,81271,171320000,937684.798625844,963880,72545000,17142000,23952000,29431000,787512.130479541,105380.384743557,1236500,395503.717553977,312476.657592522,102970000,1055194.31133786,853217.958513082,169537.241689742,510635.272489154,3916800,5343100,292765.031491901,923869.42381183,544850000,809420000,219480.593358363,601840000,456375.802110897,1627115.45440054,75121999.9999999,1831998.29046877,1449893.08602761,1090348.63956258,239360000,4881900,299527.990511235,87861000,280284.147581338,260254.070786255,358140000,500229.929510336,5097700,217790000,26362000,503927.242062244,970420000,30677000,1105883.04465842,3239900,197354.611507129,64415000,204410000,849065.007734892,8203799.99999999,4935100,202400000,10277000,259546.603060782,454739.266069095,292453.413615597,416715.448389215,2459841.25148291,5612800.00000001,21830000,18098000,288826.683221068,1124925.03248392,7577799.99999999,51514000,4125400,471568.033867635,662607.281226594,11892000,13344000,35446000,3242500,542070.530278741,186522.287154688,79085999.9999999,2165900000,38373000,613880.757970012,736310000,154630000,9198000.00000001,129280000,61642000,160540000,128660000,171190000,14453000,521672.921123265,311674.181954141,278274.731098948,3373500,43214000,421381.615886843,99579000.0000001,3818500,258470,3386900,1508100,23117000,188050000,387367.396540846,460606.817054501,243421.805031393,15420000,2734100,741456.437601289,982075.585810953,19569000,59298000.0000001,356937.650195399,722310
PDAC_57_imputed_intensity,2,505039999.999999,475680000,3102400000,28220000,372289.749066374,16230000,136020000,170520000,3.1415e+10,13767000,419314.055512813,453868.752360323,227109.141275393,40245000,16939000,46062000,7055200000,972080000,576949999.999999,1422500000,1177900000,2168800000,19935000,185050000,392690000,9642000000.00001,145730000,207450000,1584497.73827978,8542400,82891999.9999999,186830000,20216000,13209000,447687.398977925,241110.614551361,1341100,27760000,45617000,116250000,13026000,697409999.999999,23952000,8270199999.99999,287150000,2599500000,6201000000.00001,725449999.999999,272060000,79723000,78307000,49100000.0000001,41308000,62422000.0000001,153150000,6052900,863004.066155955,2061200,4999100,267630.759572147,4357100,653105.699099517,51238000,13926000,447617.75477134,1880200,3039200,19952000,4122900,10216000,748650000,65869999.9999999,1096800000,89537000,40728000,39223000,245350000,51555000.0000001,1695400000,16740000,663138.678251962,678092.283630085,65661000.0000001,124352.496362619,806260000,66688000,50181000,536560000,7170800,20602000,701408.857454759,809937.815377434,6498900,58169000,661129.44848574,17867000,7568599.99999999,6399700,2144800,10932000,251103.569302353,98350000,1751200,70510000,476870,54399000,203375.022246839,663992.545585172,14574000,85885000,1002500,24926000,2160800,873460.000000001,746427.781848385,558620000,6863900,178815.028956191,3051600,155690.42640377,4011600,52260000,117688.918477458,76164999.9999999,14216000,271390000,112020000,1.278e+09,530690000,28774000,71767000.0000001,18278000,7323400000,199574.770892525,23366000,10387000,4385300,67226.9313798599,31944000,12078000,9666200.00000001,5655800000.00001,14131000,484802.891717272,122289.119388888,1773200,2584700000,226675.452552807,427238.757360364,55219000,292262.893139548,1240100000,15912000,266493.999280593,2084500,4379500,20408000,289373.705912273,32192000,672589999.999999,1955400000,139350000,653526.441595087,1707300000,251074.112258535,120410000,16010000,352332.511144197,5607700,171030000,2203800,2675900,158860000,16497000,55921000,15504000,395680.971470556,141308.057367295,2427200,6892100,9666600,38936000,210487.67072204,1578800,293623.776403307,1062200,8049300,5947500,3560400,219486.45978668,798190000.000001,769810000,293869.004380145,608410000,218210000,194354.060427485,56196999.9999999,130042.896473718,423592.269392921,10313000,199050000,13325000,3871900,40900000,22195000,638088.133748147,450240000,2794000,118830000,113100000,340887.84439446,3087000,568470000,62293000,625072.167345479,13151000,853890,123880000,213880000,5327300,21837000,3210800,1338900000,12504000,27613000,109270000,359187.972164251,786801.842679997,2193000,3445000,12775000,15368000,5910400,169723.013003669,5581500,93333000,88090.1592429313,72580.5048992358,22953000,31412000,186310000,264960000,54236.0591980393,431570.817272342,4366300,86601000,1528700000,46212000,916678.30366475,770450000,84663000.0000001,3964300,73706000,51661999.9999999,83191000,126920000,153580000,11332000,1227299.51525523,214310.01334356,5931200,4976100,72196000,5662899.99999999,31021000,9605500,18100000,453320000,128340000,43846000,427760000,1111139.3378726,1552700,274514.435430651,7896300,5169300,462839.097150141,300538.438255785,22927000,813689999.999999,307270.139641891,11816000
PDAC_58_imputed_intensity,2,115890000,562940000,5241700000.00001,40434000,305802.158903011,13969000,97925000.0000001,153650000,2.4338e+10,1813200,141884.188627077,666547.615969403,503241.744983565,60015000,332942.488018733,45084999.9999999,4.242e+09,334820000,250950000,2596100000,368230000,3198500000,92997999.9999999,732170000,642560000,1.1304e+10,34193000,487610000,1155800,357946.378425545,73725999.9999999,137880000,8746899.99999999,21569000,5073400,3180300,472123.289731312,41561000,96850000,164460000,7818000,716030000,30623000,6252700000.00001,641360000,4759700000,1.1687e+10,1149100000,197190000,64969999.9999999,72712000,37850000,38652000,62682000,131520000,538082.584173642,3654200,793901.003777397,6369100,471918.607255276,5377000,548068.789632969,66406000,12515000,184395.856713997,2653200,2093100,7403200.00000001,1081900,8237300,661190000,39028000,985440000,61511999.9999999,26480000,137562.8234837,139510000,27240000,1.16e+09,179211.991349181,532189.240185802,7390500,48162999.9999999,484386.49595175,703779999.999999,38884000,36005000,73648999.9999999,3470600,319904.94898421,1293767.99217541,234656.610169252,22991000,59400000,1045358.12938682,3504800,9557000.00000001,292275.97391216,1055300,17857000,292511.403378131,56841000,2983600,108750000,2536100,63218000.0000001,565020,2965100,46515000,60154000,662876.925689503,6794099.99999999,764190,5128000,356709.719624351,247940000,13911000,231070.431863391,4131800,7112000,368078.683000196,24121000,4837299.99999999,30199000,14302000,202070000,74859000,562609999.999999,162880000,6930100,34724000,11844000,5928600000.00001,135154.283434129,28763000,7575400,8485600,259967.872302601,6297099.99999999,16880000,13578000,5073400000,68980.6475570932,11580000,6098800,2015900,1844800000,318841.402667531,182259.908456782,87475000.0000001,438868.925350685,1336400000,8390600,509700000.000001,2244100,3479000,4101500,139322.761036723,14514000,1188400000,2287100000,205230000,19904000,2123800000,290000.737242561,83256000,8709399.99999999,501418.435662524,166730,179840000,12366000,1236000,123100000,15181000,89596000,16426000,5638900,263081.84210688,2790300,132427.916739067,2631700,42578999.9999999,417154.361087917,3081000,305947.670231218,2306700,14327000,8479700,3907500,444875.808660246,1.108e+09,607660000,359042.042837475,615030000,231530000,27353000,32379000,344446.778763885,186956.736734419,44431000,567140000,43357000.0000001,9198200.00000001,75641000,5910800,442251.76517385,498530000,232502.076959131,149100000,167250000,30850000,185131.55460758,430560000,39208000,395526.769546833,6396100,2499800,41950000,37369000,520711.095111575,3190600,2612600,2.605e+09,5811600,28457000,119390000,126539.044036029,143661.412123537,3563200,4869200.00000001,744910.000000001,20678000,6439700.00000001,4430599.99999999,4451100,12684000,189614.883237729,978864.704850916,472972.439275144,22297000,71526000,398240000,5581400,191009.780833726,807448.118187973,20887000,1590200000,43317000,885991.619246917,705400000,51410000.0000001,3913600,100940000,49326000,47928000,86801000,131510000,13756000,419386.51233703,5743499.99999999,307277.684984118,5587699.99999999,22877000,1702200,77959999.9999999,147421.983641447,2687800,551110000,58471999.9999999,52772000,94752999.9999999,128750,119465.618255643,4508600,8481800.00000001,6310200,360111.062253146,145782.051203111,13298000,917850000,208450.788855384,7409599.99999999
PDAC_59_imputed_intensity,2,106330000,622310000,4310900000,16307000,382261.163801412,14301000,266180000,244190000,46917000000.0001,2916800,1408313.91826457,119131.183621605,325139.311488144,8851000.00000001,248376.288869403,26700000,9221000000.00002,943689999.999999,262400000,2428200000,2961400000,2721200000,86291000,407060000,653230000,1.4303e+10,142500000,763810000,3810200,4586600,85457999.9999999,257750000,4603700,27082000,124576.324747489,305753.586209091,2111500,46470000,52971000,75392000,11484000,309960000,17870000,6232399999.99999,175120000,2212600000,3348700000,370220000,211040000,105190000,76733000.0000001,47403000,43228000,64844000,79979999.9999999,6153199.99999999,643442.070389897,2368100,4904500,283815.637643902,372744.807054085,1561768.77837742,46687999.9999999,7171799.99999999,515846.161728758,209916.906822573,1971500,11400000,549377.110270869,9224600,696040000,41362000,1042500000,128450000,58071000,10918000,84007999.9999999,68350999.9999999,1303900000,28569000,1450697.41282113,4482200,378940.251756922,414648.313131143,754630000,47021999.9999999,45149000,335631.325899165,4777500,17329000,419726.199645688,1075113.78110321,391100.360092176,12275000,223991.842436589,32518000,5699000,3362800,149662.951381353,12640000,171686.085216773,89891000.0000001,2154000,108580000,576749.621215906,9821500,209249.695692805,811695.681380694,20425000,50121000,439267.69473464,18815000,156670,48252,201798.120199203,641200000,25921000,617344.145014554,4242400,10356000,7414400,50406000,275312.950487814,50244000,1217515.648574,339700000,180980000,781180000,229090000,11708000,78982000.0000001,4744000.00000001,1042700000,246210.609790638,13909000,13781000,428049.850565338,109736.117755386,42199000,6600200,11563000,8003499999.99999,1105927.64783902,366269.159836571,281213.270960747,1572300,2.328e+09,16752000,14279000,105600000,412098.9062139,948080000.000001,15604000,196280.732846204,1438000,7116900.00000001,5973800.00000001,1526600,19303000,666259999.999999,2202400000,138220000,201898.769725253,1599100000,381209.349829339,52304000,33529000,231049.167169113,19243000,196970000,2930100,3468900,213980000,14544000,31663000,12859000,221295.749040457,90023.884898479,2533600,183830.589564173,3744100,41984000,668231.131241973,136367.666775409,274892.796274988,319092.047029246,15075000,4131500,1564000,65467.9130047942,499450000,607540000,360032.309654299,824860000.000001,242180000,212392.548140019,49409000,169982.016883886,292227.749129517,63412000.0000001,493270000,316433.010786607,3737800,146700000,6278200,786302.012360195,618930000.000001,2315800,92199000,38669000,23895000,260388.70171478,714540000,33145000,1030509.79854547,8110100,861689.999999999,129160000,297760000,4397600,4749700,6007000,543239999.999999,13304000,17180000,67367999.9999999,502527.245811507,180516.185937359,2960800,161942.91452954,98256999.9999999,16565000,826692.004774116,772351.621536923,5311400,88855000,4003800,393162.296313806,320957.392356348,900428.062641578,95525.4309452522,9884999.99999999,2606800,195479.851766987,465356.655772117,59501999.9999999,1649100000,45660000,457980.592166406,597380000,96838000,11022000,80163000,56983000,113030000,116130000,181670000,51945000,337480.586183693,695692.150111039,887640.721291209,3520900,26565000,2425100,28088000,2656300,346650,108880000,6874999.99999999,38051000,346160000,851644.290093007,261508.94729921,243396.289340347,7950100.00000001,2963300,935622.413394243,338724.233384727,17315000,248230000,71238.3231617019,4868500
PDAC_60_imputed_intensity,2,113460000,632990000,3922900000,13743000,513134.696608867,25242000,151550000,194640000,4.1866e+10,161163.848429918,513054.900775848,929311.687610669,249387.397959167,63533,413686.584906098,87784999.9999999,1.3019e+10,988080000,916820000,1242500000,1253300000,3908400000,33079000,205620000,340430000,9736199999.99999,162860000,335350000,330166.2954338,146525.901291555,93654000.0000001,251310000,13720000,27526000,147327.198034032,101941.742950962,3470400,35028000,63710000,73453000,20499000,179250000,40195000,6370300000,3.61e+08,2470400000,7284900000.00002,723790000,252790000,118970000,59722000,53896000.0000001,43489999.9999999,42011000,126270000,7499299.99999999,659029.418305918,3139300,4662100,784742.140340411,2407500,729017.998909926,54097999.9999999,7670500,345430.897082048,2217800,918510.000000001,8548700,310682.511882795,10067000,743290000,68644000.0000001,1.266e+09,153770000,46193000,324572.512428903,272730000,1.23e+08,1815900000,16143000,172459.561174049,61126.0175566902,162673.001607716,298676.641725475,539580000,66707000,33630000,27746000,3948500,17502000,412420.763913541,89781.5780782419,6371699.99999999,49613000,131487.821071558,146674.798276172,3705500,1557165.8295726,3287900,12320000,157410.342364724,57309000,1254100,89989000,376219.989847891,10582000,208819.467878392,481963.915703547,13037000,85028000.0000001,376279.125661288,29181000,74033,409590,253497.278818971,532379999.999999,2625000,205098.782416552,2833200,7473700.00000001,961059.999999999,39692000,362068.728878292,38506000,8956200,424020000,165890000,946360000,393330000,11230000,45426000,3440400,7256900000,2276300,12440000,307536.279495423,450150.227214653,142662.434408328,50117000.0000001,273562.537157859,15249000,1.2599e+10,772395.189267606,112291.129427115,336562.071838518,1553100,2911100000,13752000,47493.6795874694,110070000,1056214.87347192,1367500000,12479000,728610000.000001,1116300,4357700,839370,282953.100077371,8219700.00000001,643780000,2187900000,57058000.0000001,26286000,2229700000,262576.997940867,53834000,31239000,989950.088163528,32189000,200530000,294220,2312900,142820000,17678000,39220000,15533000,11896000,227235.901605666,1674600,14991000,4772400.00000001,70960000,267921.795493779,212720.36039649,369484.537352219,699724.65516713,8613800.00000001,3952200,2385000,1618418.11716241,899380000,926970000.000001,610525.935598429,747840000,180390000,175703.571908501,94245000,57795.8154858088,237110.820545851,93114000.0000001,656210000,199415.30940379,4618900,55169000,165424.934070185,945372.135312585,584360000,2945200,87507000,9268700,316046.650836872,171043.269272039,796499999.999999,31255000,88778.0984755067,2751000,363650,83736000,197520000,277807.538281137,13515000,7678500,1069300000,6526900,5995199.99999999,25057000,438381.527909662,623876.194836511,163972.256153224,90343.0920266158,156720000,14878000,4477600,449226.708556769,7943900.00000001,59997000,3714400,325963.977296944,162523.570141942,8268300,7476499.99999999,51106000,410032.791578888,316279.086943999,470367.236295754,87839000,1482500000,64753999.9999999,531022.641992404,540620000,109420000,11651000,82938999.9999999,55561999.9999999,122150000,132540000,199510000,16175000,1053392.18780494,212281.326712555,100515.005392018,3777300,242969.59925817,407420,24102000,319666.13814516,217480,43958999.9999999,356769.937875149,26267000,478280000,188239.097038702,411814.150834126,3189516.70724578,5228600,2145700,216911.085204963,281923.263786237,33193000,363440000,235069.60812278,1093400
PDAC_61_imputed_intensity,2,264310000,409880000,4257200000,7682900,493231.280861957,10031000,147200000,166920000,4.1387e+10,216727.609073552,588659.343926455,264896.103463223,344575.054363745,1100100,685063.369894145,36140000,1.3268e+10,1122900000,451690000,1435400000,1356900000,2940700000,20609000,165360000,491690000,6013500000.00001,226860000,512300000,309554.981710157,827885.44169529,72878000,195540000,10172000,31322000,441994.15429663,322904.360306284,1093500,18343000,25666000,60892999.9999999,15155000,208240000,17803000,5293400000,227160000,2459500000,8351100000.00002,938520000,195470000,91887000.0000001,73677000.0000001,41601000,57116999.9999999,34431000,110800000,3986300,1436668.50417914,2101200,3455400,268142.627240639,969095.951717492,237440.78858294,33928000,8149400,1028922.56103305,1825789.94556986,698224.885830716,611611.721858098,140507.002696442,11614000,640960000,18333000,838680000.000001,90552000,18612000,13194000,182510000,67356000,1821700000,451978.142451969,240762.657812992,129114.392115892,46907000,504522.465545213,739499999.999999,98417999.9999999,41034000,4950600.00000001,5461300.00000001,143705.142486625,2924500,1169856.47370035,793036.111689781,668974.214619614,714168.372581929,18694000,346443.838946577,5103900,6160500,11159000,1328939.44174295,74676999.9999999,2475600,96143000,115960,10898000,560111.858459004,613463.801770864,4609500,58330999.9999999,482370.988748235,24032000,693039.999999999,279467.183885889,197144.833858272,523110000,6815500,309871.537906445,2822100,990696.746237833,3834500,50289000,1598645.78415736,43976000,1370569.53603846,293280000,169660000,1004500000,384660000,16828000,84260000,6904900,6446599999.99998,892092.932677615,19116000,282344.039395624,299152.685696915,204688.188208797,26466000,23963000,12584000,7886499999.99998,86987.9662222625,219060.639850387,237687.041791578,1681600,3391200000,101440000,7541799.99999999,88360000.0000001,665593.429514559,1174800000,22726000,191080000,780099.999999999,3242500,1209800,550774.24355356,4157700,827740000.000001,2979500000,107340000,19224000,2026200000,5001500,36640000,34832000,533202.214647324,140110000,144220000,220870,1731500,105350000,965646.287427206,48076999.9999999,15399000,1096263.10919202,401208.887241441,2719000,8834299.99999999,2848200,38986000,239510.019638591,207896.974192004,595541.428732678,924519.999999999,5099100,3291400,793638.164354694,352460.824304382,815260000,617070000,861717.636756179,703620000,440270000,605276.587320553,70050000.0000001,402620.6547993,208303.864500352,8652699.99999999,653860000,260319.487991132,3767400,14086000,390972.440350571,301620.008384042,236730000,344649.814575013,121240000,582138.489045839,8180600.00000001,256719.67213435,702029999.999999,30298000,1424800,2996300,443049.999999999,107540000,76990000.0000001,227430.162667976,10739000,4974799.99999999,1629900000,8623799.99999999,11842000,15540000,688505.413751749,637976.504246222,2924300,570319.887342682,44158000,12106000,777238.073102358,433970.288369115,5178300,57853000,384089.2673051,286383.661512747,242978.455918472,32166000,303719.795558372,16760000,286897.189529743,316873.5830167,1550600,99113000.0000001,1.297e+09,21627000,1548900,579690000,82985000,7997799.99999999,67987000,50256000,83822000,75438000,244560000,24975000,539997.395006798,262861.136576123,419567.860584498,1387500,6378400.00000001,1888800,10187000,209714.434489142,903272.39504611,152730000,19476000,31861000,456720000,252142.65080345,505925.162898936,331937.894439524,5991699.99999999,2988700,324793.995409717,443848.431551646,249494.58778254,684429999.999999,511391.964387795,5155400
PDAC_62_imputed_intensity,2,118450000,409430000,2896200000,11004000,694707.257147179,23923000,135790000,166470000,3.2596e+10,724714.863962221,644383.946460393,209560.728589568,706060.216853811,184170,540872.192897628,43256000,9006399999.99998,614940000,674690000,1345100000,2358900000,2073800000,23591000,372770000,612459999.999999,6208599999.99999,241690000,466220000,179867.552362123,761173.680205031,60589000,136200000,3618900,14113000,9375400.00000001,110374.935501492,3064200,314679.67132115,5736000,25774000,10611000,182300000,23904000,5992700000,517400000,3.261e+09,3602100000,497960000,206920000,78081999.9999999,56771000,43513000,46182000,47342999.9999999,95248000,255554.251229922,263166.222796322,639734.803020328,4198800,471095.012413212,149730.271930979,855805.644368415,42246000,133189.311638371,364311.372792553,526110.675584947,1717300,1103830.09911927,377811.518124964,19726000,5.52e+08,38242000,924340000.000001,90890000,33517000,12357000,103930000,80689999.9999999,1277200000,28295000,429198.957172568,1458612.37622771,31083000,203220.455202128,5.77e+08,68246000,26847000,3488900,8171900,18430000,1083114.04322267,317087.708396883,232344.813017108,339902.054287551,926172.929637001,11105000,5094799.99999999,624145.126235728,8263800,14974000,559718.207254248,84721999.9999999,14513000,263690000,6618900,23610000,194192.943346003,395517.405280125,7114800.00000001,59319000,184155.27511904,30486000,3396700000,620130000,36124000,520240000,14053000,3125383.19764507,3210400,6449900,374403.969282531,70259000,762020.323872381,41770000,8708800,409670000,237620000,669550000,219660000,10600000,25448000,282911.645423225,6021599999.99999,663601.691815497,14886000,17540000,280415.520496373,389376.294805445,44716000,6069700,14957000,7820200000,283676.533907346,256602.954855594,87927.7088461894,1507900,2120900000,1188467.83293795,4903500,96076000.0000001,141493.882965816,1403300000,13717000,212090.712719412,370695.81788343,4083800,2938300,673261.978089879,4379900,1.666e+09,4959600000.00001,95222000,624830.307399879,1363600000,1450256.40755358,45314999.9999999,40735000,241433.513723728,15531000,133600000,526040,893780,189930000,11847000,69270000,15169000,393707.041203925,464909.435125847,2988900,70763.4731697835,417931.766886819,43542000,445137.895140972,220149.06404772,542215.350256076,313831.592121721,15514000,1180775.07927411,3199100,619412.894187051,793279999.999999,887819999.999999,251518.649343484,532460000,535680.029013061,20132000,54341000,442328.108132342,466601.054370968,62749000.0000001,410720000,96700.9054931012,2952600,74788999.9999999,467333.695251242,81637.5754838029,251680000,1468404.71164394,283820000,8134399.99999999,301238.547892259,249856.992672581,624159999.999999,54127999.9999999,1306000,4375600.00000001,1124300,210130000,15142000,423274.6490038,13272000,5877800,1047400000,3082300,9580500,364478.372611489,246566.031943365,394202.164082278,3102600,413640.296145961,18442000,15067000,3903200,116033.670982129,9290100,68958000,3023600,241645.899570549,460938.678256927,605052.013638266,285801.442169854,1439000,110582.878073648,1147780.77999582,2622911.19578057,109790000,1239200000,35213000,323704.44967545,607380000.000001,95699999.9999999,21940000,71583000.0000001,34404000,164900000,78847999.9999999,217850000,9943000.00000001,183393.004156479,241339.094214776,286616.941956267,1678300,339917.28755443,470400,27015000,723847.834130673,365169.375050219,359920000,8095100,405481.73752784,726939999.999999,228050.830574769,374506.54426304,133051.681509192,5869600.00000001,1913200,391775.457592119,313632.67174186,1103971.16114068,262020000,302369.307629826,6719800
PDAC_63_imputed_intensity,2,363841.809410185,884930000,5308999999.99999,20928000,231188.922052077,19799000,176520000,277620000,57781999999.9999,617970.526358734,560432.345930723,9179199.99999999,1479324.59182508,178970,716067.72961823,99092000,1.5854e+10,1373300000,558090000,1605300000,3071900000,2301500000,38553000,395510000,710809999.999999,5465299999.99999,148590000,876960000.000001,2608500,799474.695930513,103880000,269530000,5993800.00000001,17901000,278713.486326596,1489355.9873801,2624400,54893000,55581000,60665000,20413000,71862000,24017000,6430199999.99999,216970000,1874600000,1385700000,149640000,225140000,156540000,78958999.9999999,54814000.0000001,63562000,67854000.0000001,106740000,583300.518142702,947762.371620178,788139.999999999,5113500,268932.573127752,1074355.52508172,472953.526966738,71135000,7353099.99999999,1402123.53077339,290208.987285084,295444.026956456,358973.82660234,516994.945501689,17894000,816650000,47291000,1315700000,102320000,66237000.0000001,9881300,230920000,129760000,2008200000,784741.782330857,479619.114856518,487267.616477398,347454.959763128,1350518.40786632,589890000,64167999.9999999,37393000,465907.996917326,2620600,21651000,420751.585301846,687093.908527458,11098000,18498000,407598.6670564,13833000,763865.367072346,6174300.00000001,12936000,17845000,628459.805104216,68633000.0000001,5639900,72024000,951489.999999999,6336900,1020347.15742083,151357.279262091,6262700,61256000.0000001,173989.180173843,21517000,1392500,147250,509666.909910838,411230000,4187000,562275.134815726,2548500,8472999.99999999,4330200,39890000,665171.443459328,55737000,370109.888255257,427470000,200060000,617280000,212680000,405732.6852376,92864999.9999999,7709400,1.2395e+10,514018.292199619,5120600,1066439.83266269,284256.993967495,213939.024827579,49001000,12944000,19494000,1.5217e+10,12826000,249316.614308462,705723.491173513,3936700,4971399999.99999,686078.401303669,754901.594185572,211680000,300828.316105412,3661300000,24709000,1358300000,1264600,13821000,226509.497617374,78531.8091511089,855485.048350828,366570000,1208600000,123200000,28286000,2120500000,403806.388183095,57050000,42790000,214638.203433965,865870,295160000,817000,543170,141750000,9094300,9855200,16964000,497948.637567199,204934.613462364,1880600,22813000,815322.321324272,74556000,1221399.64993091,550145.659175121,697589.720956871,617551.33030502,13889000,4820700,257530.072639433,602449.807547373,655560000,1057400000,662242.61188789,1.072e+09,376580000,43883000,137010000,243553.481792369,730307.623859269,147700000,671219999.999999,191906.3837833,2189900,30701000,918742.7832649,788536.029550575,384320000,198800.427162974,6210700,9421799.99999999,9501900.00000001,707679.594335473,868820000,29168000,960706.826221894,3452700,513879.138075096,46767000,314750000,743625.768276212,13650000,10209000,231040000,11135000,5526300,263504.821086493,652154.749901311,465066.879663338,2499337.00680987,717701.710770293,64479000,19501000,219334.069193836,1505463.82167571,5696400,55765000,226595.350030054,668135.308588965,134000.060061354,5328800,1745916.14208637,13112000,549711.52402939,336489.904067538,259778.557708524,69536000.0000001,2378800000,37027000,221453.978963628,667399999.999999,84534000.0000001,10748000,89036999.9999999,45850000.0000001,103610000,104740000,183430000,20021000,405904.331673202,1214272.97810167,392671.338976571,3498300,38236000,477779.999999999,15103000,484582.247921343,696540.000000001,5378800,3996600,21474000,340790000,193510,1020384.57358668,932842.641423729,7408300,2733700,884156.769735366,74381,695717.712192473,41850000,365032.035472753,183268.044487529
PDAC_64_imputed_intensity,2,207810000,977409999.999999,4825900000,28292000,193086.541729989,22308000,200900000,255430000,40693999999.9999,4691900.00000001,347582.135224224,479314.840152115,504110.119287864,29109000,204052.501937485,113910000,5621700000.00001,1787300000,532879999.999999,3.486e+09,5019699999.99999,4563899999.99999,104970000,1906600000,1389700000,1.2394e+10,106680000,532460000,395807.508374543,158489.392324739,186700000,295710000,5194200,20078000,8183499.99999999,198386.172465125,1209900,27853000,31395000,54413000,16409000,101640000,54645000,7394300000,301740000,2535600000,1464900000,150130000,298720000,115080000,174680000,62933000,114530000,116210000,74130000.0000001,37331000,539535.969089556,88099.3314031549,8131000.00000001,182905.884810601,5188000.00000001,627715.715357598,108920000,16957000,221963.530628836,6327400.00000001,2400300,8755700,315886.671686103,9259200,1573500000,65676000,1473600000,85557000,217571.967662122,294129.220732654,191940000,65315000,1961400000,9153600.00000001,579034.896138642,6517699.99999999,58539000,463508.571400969,611150000.000001,83214000,46046000,55274000.0000001,4374400,16911000,408255.201023061,521368.768336986,27265000,719575.162862546,222264.828091588,50461000,14713000,522920.03645613,16458000,16173000,265332.137371138,102170000,4035800,128700000,373937.897342547,10969000,243275.23902645,281670.4318551,8809000.00000001,58068000.0000001,486329.203852415,23820000,434250,367390,1177700.73436764,348890000,13276000,231926.70867071,6906700,17577000,7315300,132790000,163405.518164469,96256000,11489000,327150000,106760000,4847600000,2020600000,74560000,55216000,18619000,4790500000.00001,162767.782821614,7106899.99999999,5715900,8575400.00000001,164411.567899657,22909000,5460100,13930000,1.3599e+10,240056.173033929,296236.04929446,323125.449665175,1331700,4033100000,655296.33011787,112869.507759916,37075000,161618.714107715,1038900000,24239000,271930000,3283000,9200700,298194.772232435,113130.186856027,2215600,296720000,550390000,195710000,23391000,2752100000,1041886.26086514,93877000.0000001,14584000,459573.326089983,328649.203067283,211870000,489389.999999999,162068.235792322,170640000,552860.871865275,34308000,13191000,13971000,294516.894985637,3038000,6090800,2873700,64845000,635899.786566457,137852.351750896,527207.061389312,423735.279772866,3626800,5950900,80565.145722457,972957.581522504,1189500000,679810000,592185.125091763,820940000,375430000,705601.233326626,46552000,865054.197579555,206270.909277669,16542000,678280000,13944000,3987200,57647000,621821.156492367,168557.639951052,776229999.999999,386923.533965225,10252000,228340000,36229000,306192.73398189,820590000,71059000,233077.230382764,4506500,442959.160114378,40244000,339500000,319268.581967777,67501000,2000800,354390000,8198100,10743000,16281000,313592.406528541,13542000,2002715.57011344,10862000,38968000,32839000,8364300,181820.126731079,5765200,27913000,3929800,730743.870006674,732000.219344852,5354900,40735000,176160000,13164000,393762.648329985,300696.28042473,69859000,2.237e+09,43632000,231238.269795101,906390000.000001,126220000,6720200,118650000,65882000,109790000,125190000,133450000,15610000,258590.082685281,147573.612967425,800173.021135926,6691999.99999999,46040000,728797.825546542,124900000,12138000,2507700,11889000,1744500,39333000,1.33e+08,536400,179846.257604147,4041900,10615000,2948300,745983.883114249,347451.246724831,15226000,80566000,117404.982643792,276689.591786371
PDAC_65_imputed_intensity,2,283510000,633300000,4474800000.00001,16078000,158968.448418862,25700000,166840000,261240000,4.5652e+10,260591.503500743,3247440.32597747,5437300,256951.661100595,542638.579149833,173878.921616167,194370000,1.3822e+10,3080300000,1567400000,1505700000,1256500000,3.482e+09,18573000,332150000,1049900000,6400800000.00001,139020000,718110000,125018.55308369,469633.900866862,104190000,364220000,29668000,17952000,696579.229904239,245171.389212488,773021.489517449,52034000,41250000,67364999.9999999,23724000,78347000.0000001,18232000,5753000000.00001,335460000,2.543e+09,2189600000,224760000,378150000,167170000,81395000.0000001,49876000,52336000,68699000,107910000,13605000,235755.941087618,2421249.89077239,3414000,636153.418690779,2985700,1530221.67105101,34433000,7419000.00000001,270218.169233813,2021500,720457.960855006,262313.512133851,824514.53978131,18740000,780440000.000001,53576000,1429300000,73202000.0000001,38768000,11861000,246580000,96955000,2431600000,28479000,145830.259357898,174714.611079642,737900.80199252,629703.221817887,614690000,117940000,43565000,745567.418377403,3142300,23992000,405682.627178183,825750.491027848,242259.720386673,248550000,148344.228476605,357791.253436206,214371.520138896,205536.412886364,3645000,13665000,541053.204966855,73555000,3062600,70131999.9999999,854514.791136155,20622000,247444.561043451,370593.675515723,5978599.99999999,116070000,597460.779263178,17174000,1917500,672750,436218.512429913,350230000,4077500,94625.3468985877,3861700,14394000,4144300,96267000,197068.731741436,136970000,3438247.53355378,395090000,110450000,1778800000,766940000,23081000,82199000.0000001,37410000,1.4378e+10,1548156.99520774,12243000,297849.030414573,253304.66942611,899778.170847441,65157000,20176000,11085000,1.2874e+10,22361000,19061000,2312716.13385127,1926300,3966800000,251141.25699886,1197522.1651425,139920000,469396.805149275,1386700000,32538000,1533724.26999714,1145600,4340400,145095.201967899,159172.603727516,68866.6320356644,353420000,888780000.000001,131720000,41114000,2346300000,844666.857692915,73955999.9999999,55917000.0000001,443306.596739389,37649000,222420000,126710,1225000,158600000,18812000,10444000,23009000,397683.534440806,256342.305579994,345940.579743693,12148000,11397000,57121000,496093.347120398,2130964.53359796,470817.847711556,260192.270021444,460870,6216000,286535.291521542,820176.434030167,1.3e+09,976810000,336799.333271897,764809999.999999,339010000,259049.090782995,42940000,1487212.83137612,329541.653990448,467406.244580055,381710000,261462.956487385,3697700,78003000,310735.9688188,2435500,585160000,435113.698371995,9325500.00000001,413916.670724977,13801000,60133.8632081267,855030000,72970000.0000001,179219.998412553,1854000,132160,84705999.9999999,66139000,406366.844938821,36142000,4857800,300930000,10844000,174249.375614639,9862200.00000001,266182.097971526,4065100,533396.246611197,2309400,81639000,15134000,7041200,493824.83551969,11473000,105750000,370361.690473681,1032459.18119484,398833.150033266,14128000,24425000,34174000,3281700,373737.885836018,434232.442533035,189560000,2.249e+09,64959000.0000001,325605.688832189,1036100000,94218000.0000001,10090000,31790000,68100000.0000001,108640000,104870000,233720000,20558000,79091.810803662,1446127.28107388,1117108.02204426,2980900,16161000,1392036.2086483,15741000,423464.730674861,732809.999999999,267468.415758241,356756.724673638,25068000,489520000,67489.9999999999,436534.929281078,1072510.08226368,7664699.99999999,2710700,1254334.58753583,400964.765079158,297574.556558975,78424000.0000001,763097.439046755,654328.920043187
PDAC_66_imputed_intensity,2,905310.766666612,531740000,5090200000,13503000,1657631.71682362,23207000,132630000,170910000,52136999999.9999,398559.868834436,1092018.18762929,1391120.87236476,1485300,467330.000000001,355151.975238742,118530000,1.1172e+10,1089800000,583100000,1930600000,1011400000,2298300000,25296000,230670000,817130000,5318300000.00001,115900000,483160000,353055.607890639,497764.544596115,105440000,249390000,251902.804632527,21932000,1962636.54170283,777317.307747818,1986900,38949000,40481000,59340000,14912000,260290000,7874199.99999999,6305600000,178500000,1.707e+09,1283600000,130080000,250580000,99050000,105320000,55835000,48734999.9999999,70397999.9999999,124210000,118640000,1084393.42208294,541760.213863616,324846.424327767,742504.63589286,225089.144040105,338729.94281386,32172000,7586800.00000001,346863.642570758,251280.79426889,157059.492693289,663512.797106136,777132.741566413,15918000,552160000,66106999.9999999,935049999.999999,82405000.0000001,43533000,12809000,145350000,108570000,1334900000,45396000,1161978.04767073,709358.573117524,61638000,4284000,625460000,63694000.0000001,15060000,13632000,10068000,26469000,1405197.32764763,550690.84801142,459988.8539597,4136100,520803.043069266,3166800,4133400.00000001,621991.036960897,3366600,24712000,1094232.21791693,69127000.0000001,13868000,135080000,227373.008712911,18709000,571152.681701061,1098100,7911799.99999999,93046000,691075.489610651,19361000,4750900000.00001,607480000,34110000,433040000,5579000.00000001,1627900,3296400,12838000,649661.6753208,57908000,646275.292682119,47501000,8767200.00000001,465630000,208140000,8346000000.00002,4144800000,188820000,76612000,464554.835881251,9706700000,378945.68128988,5084500,3132600,791574.127886586,417038.676157684,27783000,16194000,16091000,9738499999.99998,563754.60634838,301033.422652956,323030.896710352,1902400,4095500000,708119.208415319,387720.460803145,178320000,771219999.999999,2991600000,25300000,187341.547154605,1032100,8867499.99999999,311402.501464355,375683.86080705,599358.159385325,401850000,1072700000,77787000,336482.764205295,1151800000,377343.028076214,49157000,44755000,941968.077316031,4895400,249430000,3413800,193521.885704306,99592000,1219385.0155597,22082000,41490000,195225.656984703,892808.822922728,357880.072711027,6505700.00000001,271926.440949464,63355999.9999999,232175.14806306,632070.041565394,806169.598816127,449830.401723732,7949500,3615300,490169.743101835,484515.496915118,557800000,1192500000,1621527.59719648,858970000,225381.54024078,995900.432949561,39801000,1403552.33501648,471571.510857421,272601.384621654,209170000,442409.259168854,2428200,19837000,285846.45670155,467650.539556393,15792000,1382858.07040866,30801000,116304.424926733,11824000,1313193.46149782,788170000,39795000,349027.51251584,9961200.00000001,392870,130310000,488894.806031255,713727.345414467,140610000,3261000,313790000,3509300,4598300,1187236.17830798,73256.1651891671,197684.466957899,1079899.23606412,3369700,91615000.0000001,12630000,743247.113323043,182645.723630213,5984900,72786000.0000001,3788700,422810.86599368,324454.312128051,10758000,540615.512779138,12243000,321205.391403518,7684706.35071626,476122.880227563,144530000,2006500000,27979000,168653.255584767,677440000,105680000,16430000,58250000,48559000,141230000,131910000,236660000,11200000,325748.10071868,793989.446372632,268798.846199189,2196400,645381.622515226,1632871.11125018,11858000,639667.321143062,543860,4489000,988178.650124999,708347.676508247,612730000,433500.508592667,4161962.44050396,1015562.35651795,8054100,2049100,1047121.0445193,1062900,2999567.03847826,79437999.9999999,186291.404941972,5175400
PDAC_67_imputed_intensity,2,264970000,1078500000,4175500000,19790000,835686.14716484,6603800,261590000,217530000,5.0377e+10,659342.721492212,786745.758218137,1095023.88463832,305626.641479509,3980200,12485000,40091000,8450699999.99998,1372500000,440830000,2702400000,1470100000,1953300000,47147000.0000001,458030000,690559999.999999,1.6406e+10,154990000,382230000,502923.570201086,3194700,98094000,393190000,3177000,39262000,1849935.90470787,803673.255850015,970289.999999999,48963000,26778000,76254000,29211000,92641000,44692000,8244199999.99999,109520000,1397500000,1412100000,130360000,337440000,133840000,98375999.9999999,59183999.9999999,59907999.9999999,73778000,94344000.0000001,4611800,675872.434224192,350182.34167345,1928162.1697849,736304.95684386,3187500,433293.58748175,73495000,16389000,3456769.01664948,6405500,350898.624625423,452481.793763083,394436.671409086,17744000,1406800000,56806000,1880500000,107900000,92793000,268216.439521032,206200000,95744999.9999999,2448300000,24470000,375961.835017598,2058300,272747.198075414,333816.4358045,726600000,94165999.9999999,24004000,11334000,3589600,21927000,626280.02022949,449946.160701847,12647000,38714000,641185.64125648,23827000,9792100,636963.341201545,420097.566129906,12117000,216560.925390557,104340000,697849.999999999,88796000.0000001,429851.693950825,16480000,1096821.3037666,1207855.36677865,22336000,71651000,731911.392026912,61143000,4141100,701429.999999999,1435097.48541613,776760000,11736000,5113000,12189000,17547000,6427300,69240000,597578.316455146,115970000,683425.790953986,425870000,129050000,303720000,148670000,1828900,114950000,159774.675494503,9795899999.99999,662877.290392244,7121900,3423100,12534000,1064926.50152565,45506000,45120000,14897000,1.6389e+10,17346000,33212000,401793.001973008,2638300,3423200000,391482.346229829,1794859.2140543,278580000,1094050.03115726,1437900000,18810000,1092589.60586554,2409600,10413000,981030,170432.931334021,762119.062906012,187060000,796820000,74750000.0000001,34178000,2.209e+09,367569.49164915,74663000,29699000,245930.944781968,53379000,316660000,233260,352060,90278999.9999999,212141.305957623,28215000,24728000,1035123.47282197,290753.029128756,1792600,8108100.00000001,416632.364420307,65746000,2899147.57946398,411926.165655227,1662906.58239625,675063.423642392,2180800,5267900,522716.117897175,359878.178412092,2.561e+09,885420000.000001,1000454.58776432,854320000,1836566.33968446,569413.655417756,48257000,923373.412386682,380100.731620494,16924000,355290000,281095.765011122,2608800,31145000,11519000,664516.532052574,324550000,7039700.00000001,2740000,369310000,13533000,663670.308133709,1.044e+09,50306000,770663.331585999,577588.135775614,759977.016514263,60486000,625980000.000001,4317700,3374600,11019000,205120000,15384000,734272.273877021,3081502.0563253,805823.125325797,914885.286336877,1736400,10832000,11810000,22492000,1819447.74600504,1737233.21599088,7972800.00000001,65218999.9999999,6911299.99999999,255496.594947748,2279649.27876017,16406000,18089000,46828000,709058.375384538,2640392.86611804,1228843.83424593,190340000,2514200000,16230000,578177.867202554,1170500000,94707000,218946.654110605,83845000,106560000,161520000,166410000,174180000,23619000,1312120.40052373,1463063.85859873,439457.834770691,796131.787737606,103270000,3003000,33033000,5894000,9809800.00000001,7470700.00000001,4806600,28874000,282180000,568201.288642927,862012.011972962,659252.075030736,20264000,3932300,2929388.98995767,266690.989792052,606913.921030764,85171000,376089.95237154,184210
PDAC_68_imputed_intensity,2,5198200,587800000,3.162e+09,27440000,363877.891215133,12701000,68220000.0000001,60676000,67244999999.9999,117777.534854202,648670.574005519,209386.220222205,408898.32977561,1002017.82818251,555824.849608654,20027000,5141700000.00001,3426900000,284240000,206590000,184670000,306090000,629538.083886213,175123.011106095,390610000,531990000,34561000,173060000,333888.786519781,405769.691514,37475000,155810000,510955.98629436,239708.839722849,426326.901037215,133074.096584265,333435.243640945,93706000,159940000,67220000.0000001,15565000,170250000,6544100,5124500000.00001,263260000,2006700000,1668700000,293560000,145490000,67417000,91751000,44618000,21710000,39691000,147110000,7479000,235184.617681333,430106.898290667,6586900,185767.439326367,1138800.31168331,285265.119528876,31952000,4242200,2037900,231449.488395873,527825.630319435,450243.059916888,276632.654518184,14573000,429030000,24328000,730210000,71456000,46369000,371372.460462709,104420000,40208000,599520000,8777700,709984.822927995,195289.434358708,26966000,66849.783952354,1.107e+09,35738000,44016000,367430000,391082.065786742,7275399.99999999,417280.274712197,98731.2351823163,406667.015682806,327081.528914819,2297509.76193043,813920,534365.81490819,502446.527370575,1318300,6435100,763513.729609811,44638000,2131100,104670000,451030,24582000,965749.913809256,3132900,6841900.00000001,38221000,257990.574365674,20468000,5258299999.99999,3170800000,49991000,41318000,1197400,409787.437643525,3652100,350375.040677973,669281.020607157,15310000,1344905.86870964,13397000,6594600.00000001,199520000,42516999.9999999,1.836e+09,974870000,25274000,31967000,173947.299154435,8780599999.99998,677939.94237156,10847000,206580.78911071,795258.352852216,5461600.00000001,13622000,23143000,7745000,5744199999.99999,17985000,18164000,188670000,1023900,899429999.999999,82930000,15389000,317350000,337948.083716724,879040000,399187.28911262,484350000,137236.934267664,1183453.21258848,194419.040873333,126684.241497056,473499.758533546,1149800000,2203500000,325840000,208836.942729048,971540000,142592.227048687,59049000,10818000,220224.487108478,55763000,345430000,1611600,669740.000000001,327400000,16098000,38936000,3585500,386627.900918493,144102.965575527,1966655.90149761,408755.093508295,87280.7633396183,5556400,285894.473112625,3924800,75540.4396673398,208655.105979177,27233000,2526300,7613200,243835.178037765,3.834e+09,995799999.999999,20701000,606050000,562548.429134888,651148.968710419,712284.646507424,868485.648119056,22931000,69684000,1326300000,239529.780000605,214216.242657414,1007031.50711662,1427500,376501.621329258,72622000,194191.077419797,57167000.0000001,7199699.99999999,1165175.53086188,459774.049910622,401120000,16985000,520681.300060489,461708.879590606,115824.62247946,43969000,33682000,204062.23208432,23942000,17189000,191060000,371629.371669267,498994.820236177,5382899.99999999,1275084.23391938,8230699.99999999,2138700,2990200,2274200,3924900,175904.739093066,631865.371628925,11139000,76040000,582751.50894584,187374.861055072,174864.277184431,412737.483816857,226038.530012972,1.414e+09,738101.493515512,2080896.96428969,63222.0097890973,30260000,5524099999.99999,17459000,238842.793729105,892020000.000001,26994000,2010100,30147000,15202000,38398000,52025999.9999999,124930000,29042000,453586.594380402,818684.408482726,259862.163216009,233871.002120922,9315300,1055435.52361399,7677800,284813.477335342,1412000,52269999.9999999,5293100,302275.142512599,260070000,54428,185965.103021612,614613.605910676,4787200,1103600,300840.488743367,2001000,328280.605410369,203380000,150328.877791585,10863000
PDAC_69_imputed_intensity,2,8348100,469240000,2374200000,19068000,227533.189822487,6315300,77925999.9999999,123740000,59954999999.9999,716165.454327743,326284.18424742,1760276.48871793,2308900,165660,258381.575496159,12885000,8954399999.99998,3956799999.99999,327330000,382850000,308460000,1258100000,470453.785975814,264200000,224830000,1423300000,53951000.0000001,233980000,394860.805362022,244335.390964785,27377000,77665000,345630.306442878,386197.79567809,97072.0796782238,947712.406119933,603070.130417556,82399000,102680000,55635000,13788000,285830000,6450100,4797599999.99999,423030000,2865800000,1904600000,249310000,122050000,54114000,50655000,40821000,14891000,30047000,113740000,1287200,93541.0853662094,313628.358786859,176074.675318358,563704.467088316,489042.486572931,963139.084317468,24858000,1483100,4656500,128908.895777189,96851.6630719325,154401.696355503,570712.178532413,7769100,314330000,44729000,494020000,64339000.0000001,29512000,5946500,70908999.9999999,44191000,656140000.000001,6734000.00000001,1116960.38928462,577920.143144312,19794000,383138.199198773,697570000.000001,27879000,25950000,611287.666968183,3012900,6210300,472477.863325978,448885.044706502,264100.679646478,7836399.99999999,531945.392216031,1567900,203601.567698159,426669.790710997,118427.301932223,10023000,603916.200631221,18599000,5925300,504100000,2583500,42056000,363578.534257662,1471400,530340.000000001,24375000,1169269.72923936,14924000,5475200000,3579200000,39800000,286740000,1833000,355259.004798396,4801000,2075029.34277773,179621.905532508,15946000,146990.094261386,21585000,5648500,189280000,53593000.0000001,425900000,170770000,443469.750997357,29607000,3667300,2928900000,91908.0453435383,10021000,238894.341139606,963810.911865087,4183300,13744000,10096000,10663000,4878300000,106579.602688725,23393000,281240.478619099,1508200,652930000.000001,78445999.9999999,12518000,137700000,606740000,593730000,16834000,537040000,1177700,2195900,688037.003516082,325912.148851781,3758800,2014600000,4599800000.00001,566990000.000001,7105600,1068100000,1107813.79043543,34290000,16993000,63820.6376914218,31224000,131110000,2414600,943480,244370000,8603399.99999999,45263000,4850000,324217.521396257,55194.9368597922,427596.233405975,126309.333836902,121295.911875036,6708600,2010437.26398666,2486300,355657.078985148,2624400,46794000,1987500,3086300,466894.349693091,1302500000,389770000,7707300.00000001,504290000,92239000,42248000,97439.6910064809,328181.033793644,210273.868071165,76549000,5326300000,560903.546943645,4053300,789329.317857527,319015.380610394,1285580.88905674,99247000,1281606.41965127,185960000,500530.219487005,409043.225556377,79058.2503389658,352260000,17930000,131284.50590442,8957800.00000001,2628800,55523999.9999999,29503000,169228.103206814,2403200,27002000,2.26e+08,317441.370368688,91152.8331391036,10475000,1241474.15680609,8201100,1926600,845473.322526704,6695100.00000001,3060800,257485.482396733,438352.678672258,12754000,71318000,204315.97669912,226990.489896956,200061.882624391,252454.890859236,264440.162916833,162677.576830443,399767.238657183,160734.243625533,240420.730463806,26153000,4356400000,12553000,384520.179283039,485210000,34343000,4052100,22925000,24098000,36777000,44408000,93471999.9999999,49259000,343447.006053397,329268.531669454,441339.167492529,140120.737081485,1375253.57248215,228933.941837611,14736000,134220.903213603,2564000,383270000,10417000,213290.267121023,410570000,959350.000000001,249921.024157234,426506.052228781,3423300,1794700,346343.337103243,517420,362455.011806102,252370000,244424.854807078,5425200
PDAC_70_imputed_intensity,2,2037100,688370000.000001,3469700000,29796000,306078.13500735,5951400,102150000,115560000,6.8454e+10,913977.525219557,1220981.81245675,140703.443683462,630170,1367300,465721.034988767,22767000,5297800000.00001,2643200000,437170000,558750000.000001,217310000,1116600000,163456.861065223,302910000,567800000.000001,2.987e+09,39583000,171220000,205349.092583014,167389.148553086,54520000,102210000,1348960.08229011,632561.108718013,6624299.99999999,278190.366262741,218946.882529395,122720000,213050000,64976000,13254000,229570000,7635100,8331299999.99999,382850000,3493500000,937710000,228920000,169990000,68646000,71768000,34458000,37112000,28302000,95909000,1145900,252382.298339583,279353.398804356,106882.10525653,250902.935885731,258631.948040358,568784.097560404,28018000,12710000,3191300,163334.883136314,802076.63991802,231516.94595367,2915500,10514000,356650000,34494000,816640000,61996999.9999999,23560000,586382.088146506,89219000,43434000,951139999.999999,10340000,332040.250255913,765879.598519888,8825200.00000001,244567.797410452,820970000.000001,34273000,17110000,199974.821438682,3022600,7816800.00000001,202443.879961725,713308.395737486,13978000,196203.256165742,897951.038719623,435430,328809.474849456,192201.377547313,489499.935518353,14996000,1089986.43754518,34931000,6069500,190530000,941590.000000001,47921000,177153.111935388,990404.177615932,12703000,33393000,309438.813069646,14714000,3903800000,2744500000,26861000,204460000,2244600,2376600,4304000,1805500,234370.972279538,25851000,205057.228664085,32415000,16520000,196530000,37903000,402220000,213760000,6666099.99999999,61361999.9999999,314378.053908049,3331600000,237171.461080277,11500000,10235000,8193900,301298.345411411,14170000,12845000,7950000,5096799999.99999,23067000,14359000,732243.736404337,923660.000000001,924539999.999999,311944.007686715,27361000,83832000,809860000,622490000,99506.8070156823,359330000,2698800,148813.922739309,200518.170464091,710107.426410502,477378.905394869,712200000.000001,2411300000,324560000,644596.5818261,1094600000,285860.236493424,36208000,12872000,164365.840225384,27323000,120600000,4382000,603060,203350000,10523000,23618000,7191600.00000001,337493.702926114,430629.315845283,465567.803004366,188262.831982334,119933.838409413,3657400,157136.348990934,1775800,559032.007141444,3e+06,24254000,2809400,2464800,153963.772375645,1606400000,611550000.000001,26103000,447580000,353620.220368969,25346000,69810.5372857891,162768.777544726,7173999.99999999,99174000.0000001,3279300000,576514.984276507,308129.258053499,12711000,135416.166054262,60205.566775119,146990000,247344.858534901,104300000,69515999.9999999,543353.946618783,431570.653596694,341850000,27282000,140817.296968178,13157000,982520,52630000.0000001,109580000,301065.817001024,2663600,15760000,210270000,457761.788474145,386657.50547096,5681300,275228.987844816,560184.012983045,3041400,1605992.9814907,602840,5704899.99999999,84808.9944828521,130117.24031169,366306.168513461,103130000,341990.002161139,527263.976087654,405328.437551767,384866.094850307,2551500,23647000,867956.17514754,129760.312362522,192352.363345876,26568000,5753900000,16960000,648151.71094209,530370000,50887000.0000001,3636800,54677000,31281000,31151000,53505999.9999999,97326000.0000001,29942000,1185270.95673927,378346.054746747,307292.122279339,238569.90818482,291114.154597882,409769.125778676,40312000,1005537.05442666,7878900,133880000,18661000,783472.835659415,253660000,4008700,190617.484483295,101821.666577774,9893999.99999999,2485600,4160600,1232600,489662.213318635,184070000,206185.942651341,9240100.00000001
PDAC_71_imputed_intensity,2,51641000,364690000,2042500000,94936999.9999999,321485.859746028,6804099.99999999,80982000.0000001,106560000,6.213e+10,522634.791676192,322856.330413408,352019.534840225,1845600,696850.000000001,259729.973640341,36577000,6535399999.99999,2.577e+09,256430000,423490000,436340000,5642799999.99999,402015.779571497,244920000,333550000,1873400000,69609000.0000001,313050000,522059.180819081,177673.982165778,38790000,102340000,79044.9062951475,250171.438273645,10525000,285311.954119822,148901.76981035,120640000,139030000,75572999.9999999,8948099.99999999,236480000,12441000,4433800000,634390000,3407700000,1952600000,293150000,177500000,73643999.9999999,43549000,43906000,25250000,25472000,111450000,1295400,345935.895567487,534023.775985973,3210700,4745500,1201900,1253340.75147082,19976000,69711.504133201,303950.766624255,110218.023676293,1025072.40304086,168039.455097176,414562.458016599,8038699.99999999,363850000,17187000,666870000.000001,102590000,21637000,57238.1187297585,93466999.9999999,34044000,1052400000,23568000,120540.319743118,333960.383480912,29015000,168859.025050405,1110700000,38204000,30891000,23617000,2279000,4895100,879499.829675006,134311.378871049,164040.075602894,325193.38288316,814072.830841392,5246100,315494.238456435,423793.640335104,240657.941579686,7814400,354819.476931008,19976000,4539600,363190000,2038300,23126000,485098.715671919,307703.942790607,8001499.99999999,30603000,3523500,15170000,5471500000.00001,2649800000,30512000,210030000,2571700,1341300,3657700,1123960.26905136,207505.904894863,14747000,157073.489447291,33665000,8745600.00000001,137050000,58705000,1307100000,714370000,9952400.00000001,42382000,459974.463235246,5329099999.99999,347601.046507473,11795000,16656000,379412.3973489,132319.59373372,9904400,10915000,9499599.99999999,4612799999.99999,5417700,13722000,429640.919679034,167159.374429587,670810000,98511000,2115736.67915783,176730000,1509200000,1273300000,8296899.99999999,525220000,3086291.05089302,104227.422093197,2533700,415480.145009805,3426100,1684400000,3270700000,459830000,583386.04947603,1092500000,234217.806675406,40487000,17636000,238345.403132978,378420000,143410000,1476500,1103900,148730000,10033000,42876000,9167600.00000001,266913.936478654,138412.344126038,981532.552984535,675944.651139048,479472.115299748,4700900,621283.040214749,14360000,429724.320441641,1998100,20159000,2299100,2154900,225571.470378363,1397400000,418350000,6130700,374690000,119170000,26162000,243882.708840991,233863.061853781,144863.648073178,82745000.0000001,2898200000,339454.542287143,4798799.99999999,478522.629074864,6935300,173467.902519206,190060000,1843983.16627366,30170000,238966.662973826,402634.09063962,673386.070480972,391370000,21365000,939410,12020000,2871800,33380000,54100000,5724700,9276500,28033000,210680000,1629500,465915.652482219,8984700,911706.556575719,4278200,2948400,292074.872822238,22054000,3536200,237179.94350345,170549.459837017,3573600,63246000,271342.126116695,506794.98010354,1252923.90860709,362340.682742154,1774300,32497000,208941.924857813,740360.364093415,395163.92250015,63816000,3682400000,12793000,1344317.89881736,547150000,31810000,4038500,45761000,24146000,43489000,48227000,131820000,24032000,296525.170836578,153134.31794419,233660.404009151,594635.624423679,31411000,293060,13481000,1549719.8292973,73135999.9999999,54681000,74587000.0000001,475715.577412983,251660000,32264000,10409000,758376.276886877,3845800,389646.148199854,16061000,10412000,52461.4934445914,293080000,154129.168716577,37744000
PDAC_72_imputed_intensity,2,15886000,407770000,3217100000,7172800,270056.891089415,9802000,93681999.9999999,96557000,73304000000.0001,379985.55577856,1200737.5108126,225505.28900212,334371.891188473,294054.047979875,265644.436287471,42128000,7712400000,4056600000,756400000,721750000,207450000,6033299999.99999,304609.33783364,189260000,423490000,1.298e+09,93958000.0000001,191720000,330457.150533882,735336.236857385,38017000,103600000,513798.610251755,526208.413799186,8903699.99999999,520898.438721649,727260.396626757,130970000,207490000,67631000,15076000,316510000,8970200,3420300000,549660000,2233700000,1677200000,174120000,141450000,67787000.0000001,69140000,48810000,31093000,32404000,99098000,6713400,135444.048806132,769486.491829334,200582.038763524,463329.272671975,258196.733653586,942774.351640814,21512000,3876000,3158300,639889.168395927,444960.539383231,325492.326140797,356035.793633306,11027000,349980000,24884000,636100000,79104000.0000001,27879000,609994.373064292,91086000.0000001,68242000,598820000,15648000,88524.4889624352,84169.1447844579,22081000,1267787.92048242,678450000.000001,41265000,18958000,214993.958250722,2870800,6378900,1716805.00915779,343946.48809031,376389.742980584,708277.552570615,159351.95619317,630305.501530193,1456054.15281027,958114.273195372,497643.659538404,18286000,47458.9556236806,23383000,8502399.99999999,170830000,1278700,43489999.9999999,4407800,3863400,11185000,41482000,505553.591601298,7694299.99999999,6501100000.00001,3633500000,38817000,195470000,1393100,202133.42239017,3540400,788865.121157942,362479.945179283,21824000,478094.784107596,35634000,205616.109251671,216250000,30742000,5247900000,2918300000,68426000,58770000,386302.881579992,3716800000,220000.911310874,9751900.00000001,495399.398637224,233563.600679269,972540.730335659,14145000,6801800.00000001,139154.454980685,1.011e+10,8952200.00000001,22221000,57212000.0000001,1318100,1202500000,74164000,23134000,159750000,1186400000,577619999.999999,660414.319856093,657069999.999999,1130753.48590234,473436.200852651,990307.501387869,361157.089827499,171724.082440547,1140700000,1885600000,180750000,383357.06791262,1010500000,1074092.42530534,21727000,15076000,394770.564042818,165700000,122500000,5888900,465281.521719779,245370000,10993000,69680000.0000001,15600000,207209.093146694,230553.199564093,235728.436345274,207404.762810518,186171.760453065,9453000.00000001,397869.161499697,429370,796557.758239906,2536400,16242000,2005900,2880200,201238.042623751,861460000,281220000,30112000,549059999.999999,84588.1437869035,186960000,540183.145404521,2455500,11074000,65320000,7950400000.00001,259317.79120509,5036500.00000001,828846.996399619,240531.0188484,1895600,176396.416257813,1097613.24539977,94595999.9999999,460272.824333641,518728.115012863,643835.804982443,367110000,25663000,323085.465504785,12213000,329730,96775999.9999999,12722000,497467.198442744,65051000,20684000,119520000,200247.313340332,265583.223550385,199885.302956931,249050.485291216,10075000,605437.538828475,179422.01284986,5132600,4514700.00000001,265679.601561858,537774.064540324,6730800,86563000,467239.324105345,466635.083034084,364357.235849802,758615.530126763,294250.208885092,5507700.00000001,574758.2730876,38265.4773902489,951900.684874511,52866999.9999999,4644300000,9678400.00000001,722386.96321052,270870000,46564000,4964500,27933000,7694199.99999999,25348000,53536000,79370999.9999999,20382000,504978.046564199,439107.992184206,263741.687320989,482603.479741257,9488300.00000001,86771.6937932791,11778000,244346.626648665,402483.136371919,1801130.25583922,965972.050867649,643915.89747409,245180000,790489.856244984,212521.087704182,320038.935887424,4389500,641540,902090.754353307,1074100,2041542.87057668,297410000,846141.070143824,2536700
PDAC_73_imputed_intensity,2,85404000.0000001,453030000,2412800000,9373699.99999999,194354.066773066,10956000,94646000,60151999.9999999,68502999999.9999,467621.370827841,1043233.80773723,326683.694805324,1890800,7889599.99999999,752374.781734952,38260000,6076400000,1870600000,311170000,395420000,317700000,1404300000,625361.804548794,410170000,450310000,1271200000,76341999.9999999,214300000,1183011.32795801,695315.082186565,48684000,64626000,421694.181291409,644556.793158266,7026000,308418.897858999,705426.285529349,155590000,135990000,85034999.9999999,18977000,238370000,5915600,5525500000,267800000,2147900000,1560900000,224310000,127160000,62389000,51827000,29647000,24459000,23091000,91112000,2834700,819120.51494048,716608.282566651,2201700,76663.1189841592,370970.173221042,176709.129625035,21748000,7862200.00000001,1787000,127820.858684018,236464.141305028,1255931.63421407,1168500,7565500.00000001,363090000,17648000,620800000,51669000,5618000,1110505.65580619,100160000,32243000,878139999.999999,10332000,171619.606882283,292312.086310329,10519000,302447.791287852,758130000.000001,34912000,16318000,66882000,1999500,5883700,1210724.78069389,1044541.03893441,8636700.00000001,583707.697739984,253341.62696398,1616000,218221.410109314,134322.714598005,281691.578486977,17573000,659258.730456366,23328000,3261700,387530000,475820,30215000,970790.363364152,3666400,15231000,32989000,165883.731307258,14324000,7.164e+09,4494700000,53085999.9999999,243800000,3968800,1102786.1036375,3250000,1073043.4600183,480394.897398705,24704000,162163.861841118,21709000,32351000,192470000,49858000.0000001,620120000,266210000,1142015.21841381,55174999.9999999,209730.132178284,3099600000,276690.956923869,11464000,7977800,215431.846149312,238690.188738573,7161900,8051900,13818000,3802900000,488975.465689373,16553000,262081.2861655,1067300,790449999.999999,77614000,30261000,137840000,88570000,295360000,138861.977756373,422670000,1387700,190950.389324606,143333.55146257,791856.823253549,817476.265787396,1247200000,2293500000,418830000,150060.035692915,885750000.000001,141647.752190104,41179000,12628000,342185.796137048,196650000,166490000,2168200,164030,158460000,376748.059977029,57526000,6701300,186610.839495164,822728.559735541,627562.947957912,702257.271430352,1026294.18787454,5234400,762371.645956601,881579.999999999,173052.318943887,3844800,47728000,169559.709168308,5992799.99999999,277404.365379556,1025300000,481530000,11475000,447800000,236600000,44860000,520590.489130713,516571.980596002,521566.466318302,155230000,3769800000,345482.253337175,875812.91940909,541738.468793144,220505.383209522,112212.607445087,90831000,295582.544277719,12485000,79013000,303302.336117641,239291.647393783,379630000,47980000,781677.186052157,10656000,6811400,32763000,43158000,464082.495703994,3402200,7984000.00000001,202280000,1806000,5756800,12007000,143466.211493077,616694.769894744,429429.418769751,164003.227776976,118130,3167100,101671.504607909,585343.807891881,15043000,64648000.0000001,197818.864065676,542971.819926564,1021091.15206779,1216774.11455641,128225.611541604,56761000,535146.925455484,1092869.0187189,292483.237913284,35413000,4527299999.99999,13959000,79668.1095446072,536739999.999999,44579999.9999999,2949500,40788000,25786000,17358000,37121000,102620000,13727000,601169.818303371,1578823.88939524,1179493.37769364,555603.651190265,629861.517368365,569644.931472507,32910000,495209.988137061,5380400,207260000,439130.801991007,294080.049225483,289490000,493561.298372631,221443.840421501,210688.484376675,3281800,2296700,1206065.71599578,441390.01691969,203772.966636494,228200000,333892.013999909,272275.4888633
PDAC_74_imputed_intensity,2,72029000,413160000,2303700000,7593300.00000001,155880.490112915,3666500,84109999.9999999,116100000,81537000000.0001,3371800,563290.329000735,441258.39627965,1397703.88940069,58907.1151149096,254377.820109437,76778000,5953600000.00001,3.351e+09,322940000,396330000,240640000,3143700000,142338.454378452,365880000,324170000,2106500000,68508000.0000001,181480000,498979.275415259,401240.46420361,37104000,81069000.0000001,1973265.27565813,427051.839948165,696930.030929114,834211.387164313,346334.461601021,135800000,103180000,50358000,10229000,138520000,9681899.99999999,5552200000.00001,472400000,3711700000,1.099e+09,108080000,119340000,62635999.9999999,56966000.0000001,39493000,20391000,20392000,86484000,4711500,1049397.6527659,238878.505700115,2559200,253413.628143146,157684.821491987,216524.830747013,27020000,111536.384311193,67509.3483950313,859661.326162446,84968.1607356602,543683.212522537,19161,10644000,389580000,32604000,789790000,33544000,56827000,15061000,104020000,59887000,1313500000,9956900.00000001,146925.868497004,179745.733496608,11496000,333769.647964569,815770000.000001,37977000,15961000,123715.575633165,2447800,5083600,141601.818662833,287746.095032393,125064.421747368,840251.15680742,170189.406790607,6139299.99999999,335157.744372941,356181.137258674,3906100,8477600,1417429.72749218,17455000,1688000,227980000,381730,27687000,118041.862081154,109979.540507898,4015800,30524000,411123.44603059,8851000.00000001,6111100000.00001,3694600000,46879000,229250000,568081.051538395,210758.969093527,2925000,266628.801450728,622161.677860929,23560000,358634.953578093,37478000,11179000,242610000,60195000,1923100000,928670000,16236000,49777000,161497.537946853,6.029e+09,198894.350245069,14468000,163347.887501354,253071.78101661,195420.615433282,12371000,5521300,10653000,7368099999.99999,10669000,19683000,159190000,498003.727703379,846540000.000001,276911.879103458,13962000,177960000,940210000.000001,456370000,10354000,359680000,629858.592325387,226140.762556649,219854.73651344,422881.77359427,225613.463033024,999500000.000001,1929800000,283060000,219099.053810079,959559999.999999,443570,27075000,14376000,484999.734587106,718780,93330999.9999999,917040,229719.671968341,282370000,12116000,22523000,3596100,508669.041207487,365001.338090239,77403.6184960539,540037.777018567,724293.714257068,1622600,42469.5746631313,439056.732441616,648766.849604915,5260200.00000001,27667000,85755.7423708659,3116400,33274.542207035,1162400000,740310000,8877500,371250000,699546.45324295,203121.709757748,353431.726306705,4440200,19261000,408589.054608046,4675900000.00001,194640.582616139,2703700,207901.113901935,438778.834876332,216310.319061646,164400000,259895.755779708,22193000,4194400,218747.935145774,272594.610247802,3.99e+08,36867000,1786700,7044599.99999999,729220,36174000,33206000,167500.825702883,12008000,24659000,81466000,608807.969133272,64750.4288145443,3298100,98205.564492206,5762200,1500100,2590800,10418000,3524500,408021.184826663,325400.689651413,16361000,135060000,91059.336065008,199358.071628016,610210,221719.285932276,118350.371007697,17261000,174664.30055979,153762.103366738,85761.4295201516,55531000,4459100000,13795000,119403.216701795,467930000,31940000,4354700,28355000,30241000,19138000,42470000,100870000,12873000,2723527.45318809,248201.855229559,369956.653970055,153376.940700051,225410.522192389,141587.902302885,7237500.00000001,292254.885334061,3097800,5387900,4478200,230862.662919859,401390000,221158.672780992,234245.892942429,171034.865422542,6757400,761669.503836362,362689.557563947,535700,329523.840632219,52995000,143296.111600205,116444.671929258
PDAC_75_imputed_intensity,2,4417200,746350000,2068500000,27034000,820640.96580818,8854199.99999999,99376000.0000001,97984000,45529999999.9999,454645.726296096,205053.762487444,164925.633872838,733339.999999999,1613500,822077.141444489,53837000,2322400000,951250000.000001,122020000,802990000.000001,297170000,1117500000,581885.160119514,3.23e+08,246310000,2654300000,42248000,182560000,467159.547861727,652019.614602569,59614000.0000001,67299000,306225.619058784,321518.687121248,158362.850838965,382351.957571782,404892.410560133,119240000,112880000,53296000,10256000,147520000,13715000,1.0393e+10,206260000,4716400000.00001,1154900000,171620000,165060000,45716000,47482000,50578000,34691000,32507000,86626000,330023.265124419,645097.241253227,47372.0774247445,326934.733558109,111674.02326316,722545.923398282,189693.733130829,49238000,3772000,1513000,325847.922782501,147826.809510406,323508.051275307,898640,5871500,597580000,23626000,892900000,61630000,12146000,3186700,102610000,37804000,1482300000,5518800,246192.781534862,591597.66571608,27335000,531260.381230935,1234600000,38563000,41581000,209380.832490286,212831.491648201,6576699.99999999,192997.163050197,668649.61982134,26729000,10972000,448478.492642195,236757.91594892,5186000,804283.971810694,294909.145026509,8109700,2001462.21762471,26452000,7147499.99999999,340430000,2304000,28928000,388666.044843572,563540,5964799.99999999,33387000,1475400,10537000,6508900000.00001,4785500000,44125000,201680000,6397900,331969.853673553,219249.17829251,3415200,260478.318481373,80370000,207769.668455811,38609000,8711400,143300000,90242000.0000001,167850000,110580000,459829.931963077,38322000,212122.059660004,3267900000,491218.622980365,15236000,289525.855978483,8309200,7960500,15956000,34491000,14217000,3581500000,6384700.00000001,13975000,376174.414214407,333866.659305526,510990000,1716977.99569139,249345.692871649,66310000.0000001,3.83e+08,968200000.000001,77879.6219278116,57173000,209778.043132589,195183.602738888,3534300,264984.216389914,6745400,1626800000,3193500000,739940000,136374.115434035,1239100000,223753.758029651,70370000.0000001,12808000,1037230.88430027,642749.999999999,112140000,1747900,839139.999999999,230750000,14716000,40791000,10252000,125892.515132631,1409140.16415919,411533.099339299,261292.028364337,611143.186422757,6972100,278436.292193117,2761200,4465764.46409616,4719700,74334000.0000001,3878000,32904000,158582.367392691,1308300000,153070000,190439.711945366,284420000,88344000,223511.30573735,458523.674681309,120273.687818194,796480.380556817,58709000.0000001,3067800000,346529.299853009,567028.5489724,10901000,332129.196949783,145707.398995174,196700000,798999.917300703,10340000,54295000,617733.719056357,616592.542827699,433100000,13851000,625410,11567000,2857800,45827000,50561000,3459600,713722.27792609,24505000,164780000,413573.522807003,457175.819049294,2496000,180967.968657582,1350471.98519291,2135400,4375300,1177000,2251400,188240.19168929,1169128.92929204,5959600,73119000,536704.79124301,374711.280946036,106175.488439607,370589.649500704,142909.608861748,44563000,163226.474059079,281301.432228449,396785.500657532,35990000,4126700000,17149000,631547.969693945,579050000,58468000,3816900,63243000.0000001,15312000,43655000,74184000.0000001,120650000,4101400,434860.486662742,175100.32500448,656595.361224219,170180.036004489,1196856.5693448,149790.524561887,84956000,322848.984143555,4465299.99999999,58501000.0000001,5702600,756817.979662275,169270000,497992.764133395,137911.511163984,1163407.91872034,6247800.00000001,1331800,973759.356997488,200760,3166000,136750000,330868.780590822,15483000
PDAC_76_imputed_intensity,2,171040000,607740000,2.058e+09,8491600,242563.31189954,6055900,130890000,148200000,92834000000.0001,387476.567066828,141724.042679319,252582.759723459,383425.680374128,335028.834151058,1171277.58183584,115340000,8575500000,2751100000,849180000,556170000,150530000,4987900000.00001,770285.134337162,184730000,536710000,1219600000,35484000,227810000,290301.784025475,1503137.78590619,58126000,161040000,297826.635260168,221786.872024887,14039000,220456.916507371,380822.368478545,202760000,238350000,84304000,22589000,142700000,8963700.00000001,7778000000.00001,241730000,903100000,823070000,96487000.0000001,146360000,89412000.0000001,58662000,54436000,29181000,36947000,63243999.9999999,201375.322560542,180444.549008739,754099.751354401,3785300,197347.303929943,379368.681115772,754043.936068003,35837000,6808200,84004.6706930702,470682.595995442,143562.448554446,585938.748997648,75649.0000000001,11550000,416160000,51405000,933710000,109890000,53113999.9999999,8753200,180040000,76907000,1297400000,20134000,2506165.515503,465706.89938142,12242000,395601.451903026,771720000,34673000,16937000,385748.542498041,3663800,8801100,657828.796287199,390123.924302491,7380400,11848000,214043.134253658,4138500,207688.986200001,1679444.41450064,391106.239508256,13345000,123202.721895775,19936000,3708700,75056000,232616.180377813,34122000,513656.31652753,364924.54971808,1690400,55713000,216075.387555015,13265000,4640200000.00001,1.271e+09,31587000,303940000,631882.366843396,2205269.79635665,4603200,1347106.22096316,731178.068636784,28124000,3252300,29236000,569761.551224435,387880000,52589000,320280000,137800000,10090000,61444000.0000001,787333.630963558,5.544e+09,519632.955420341,8743200,565484.822868328,660378.580674807,323097.536592687,19914000,4697999.99999999,736296.100658109,5791200000.00001,14247000,12067000,45681000,1026100,1571400000,99397999.9999999,14032000,136760000,2026600000,669370000,442469.461132624,704930000,396779.577894353,143584.452711886,425195.173144605,511259.89043761,2642767.40954756,319390000,522690000,136580000,920474.601788061,1045600000,342542.372400308,32443000,24213000,320426.895582302,11408000,189240000,527788.453381541,1070892.30154134,269240000,23981000,24967000,7175500,109422.601369256,74686.7662122058,6062900,785526.613781765,1075755.44189442,11270000,1281204.74719495,2853141.25119958,622744.054648388,4422000,12145000,2540000,3325700,240046.770373432,2098400000,708150000,1599300,579290000,362100000,52255000,291239.951726934,683696.300463569,471729.265219336,205570000,5393699999.99999,892154.33910106,1797700,433301.535573776,500555.495445375,315573.7477676,217890000,399998.169784142,27868000,3802500,64079.0864569544,1004709.03420947,537180000,55262000,697594.282859991,4728800,244000,44882000,40719000,4869000,1076954.5084266,33925000,61907000,1895700,341134.244866437,506560.346998643,678120.141170264,12530000,602559.123639759,567741.280935024,2640700,5799100,215387.955601934,440482.203748267,165517.355738225,159130000,1470694.3453605,401493.740302978,333641.53079223,1478869.06231759,442491.620338068,34071000,1846330.25325247,470433.551677756,785015.058369468,64531999.9999999,4500200000.00001,3681800,1610985.75839815,464690000,50830000,6543600,32520000,40911000,20970000,86040000,189010000,17410000,294923.907768739,580867.973339825,334905.261571073,750003.765484745,1352904.67815159,677368.549585057,17372000,956475.837982437,3495300,633006.256217119,1412738.37719106,940247.764218546,230710000,299112.155193016,417527.620170791,484599.776243959,7769500,1016894.57352203,88089.6462185116,438071.865124977,434536.444313815,21012000,1538187.58173885,717208.04571392
PDAC_77_imputed_intensity,2,21495000,869580000,2.56e+09,29649000,308602.044704409,3378100,78804000.0000001,140720000,6.1071e+10,4068400,584756.945889641,64189.2913043561,172280.063672803,5356200.00000001,100143.305725288,49210000.0000001,2.656e+09,1.377e+09,179220000,950870000,791080000,1.2338e+10,389358.291779107,579040000,976510000.000001,3246300000,25465000,221290000,1002513.49279987,307416.255895787,46687000,76568000,413072.307164427,175575.307378677,147338.529128022,302589.161350821,1023248.04864599,133660000,128300000,71212999.9999999,11291000,115490000,11310000,7811299999.99999,353110000,2201300000,985259999.999999,116080000,113670000,73123000.0000001,55658000,39975000,24108000,53172000,87432000,330122.004519028,526411.402702884,370079.408107585,11940000,263582.174661007,1325029.91664925,902727.604585724,58401000,8253499.99999999,4436800,101252.131045542,319224.314622828,383478.313162647,1480000,6961900,519870000,29111000,817119999.999999,83339000,16488000,6722899.99999999,109840000,22288000,1044400000,3322700,189840.203854796,1147888.42073428,9188499.99999999,417676.068783128,855560000,38911000,21067000,138860000,3056500,4896499.99999999,276780.974185307,431232.713064659,23786000,6567999.99999999,621498.458654679,3213500,244800.61599383,263629.791896289,1173000,14498000,303798.414399026,24392000,2962100,152200000,391500,54196000,338391.667562088,1307100,6293700,26949000,1763373.68598437,17146000,6812299999.99999,3809700000,46693000,218310000,11042000,619040,3429700,3959500,703747.406413258,24075000,4218900,40137000,4432400,187670000,71359000,274940000,144230000,3946300,37925000,258510.63392542,5251900000.00001,584503.358494618,13806000,9473099.99999999,11974000,8123100,13330000,31081000,15524000,3757800000,285146.664997135,1095666.90161437,21123000,378128.852361361,602950000,167793.148934279,13877000,306710000,538300000,420500000,8237900,268320000,2790900,250309.754912413,1967500,870742.426932279,303543.149303533,697639999.999999,1305300000,551930000,356762.239307464,1324100000,562905.653612192,140130000,10244000,297877.654169493,22532000,330940000,214311.241214342,332499.3952835,251010000,11218000,27558000,5127000,625285.564294543,346966.885555558,9035600,786068.216389668,262545.396221817,6943300,157708.844829493,490358.219960284,128343.466685383,418807.205898006,43693000,5877000,5028200,324217.766427721,2832300000,429710000,12729000,348110000,604402.953926317,42597000,334472.546487335,5555100,9688600,234475.161424785,7219100000,25523000,3300000,228341.003148645,255266.211299471,197612.345655473,494600000.000001,430760.308890164,16428000,150690000,338371.383254091,1001800.01667181,370350000,47524000,142295.046552607,7601300,137491.980191592,34899000,30789000,355392.818014642,336127.957372261,30590000,95389000,259663.304694452,11197000,18913000,345871.809977535,4381000,1831300,246960.883018071,34378000,8420399.99999999,965377.933324137,1084426.61976396,18637000,53568000,1060211.59167767,634185.923791349,611160.309839754,290522.872534892,50689000,1814500000,252378.13705543,1005549.90703923,1291700,59875999.9999999,6888300000.00002,25606000,378334.759428049,867810000.000001,47426999.9999999,2023400,45994000,12158000,22440000,62204000,136660000,31845000,114664.008030441,310083.414436123,321319.119520698,1095708.82325309,79160.9445920341,408159.355930048,26625000,6323000,9173899.99999999,62276000,1748200,72769.689352897,131860000,85499.4624851974,380717.29610242,204923.357004045,4497599.99999999,1802900,5540800,447090,12103000,107790000,491511.485543186,2677100
PDAC_78_imputed_intensity,2,180260000,487300000,5396300000,16005000,625200.014997117,789733.140279172,80817000.0000001,196280000,89598000000.0002,792622.58488834,569067.580445471,964470.214048815,357130,472219.999999999,603310.247575836,95147000.0000001,3487700000,1013400000,93333000,359930000,645030.716958136,1848700000,1701945.83937843,182430000,663039999.999999,725720000,33755000,81562000.0000001,515402.582505426,575204.153218114,52346000,118810000,484058.836373476,304556.512333657,11775000,378379.622667302,3571577.34117662,97720000,131950000,86289000,16072000,131590000,13539000,5951500000,326610000,1331800000,431070000,78158000,130550000,58931000.0000001,72479000,49013000,28986000,57264000,99226999.9999999,522251.141759691,70811.1172049824,1113341.32154,1830300,849682.16344155,332527.474995006,675748.127426642,41134000,7349899.99999999,1206822.70160809,2707821.3813744,252933.016695489,1921357.52288002,462516.585043494,9878700,439050000,27361000,700509999.999999,81326000,14714000,156356.741185853,133100000,50584000,1638500000,5611000.00000001,325944.331862434,401468.482798892,11558000,644906.186549927,654249999.999999,25377000,17919000,43709000.0000001,482107.958198153,7883100,893195.906069316,471200.253430409,6191400.00000001,11737000,105673.193811378,2102000,456570.844084857,212783.501612997,229284.320373725,15561000,438033.597713202,37250000,2658900,75971000.0000001,303476.901866995,35843000,444974.454082898,698859.442275463,40957000,50128999.9999999,525186.142232229,7303499.99999999,7459600000.00001,5443800000,88106000.0000001,270410000,552467.880053603,316749.310045898,686278.854276219,1408485.81025475,906362.671642142,2417800,914287.788769862,67024999.9999999,243611.376349451,198540000,38091000,396760000,196700000,206703.750227455,56575000,1276031.65788128,6986400000.00002,557263.308198169,10871000,1405634.33799653,1618777.746013,368960.19492506,3795200,17805000,702601.122500149,5982300000.00001,29468000,39877000,221710000,1289800,1492100000,105720000,12040000,392470000,1242200000,1151700000,1011733.62661568,867710000,2288500,535099.139542554,683084.421405434,853351.981186675,301074.8244901,151820000,341320000,143560000,396848.004704174,1262900000,423324.357605858,86109000,8453099.99999999,1129768.29081163,7809400,260080000,259400,281636.703750903,226540000,20544000,15487000,9939300,312686.208847788,431852.956984808,3972100,316702.411855732,1020575.71102968,19101000,582037.902133152,1005825.21618967,2494301.42075987,2467000,12546000,5008600,2795400,656684.929527107,4472600000,1095700000,25325000,1047200000,272698.026716275,60279000,1013568.85751325,792628.979509644,8877300.00000001,27146000,5532200000,283273.701125905,641573.120681258,529028.69714154,488486.653860057,491566.040192952,197460000,147606.26706824,175852.623871316,13319000,748910.542252606,343323.326294281,470950000,36724000,972219.57525816,5057299.99999999,1941211.66048377,17156000,34320000,663523.352464753,614359.556228378,41378000,26158000,801879.137075273,354848.925248518,1850716.03087294,687737.766635878,475435.93053552,422803.182872048,7917000,328960.811953968,8387000,2627648.69396425,394296.031991354,27906000,118820000,616685.197095649,1181687.71558693,1873615.64150004,2807566.17722381,744721.873859565,266810000,1173085.81285313,337164.754614353,1120550.3353287,89219000,8086700000.00001,12448000,1103136.68092748,1083800000,21691000,2092200,32393000,16130000,22579000,65827000.0000001,98799000,37360000,747325.832181338,783812.892492489,264503.240595944,925614.531604818,6935900,1398531.76876369,33005000,1409536.63473183,1943500,1241553.03811964,2116792.4264556,419836.8652227,216830000,1040643.62448044,1543498.40721078,350442.593491027,6023199.99999999,2315600,5642400,839561.970916254,5855300,22559000,736909.633383751,2556364.15726857
PDAC_79_imputed_intensity,2,10966000,470280000,2922900000,6683100,424095.836462937,3084800,104870000,182820000,8.1577e+10,641509.728068358,495359.776510698,589667.142152126,198898.703754144,461568.066638507,723260.606965597,70201000.0000001,6477100000,2739300000,655360000,695700000,424690000,1278600000,735885.29738692,207540000,434040000,1223500000,49111000,323100000,884861.653690425,803741.105881111,47231000,97067000.0000001,557677.714770845,373923.74688271,13870000,856387.24621249,486064.127305733,114440000,188410000,48437000,11035000,115520000,9998499.99999999,7384300000.00001,477480000,2240500000,950450000,94322000.0000001,162760000,67260000,36831000,57721999.9999999,29879000,47637000,89265000,2421200,171435.200344887,1384224.49620848,4555800,850937.018815236,193828.071111614,661783.662984565,27045000,4479200,201127.380800398,404188.267106712,447680.597982521,670414.201347877,641865.50710382,6871500,410390000,27115000,710230000.000001,92209000,13684000,5009000,147860000,62539000.0000001,1034200000,22516000,678831.091330104,3705100,11603000,684230.968944516,800020000.000001,41233000,14227000,814844.001280429,2205500,3253800,2373873.97726198,1985523.02033965,8472700.00000001,9722199.99999999,532526.251729704,310155.379617038,388886.80208272,182401.722373729,564977.057185157,8221700,393541.107447433,36360000,7129099.99999999,163650000,654909.999999999,15931000,647017.032614772,449845.100018101,2518800,35854000,601233.825364111,13310000,4732800000.00001,2955400000,35818000,369110000,15017000,671328.59971,219361.011990509,1603900,277622.478701656,23516000,243926.659470785,40275000,614342.530774504,230710000,78050000,811990000,390040000,7761899.99999999,65086999.9999999,635667.091926354,4108600000,158590.696520078,8393000.00000001,648933.991993694,279403.682490448,6701300,21006000,4338399.99999999,12812000,6726500000.00001,7197800.00000001,31134000,388779.438078033,1434216.53118917,1197100000,124720000,8879800.00000001,121030000,5.23e+08,400780000,181194.912515215,575134.347615454,1439900,456536.265252618,1994576.6720136,688355.339716148,1571600,1129700000,1.796e+09,301550000,90435.0229903128,978210000,880771.452223748,50477000,21973000,608946.831239055,3028300,169030000,1009500,559126.741844169,157950000,11175000,20294000,235412.554927162,17011000,186434.263281389,190002.961320091,290616.380002141,288503.541958926,8226800,791408.506909028,1264384.83812316,582457.230400251,2968500,25480000,2879000,2805900,724125.252145687,1794900000,730399999.999999,19873000,489030000,285060000,52079999.9999999,212875.588353159,344995.237087352,10460000,923172.984689793,7400499999.99999,273377.037175582,994084.995080337,236258.133911594,1080740.16085133,411324.845638081,127260000,513276.705726325,14931000,8625500,268208.904966769,858588.798555992,478140000,15042000,751199.490206458,5710200,464840,59620000.0000001,74814000.0000001,372715.369328873,3848600,28753000,66513000.0000001,1295200,652708.066490213,5419500,245259.133501396,12558000,3559700,139672.966461428,36429000,8995199.99999999,925794.37483493,556423.960825666,19471000,102350000,519890.19363923,203816.323314234,604824.750512425,248251.239734578,9567499.99999999,137290000,175064.267878126,1366127.80830879,500333.098362697,50963000,4995600000.00001,34838000,282738.538012766,614260000,64299000,7176200.00000001,31404000,23828000,55814000,61980999.9999999,138320000,17007000,401904.062471603,184316.814791877,256735.050020403,804082.987437792,111910.258152397,498224.399514026,11082000,424755.283080317,1352434.98443637,1825300,439216.074882576,395517.792158987,313990000,654819.554374514,516731.899843546,581004.880535529,3383800,819289.999999999,569322.316172556,317200.27183633,543366.391120606,68742000,256849.4008466,787527.103310977
PDAC_80_imputed_intensity,2,16594000,844150000,3214400000,19883000,369323.539377478,318107.221658604,105190000,128840000,68690000000.0002,4019600,210999.270398501,544123.041703132,1606100,5601100,366507.887524876,19557000,5037999999.99999,3395600000,196640000,830690000,178840000,1134200000,801625.516961895,154370000,410660000,4182700000,41123000,169880000,957871.014172094,1349400,45219000,88123000,185730.906942075,675462.409055063,9637900,58784.6019013146,492968.923591914,196780000,175400000,64738000,17644000,304150000,11574000,8088600000,177320000,2362500000,1412600000,211600000,152410000,64130000,85363000,40624000,30979000,34809000,81679000.0000001,338527.032055028,675346.343327028,564951.708972963,3336400,2284848.58573543,244285.432094652,617358.233966579,40309000,12269000,1011000,1560604.14517916,392044.956048483,500307.893356413,774690.000000001,5602100,538120000,31505000,728860000,52891000,15692000,80651.652511466,135530000,43469000,964040000.000001,19286000,220258.001481866,505535.929547369,44001000,504100.000083352,853510000,48382000,24418000,35160000,4350900,5782899.99999999,291598.070451334,311272.827366928,3883700,328413.280909271,410578.661556892,11318000,6486600,266375.8050972,813752.848437097,14042000,1001490.84771323,43932000,7262000,137490000,513519.999999999,37644000,269529.753116696,2045600,21069000,36282000,299929.746939019,27435000,4360199999.99999,2809900000,37782000,201450000,1993000,739050,4525800,437635.136902463,182375.345573602,58451999.9999999,3789200,52442000,456276.646717309,228320000,47453000,568210000,320150000,104866.299109627,45685000,966460.592333657,2659600000,494891.302038755,9866700,720218.697332071,10154000,229281.918973296,21564000,4263400,7119900,4839599999.99999,8097900.00000001,8397099.99999999,453890.769804826,1470000,796560000,176356.191589483,12909000,60054000.0000001,55707.3546722979,547730000,19945000,526790000,1779500,327010.204270381,716568.057065377,364855.007228751,1613700,910910000,1373200000,175530000,204325.317354978,1003300000,713378.763004501,65231000.0000001,16474000,550733.95548965,267950000,119820000,963750,351706.899157081,201610000,10788000,101760000,10448000,397493.422271979,246542.081784705,402756.101084215,636225.763879921,1513286.40366424,5056400,330726.944761493,298487.210178652,152313.019434975,2205200,30895000,3443400,5477200,388121.879703562,1719800000,468740000,9601000.00000001,382430000,386064.72383048,110019.570641067,344351.729148588,1385600,201887.371435354,1843294.50052817,4651899999.99999,657340.12981331,4653600,20053000,2925100,445210.360425583,109560000,624711.792581141,114800000,1.08e+08,515192.2122932,456564.955853703,368070000,26938000,392624.991251906,8901900,767990,56043000,21679000,756716.051495751,2837700,15863000,176180000,254091.191988831,3745800,10983000,122561.694917408,493373.52918295,737970,5966500,18679000,7379699.99999999,198891.14748085,877531.989740656,16013000,144920000,68929.4668059845,181267.765335738,652479.418704065,142241.05979552,314570.469541588,95769000.0000001,928512.653860846,142680.486034178,330907.035883781,52366000,5.185e+09,14466000,353724.473921879,536420000,66973000,4614700,74510000,19296000,29815000,81404000.0000001,149070000,54648000.0000001,273279.041366195,919041.953068897,218990.786799119,276351.453916383,15504000,88360.2227654063,40824000,1269155.6835175,801209.999999999,39090000,259755.609748294,456483.931698499,199620000,533229.74198032,289700.193344791,862402.874262257,8351899.99999999,4631500,432243.749376501,105169.415311124,6036600.00000001,200280000,220324.853506512,710200.126429999
PDAC_81_imputed_intensity,2,155080000,574810000,2604500000,18357000,1190245.42580275,2042800,120320000,147530000,90345000000.0001,477355.663414415,409798.996012451,307536.706423778,993000,539080.000000001,704417.525751128,48021000,8226999999.99999,5088599999.99999,419610000,645719999.999999,233100000,1945800000,906925.780610244,208670000,654450000.000001,655920000.000001,67797000,472480000,511445.197523941,983973.73798407,45071000,139780000,224204.79972391,485693.567323647,20846000,117588.476040396,299094.780654366,148930000,137380000,54716000,12191000,239760000,16552000,5893500000,333200000,1842800000,1086400000,154910000,170290000,63267000,54000000.0000001,46305000,30287000,31865000,65351000,1446704.05952759,130498.432352308,717384.167352692,267777.240740526,544347.512310926,90907.9380180549,404847.160705434,22354000,3653600,1587517.87989142,582305.87424998,1023959.82362257,2033592.34151288,932079.217278679,5272900,363150000,37217000,765990000,93076999.9999999,13003000,15188000,95319000.0000001,60073000,698050000,33852000,287471.392286691,1078672.66638758,16050000,433489.115657774,820369999.999999,43781000,29166000,267037.863486969,5084000.00000001,6670899.99999999,749008.541742745,160419.260692609,1554251.4930296,5681200,226775.404064283,88517.7136164326,287291.725458167,847021.238187175,671360.000000001,10223000,149917.362342403,83997999.9999999,6864600.00000001,145050000,368560.621062234,18774000,1386819.23612845,1401653.85597519,4813300,51757999.9999999,880064.609494464,9231200,3.73e+09,1553800000,17969000,390290000,1147761.74016999,736357.521646645,234211.968000651,307270.728750972,402262.1832275,50348000,697382.011623558,47006000,110763.376361168,349740000,28861000,271370000,123770000,469937.278396772,42615000,691631.400029995,1636500000,75822.8870896138,8908300,4056700,1123098.7207876,10336000,22668000,3682400,222578.086797253,5867399999.99999,9522600.00000001,17312000,143379.404784076,343606.398689951,1480700000,68694000,14910000,190310000,1.625e+09,863030000.000001,575847.555186861,695280000,63924.5127393374,177155.08239128,919543.422195971,344142.666229945,1103400,1305900000,1707700000,196570000,866364.881709932,898650000.000001,237422.307175542,18977000,26682000,284732.595153053,41621000,106120000,1615300,591571.929619401,171300000,15976000,44034000,9508800,109667.575374904,316949.669823413,7201200,215507.227789176,866811.602081833,13186000,336459.510010077,1623400,189097.037357214,2106100,14677000,543725.748795383,1179100,641079.201420765,1077300000,709800000,4202100,499780000,196330000,54693000,746878.861019264,5185500,9193400,753418.593971406,5596000000.00001,692726.30722695,532093.678891897,24353000,71378.6936564553,1173226.6948459,75261999.9999999,333226.565930551,34948000,6449000.00000001,384436.757049857,300500.5971385,422500000,13202000,866570,5626400,169070,83747000,20774000,224911.123721283,276598.243123691,27009000,187170000,1464600,288218.828455237,665781.957957735,422873.676696601,398421.878501283,2039000,334385.465683088,1106244.56459796,3991800,259371.264816395,609656.552022293,15568000,119090000,229692.617508509,722208.814705666,267950.309867494,364492.642092114,285722.036727369,638079.472125309,609546.941775795,543096.77641665,467177.871737313,47192000,5122300000,19395000,559031.901068335,415060000,55535000.0000001,7400000,34806000,49382000.0000001,40978000,74819000,108670000,19535000,119349.850787899,624811.879420093,99079.6258936185,900365.146562486,1132147.22513364,590582.161955968,14993000,812787.787748017,8065899.99999999,503957.288156585,2783400,880905.52388282,422110000,316160,1600415.51075474,1095338.56596333,5139999.99999999,140634.53639872,2206200,780635.806948073,694679.401277554,68860000,654794.95952601,1067220.03783317
PDAC_82_imputed_intensity,2,20584000,565179999.999999,2897200000,8451899.99999999,906835.635973419,5829600,93662999.9999999,115040000,71377999999.9998,636060.000139745,2081415.71132273,384794.411300113,1313800,472486.398244113,392701.609972576,27883000,6377200000,4.173e+09,599720000,613540000.000001,199730000,3.85e+09,153443.256496701,212320000,354290000,1024200000,82977999.9999999,293110000,1151441.93751897,164210.71626495,54347000,94374000,224131.825251929,220300.409702716,8672700,855720.453460044,241317.441140989,187680000,170010000,67533000.0000001,14276000,253550000,13018000,6665900000.00001,295840000,1607900000,1370400000,202970000,141970000,58297000,37506000,50447000,32858000,28925000,67910000,720266.855971588,345897.340494966,159611.739843759,181668.119843605,127095.589552249,269013.560579111,300197.318307889,25208000,3433600,462960,213380.956965049,352029.313076824,1153878.66382826,563424.169250758,8816100.00000001,409500000,27477000,723630000,138030000,67219000,25361000,126570000,77106000.0000001,1015700000,32198000,487860.699417908,69585.7145097529,16657000,928864.753126556,706840000,39025000,9264200,170003.022496953,4227500,6729900,984646.525851661,270070.331327527,6633700,281519.494625614,548292.859664758,718902.77738217,150485.345644587,394076.018990831,171337.664503597,12006000,376980.726146283,26640000,6649500,134350000,296190,43836000,2018135.69192515,1807200,2081800,40027000,925932.88742181,32058000,4689500000.00001,3140400000,30363000,392280000,737609.764201682,485458.772606978,372811.32901307,529662.119206665,292630.082149967,22791000,902132.983956798,26433000,4759500,320080000,28033000,179940000,83504000,890351.32904619,66660000,107105.326227806,5709200000.00001,431051.128735169,12487000,101624.468780457,211814.277438127,119617.953035706,20297000,999960,11018000,6218399999.99998,13163000,24699000,42839000,394476.515714485,839719999.999999,102960000,30464000,106360000,945760000.000001,1.08e+09,229707.648431362,526089999.999999,191486.998118589,424830.223316028,814771.398239085,309641.926127838,185439.497234661,971520000.000001,1792400000,87913999.9999999,414905.655984626,847950000,106719.847522887,18596000,20687000,212391.323642391,438250000,90873000,435230.312438432,54596.7068083056,288180000,12622000,40871000,9995899.99999999,673287.109354018,111377.320378817,844971.18315344,326759.798214291,584639.681143402,11704000,293352.681512265,756820,178361.39839099,2701200,14093000,596001.031429986,2301600,275601.503474271,1130300000,608960000,492559.390472774,467430000,419751.176196451,49297000,143209.615632648,11042000,17741000,102960000,4088599999.99999,1037143.55226999,2900100,1009583.64933003,925456.494197357,495294.566484827,97044000,398433.776364655,192300000,760008.900734818,730302.886707918,1027718.33778564,493060000,14059000,289131.605721692,7675600,285130,55958000,34564000,488323.844806607,1124500,29953000,163760000,1384600,1104218.11679597,774044.908646876,494309.939526736,387833.65894173,1814000,3322300,16246000,4359500,227794.987623315,386937.0996354,9474500,135800000,82376.0390376111,529852.665848587,190943.226530024,163947.669262644,334541.394313662,8644700,326035.931286862,271671.367248481,414005.901963359,44215000,4117500000,11003000,1326920.85098886,431390000,59522999.9999999,6970599.99999999,24358000,29626000,27124000,59329000,132530000,30637000,433483.385314903,415155.715122025,281849.141539318,1966706.76684447,878231.607679733,453015.85988424,18316000,224270.130360812,1566300,1448600,1387951.43009735,865707.797446437,234130000,352432.146240457,140299.872864159,3017722.76018856,5004000,530010.941010996,272425.556313597,719414.417180249,3239469.26982561,53775000,175833.76936396,1231200
PDAC_83_imputed_intensity,2,3895600,599189999.999999,2854900000,15103000,672014.535763757,6849300,64720000,157970000,7.3962e+10,1350900,333430.525712989,901975.164079678,1088600,214541.573493873,173991.460557444,67298000.0000001,6109100000.00001,1986700000,719719999.999999,570470000,280910000,2127500000,647014.879942139,120160000,620259999.999999,1015600000,82162000,221330000,532678.450746929,461147.90239398,37813000,132860000,98847.4922916863,281478.477798442,12505000,274927.033170218,352067.808189338,149040000,180500000,66747000,14197000,208710000,9719100,6675500000.00001,576190000,2719800000,1521200000,179290000,180100000,58883000,71426000,44876000,32932000,56798000,120490000,772198.990996541,330981.153596929,978611.581242732,854371.362963764,334210.553699763,187849.621822277,88208.7867990719,32034000,5364500,2626000,649548.419188628,381299.666811917,234702.086754108,390339.79231395,12467000,416540000,53103000,722400000.000001,88418000,27623000,13442000,129560000,58085000.0000001,979190000,25963000,317552.286567214,3419500,10592000,422207.406670191,789460000,42710000,20742000,494276.507527266,2328500,13743000,885808.951011825,1032029.34622418,7971600,564745.732639114,328084.289515292,2920300,203892.465918941,349860.753869034,282345.726967518,11246000,265882.886785819,48455000,5774600,86268000.0000001,542320,48092000.0000001,415641.111339404,415681.842526334,4771000,35271000,918576.574036434,23302000,5863799999.99999,2699200000,23338000,387770000,6524800,1426954.02470034,11672000,1225550.98340418,964679.419334889,34806000,748767.288728938,32782000,1147717.20504435,283020000,29322000,408050000,160880000,281547.395915152,39667000,123915.51100016,4.846e+09,196467.82196182,5681000,512815.683530414,259259.049330171,55156.664692162,24150000,3177400,129998.310389981,5035400000,642475.97901896,14268000,4861200,1070400,920260000.000001,167341.698950853,11839000,203730000,232768.895652908,485180000,11490000,74614000,1017700,727745.801828081,311484.908063245,159666.452575421,137574.542605482,874680000,1041800000,160900000,275325.886120712,960730000.000001,201402.625796705,35086000,27965000,528172.655233021,106080000,183570000,2241800,316997.957334647,217560000,19941000,32673000,11086000,397831.614160152,279691.572484736,3250800,725789.055343405,156346.653821755,10041000,463235.403545801,2539562.66552085,347597.694670179,1428000,18855000,2830300,2039200,839237.82639962,2108700000,978630000.000001,10892000,561400000,555464.035061529,47719000,401477.674740698,76121.00676418,209540.792958415,379567.917268693,2554100000,225788.977777947,306417.76846511,458299.80533742,1014435.76015759,416110.207070302,111220000,79811.1479516515,112020000,7943900.00000001,170292.310353082,349723.884092142,436620000,29629000,345670.743553512,6345300,593441.121855644,86206000,32547000,1350506.18614549,1210100,27405000,117670000,1639100,536545.299606811,600693.53868566,226594.689518241,10679000,912045.206613536,758329.21513943,2221787.1450571,7455800.00000001,1204525.37160948,82555.4633435092,17910000,171920000,115625.082688873,488209.153714544,1095420.48498107,400757.71054286,3708600,37366000,841057.634996899,540927.605920247,508487.004755034,56427000,4926199999.99999,11545000,431006.541397612,568400000,75845000,8846000,44804999.9999999,40527000,48135000,75339999.9999999,128450000,20754000,396981.953581566,115167.950828948,421046.970849385,978953.633543444,583451.988991278,515313.699109371,16256000,197259.321269804,9155099.99999999,1736300,290002.162984718,527883.772521979,239460000,1813530.55294836,227882.385778799,334404.987709841,5569400,2406500,561511.800646417,535684.86081546,324887.3485838,63597999.9999999,572855.756400585,510020.933799907
PDAC_84_imputed_intensity,2,37018000,876469999.999999,2090700000,20797000,1272902.06519861,4205500,167820000,141700000,7.361e+10,5131500.00000001,508178.513909454,203172.922251897,1037300,7639700,812138.122685203,55180999.9999999,3832900000,1580300000,242850000,874009999.999999,409640000,7424899999.99999,1101382.2228554,827209999.999999,431300000,3530400000,45125000,219450000,362520.389711073,493096.595538536,70097000,112350000,207943.796272342,1098766.94443466,13352000,1856231.45697024,1307870.12368787,177530000,2.05e+08,82353999.9999999,11974000,321190000,17974000,8955400000.00001,247680000,1729700000,2057700000,269140000,191390000,78485000,75761000,58463000,36529000,56207000,98545000,1619100,266097.860679399,899482.572223864,6759500,3294712.88902749,684782.380082517,386783.300748548,39272000,6165399.99999999,709240,176844.152255258,447257.624901294,293288.4759646,6770099.99999999,11665000,677900000.000001,37004000,845680000,105410000,29588000,10999000,145880000,43485000,1415500000,19508000,944495.968221096,301771.33235179,40891000,660419.947088008,905310000,53868000,33945000,16325000,2458200,11040000,1214095.25780699,428514.875050353,11347000,7093400,323902.606110204,5610100,3714700,83512.3869943101,1198456.09536942,10034000,184614.278668988,30584000,3252400,127620000,454682.200973259,34765000,419174.037674717,905818.209141495,28464000,32790000,277784.790419154,27837000,4598200000.00001,2262500000,44482000,184590000,8762200.00000001,401900.813147229,172254.647529483,3004200,468993.212545971,52237000,3959000,40344000,7361100,220460000,55475999.9999999,809490000,364490000,1971345.53171752,63072000.0000001,952629.387698476,1300600000,792214.487077263,13589000,508577.604731479,256315.162099102,7014200,18530000,7028900.00000001,11569000,4196600000,9007800,10644000,124030000,871640.000000001,691330000,289593.32501552,10310000,237610000,804320000,808230000,535389.588756829,354230000,1697400,454113.177045946,2016800,294629.521666928,335511.515248896,310800000,744689999.999999,268300000,745001.80856908,1429400000,262283.293946159,46994000.0000001,18912000,271442.927309928,1472600,109420000,2977400,145340,178540000,25410000,54544000,10108000,1036376.0479532,420333.26190753,3261531.33671019,144820.30608964,113259.659203661,10874000,821002.409502766,160257.274323014,2103397.13092816,2794800,25611000,4956800,2127400,1006513.32358208,1523500000,672440000,9460100,381940000,168530000,58308000.0000001,222572.174858215,399603.430936426,220675.633257115,149444.360967996,3193500000,320090.063578853,312912.670510183,17495000,2364700,263816.596424588,269400000,635822.821778179,59032000,124490000,438816.8110286,320812.332627024,419040000,75506000,805470.067758966,9928199.99999999,1620400,32197000,33802000,197786.741238956,4659900,27845000,196610000,153395.658977291,257630.792346075,6387700.00000001,578765.515255992,317132.380001525,769708.23021485,7230799.99999999,615050,6127600.00000001,511022.359244991,1206470.78087585,12769000,138870000,575688.110943346,498272.288593963,726820.842712743,207219.097177191,145476.157601525,50892000,402979.462553764,168319.450621272,2238705.44951611,42257000,5422900000.00001,35927000,1576782.49558983,614720000,97552000,6255299.99999999,79005999.9999999,31824000,41340000,70374000,189610000,20726000,118050.190319857,1035586.64002839,281215.628144466,242000.524059537,634947.756587543,259158.718845233,38457000,3891400,884460.000000001,2894900,2839100,337533.187958914,207280000,158085.206752665,574781.254951704,369807.431546983,10309000,3292000,2051300,321560,734508.646576902,74221999.9999999,568914.414397577,299429.447868474
PDAC_85_imputed_intensity,2,20449000,784880000,2749600000,23884000,414950.092747047,6004300,128570000,114390000,68186000000.0001,5315400,2033970.8573308,294023.193313239,1069000,3333200,1883205.19209235,13458000,3525700000,2253800000,131490000,897120000.000001,363610000,3593600000,129957.173182999,389630000,324550000,2505300000,54052000,353610000,315285.153342846,1056207.56032404,55353000,72005999.9999999,359243.699275554,3523648.77106808,6872400,240404.705224962,465729.233289373,173460000,232910000,47742000,20388000,194230000,8601500,9344600000,312530000,1695200000,1241500000,173280000,177720000,59549000,89424999.9999999,48057000.0000001,30956000,42578999.9999999,92188000,1107800,671654.617312514,1025968.09177799,4272700,471111.902802154,838020.091076115,164771.722985097,42815000,7613300,160647.909093959,545190.992568191,703472.835642007,471154.050132644,460467.142056328,12836000,559950000,14055000,842479999.999999,98486000,11726000,8111500.00000001,110310000,37406000,742380000.000001,17174000,1212987.4304628,3281800,32399000,359963.227537561,1007900000,44729000,36447000,216215.970164854,1963800,15934000,82872.5804806952,601800.934721333,17070000,7005600,2457954.60647777,7884000.00000001,4922200,449364.513925846,146681.793324612,10403000,833969.739496044,27644000,7836800.00000001,125060000,606610,52171000,516940.723560604,770941.058235014,12838000,30306000,528705.558500374,26378000,6198899999.99999,3157100000,52130000,262670000,3384600,168292.461823449,246372.853827869,1897500,235437.93676272,31405000,205034.837764974,41316000,9553600.00000001,264830000,35781000,1100100000,177440000,412332.714362511,46499000,448271.151363657,2489700000,391693.388223349,8892100,9566000,5953099.99999999,237561.770105872,26095000,5604200,7846300,7022600000,23380000,22380000,76251000,1457000,878779999.999999,55440000.0000001,21056000,301630000,433120000,610500000,15477000,713529999.999999,2487100,822423.683514323,572903.069224421,544670.020738513,339057.996511462,788830000.000001,1949900000,268750000,1100752.26711261,1200400000,734017.923301687,32932000,15925000,325560.271474499,8461600,134550000,3519300,649171.495697094,133890000,11988000,76423000.0000001,8329700.00000001,281037.260234392,636684.771981743,5308199.99999999,603980.905777455,549388.287905161,7315900,240241.761709742,547017.05716851,250275.599692936,2291700,21881000,709681.783646807,2758600,493266.333638314,1191200000,527600000,18365000,388920000,163397.710289216,33876000,347606.028774001,4883200,13785000,117980000,4.129e+09,2524123.26414966,189883.487755386,13771000,916322.448108824,829778.878940672,32899000,772624.004939757,19731000,137970000,201172.061602099,521451.17930864,396370000,29288000,101648.812305849,8493800.00000001,735910.000000001,79728000,28742000,545865.194189336,6646700,15962000,163060000,2131600,177321.539366357,3722100,500039.023796972,4651700.00000001,1265800,6584100,41698000,4734400,535711.948505526,249093.129229841,8895400.00000001,86488000.0000001,202881.202878281,684025.379232216,268937.845587064,1260428.1873363,241339.528017225,23507000,289159.282002494,466114.378914898,337647.98725329,46484000,5307799999.99999,10860000,790115.94213055,462740000,76049000,4971000.00000001,97093000.0000001,45895000,48796000,49616000,121180000,73984000.0000001,1041256.93989089,727073.331294759,924605.268567353,154243.411844865,584151.348905357,255399.575055652,57284999.9999999,1983883.10325785,270800,2221300,699990,809141.14631237,198360000,179156.044096505,395709.326357703,531941.606588446,5086300,254358.479096386,191676.107464256,723760,214539.25470946,144830000,452077.571005782,2745000
PDAC_86_imputed_intensity,2,437216.797743751,626090000,3271400000,12264000,131547.225233082,3104600,117180000,150290000,60540000000.0001,237324.485001065,371290.393533889,392772.969487076,595365.869497062,1699900,151263.759489626,56697000,2092100000,1526400000,30900000,842500000.000001,417590000,1190900000,591608.596725106,546340000.000001,135190000,2998900000,52667999.9999999,181490000,347804.63067098,407720.646645669,41084000,76844000,475050.996294285,461882.686407496,9732000,998582.022034475,118598.680940451,196220000,176310000,51239000,12276000,163160000,14674000,7089299999.99999,534780000,2764100000,899180000.000001,117580000,194320000,44084000,59291000,48070000,28988000,56220000,117300000,625644.656190493,746369.072458509,50589.5814194668,305012.911500433,226450.280942579,562170.538140849,727602.668694028,26863000,4718700,5119100,2197833.94802636,208063.033834506,377889.439133863,5193499.99999999,3831400,506490000,19220000,793969999.999999,67265000,19211000,552241.339192924,113080000,24068000,1042900000,8110400,343793.294386436,4393400,14447000,244731.758397873,947490000,35799000,22307000,33640000,1557800,5725700,1046635.14225451,580645.561357651,9607099.99999999,12851000,412189.399069874,286860,1396967.684556,669409.725764115,888240,6176600,272750.481104673,36600000,3511300,496559999.999999,1324400,28487000,122871.08254201,361193.187846504,3305700,19957000,698674.542965838,15834000,5037999999.99999,3620100000,42275000,231630000,7547099.99999999,731660.199274193,5195700,216277.778792775,88310.8146176047,26942000,1933933.54940742,47758000.0000001,6881000.00000001,114480000,96828000,408870000,222060000,5226500,33352000,177258.625250446,1586600000,245637.587198554,12283000,439483.346607967,520561.020596878,30705.3752667582,9127200.00000001,7684400,10293000,5.28e+09,6267500,10232000,246641.775087761,1001300,682690000.000001,235021.198405635,11140000,179910000,455870000,793930000.000001,203376.189387816,356280000,822852.357730905,419173.372121277,437904.233805761,587428.931689278,525630,1760500000,4609200000.00001,1245200000,174870.138555788,1148600000,462225.672292624,60866000.0000001,16177000,513001.947192692,55064000,159070000,480100,471820,179760000,9580000.00000001,35243000,6669300,92572.3211133591,454131.283295637,458022.99820045,381923.716811398,325417.501163609,13352000,454452.261648805,244998.10724854,296441.559824973,3125600,32640000,2821500,6006300.00000001,816551.768485756,1276700000,378780000,7887199.99999999,479190000,244979.5562792,24081000,392991.462865132,152346.563564079,7252600,12115000,1604500000,270346.548628443,332201.035609796,19047000,574144.013948804,904570.176652031,86848999.9999999,870585.102115271,16121000,156200000,128945.502544195,626911.134764142,347250000,25709000,1255600,8546900.00000001,384630,73538000,30263000,541638.662063702,2566300,29460000,156660000,1412900,539522.779964662,6962200,265219.804078333,326788.047391329,1612300,4852200,888743.415744498,6207200.00000001,205109.360009547,402859.323625584,6125800,70873000.0000001,282323.429276126,460555.713423032,373122.276820821,341329.737299589,3367300,27764000,537061.066424332,69820.4837299181,850348.853104329,48302000,5994400000.00001,34723000,340371.243640135,653770000.000001,44333000,4326500,36596000,22948000,57931000,40913000,123910000,48389000,1144740.37068612,260649.826073308,372017.11822511,127949.491724332,261227.02223884,377092.539541488,30329000,561686.598935872,861691.648404123,213540000,39467.0962731112,1119073.10122186,291020000,419800.881376548,199966.024843781,288176.712371591,2358900,1500100,555017.784762062,349608.414053595,809395.404342241,144120000,699888.023560255,2987100
PDAC_87_imputed_intensity,2,366422.036336123,562909999.999999,3.945e+09,10014000,685831.398614539,463468.446110382,113130000,157350000,79730000000.0001,393506.544457195,97616.4669818328,631831.387975602,797149.999999999,350940,438706.665275444,19785000,1763700000,959199999.999999,189450000,1151500000,332660000,1245700000,198355.34383007,331180000,282120000,2744400000,31205000,244470000,76785.1732916683,313025.694765317,45424000,111090000,578701.716172037,546711.080705191,7702100.00000001,349834.252395922,1154573.21009789,201990000,207140000,54282000,9756399.99999999,141590000,16614000,8877799999.99999,206760000,1268700000,651870000,66439000,199900000,56957000,63571000,45626000.0000001,46133000,58701000,104800000,240628.953227701,719352.277940306,438980.019582358,3139900,931377.75930803,413212.959553036,156027.572011868,19086000,5125000.00000001,2066400,734330.786643922,454377.922911395,429420.319989377,1798800,4126600,653830000,40343000,913280000,110170000,53768000.0000001,4716200.00000001,150970000,28178000,580540000,7704799.99999999,448477.329537511,7090900,8608800,580141.054138401,1041700000,37765000,15235000,48879000,3123200,19078000,309293.646401909,1440366.12394261,12676000,522433.60441094,444809.857398087,354699.377675005,259308.324079473,111117.318878316,116904.576989963,9005399.99999999,671930.85871871,40704000,7434600,252900000,507810,16323000,454443.616797709,117223.572853498,21743000,19034000,798140.614456026,14851000,4991899999.99999,4089100000,23859000,331080000,1030938.82932909,152118.292124695,5573300,2168600,1432496.24656027,20217000,598729.277699529,40791000,413197.013658801,217340000,63769000.0000001,138610000,61669000,1282854.68188488,39174000,821312.097365186,1703300000,151915.338036943,4340900,150744.568003107,7098599.99999999,438722.3171185,11948000,7507100,12119000,6332600000.00001,5172800,19884000,24544000,122535.601942553,1189600000,64003000,15815000,254730000,993110000.000001,588409999.999999,344279.705850935,694020000,2264500,608813.628932845,767305.362083268,533095.210559834,807492.058214608,873020000,2006200000,600480000,318491.352265742,1347200000,2116291.75859619,56369999.9999999,19189000,151687.938244546,15735000,149150000,727361.476811507,282663.583140086,140490000,19664000,17012000,4808900,191049.784542282,262433.761624009,5526400,211360.329253718,440145.594319978,14019000,352288.334982849,470290,862364.69203526,3625800,21661000,2639100,2621600,335275.27995191,1103500000,728770000,13081000,723790000,189290000,51739000.0000001,587544.553321009,12357000,14820000,1689131.7705294,6607900000,408714.177983056,1617500,14751000,863478.783702827,710922.884515249,69002000.0000001,1635732.37410259,21333000,64150000.0000001,21698000,723135.597329364,426050000,9879600,207923.073797068,105780.798459212,501830.000000001,43218000,32226000,1764127.86323502,253555.851086548,24140000,100700000,310571.395384598,372357.815132796,5861400,185958.16736226,6340000.00000001,1436000,7806100,1381100,8190400,446762.905840486,185059.857471258,11553000,103870000,232662.81103763,498197.277435738,441712.795512018,279612.487072914,5424800,121760000,338019.122086259,494450.572480765,918892.262825527,50799000,6472600000,31745000,2124837.48470369,532379999.999999,41292000,4392600,34325000,38689000,43169000.0000001,97706999.9999999,93319999.9999999,35728000,747716.310057456,155667.251406148,1054422.80654722,399437.327254955,589537.131363903,347659.292873753,36899000,287261.342974169,1013600,24075000,1042100,400481.657950408,317380000,107883.403114466,286559.994971898,202933.984193484,5299999.99999999,731879.999999999,256905.248799546,357280,268536.030018305,94482000,434726.885730808,676210
PDAC_88_imputed_intensity,2,41556000,905519999.999999,3290800000,17492000,168279.119066222,6559299.99999999,115610000,105960000,5.899e+10,335271.730036411,103031.545304087,399926.246490873,505777.329827152,594280,299644.655685495,14588000,1404600000,588910000,72303999.9999999,1461400000,625140000.000001,2472800000,722115.979830507,397640000,207580000,2361100000,25196000,308990000,577498.186223127,242516.207018586,56792000,92814000.0000001,223483.879945097,244869.462959459,5264600,145974.444369561,99657.273712835,180460000,212390000,58492000,21544000,137770000,13467000,9536199999.99999,332800000,1912900000,533880000,96066000.0000001,199520000,59171000,80043000,45224000,39758000,48253000,61101000,300616.444184687,1316954.02882182,487473.895541986,2421700,111046.337360531,1065816.08706768,241571.650097535,53159000,6633500,5062600,283706.222122618,348953.941937982,234985.76098928,1008100,3049200,588730000,32955000,939040000,57401999.9999999,31502000,485087.057428128,124500000,27688000,787469999.999999,5506600,162122.148404802,3528800,16183000,453133.75080011,1187800000,66454000,23357000,205511.979739262,2816200,5771699.99999999,660820.640811307,357224.389267616,24898000,274780.086596267,563152.634901762,270321.265290655,8642100.00000001,561839.512811307,896479.999999999,10993000,1182493.63189981,30152000,7469800.00000001,263560000,300270,29278000,2540600,1733800,1968100,37415000,870463.777837896,13201000,4190700000,2053300000,47660000,195370000,6844700,133027.513908833,6064199.99999999,581958.759527321,353660.706914872,50003000,1143134.83470573,28774000,9008400,151160000,107460000,301810000,97029000.0000001,117256.158456088,29664000,551156.771451543,1253800000,363826.786136455,8612400,597387.511722485,8168100,6030300,12783000,8025399.99999999,9717799.99999999,6299799999.99999,173781.988207921,10097000,215640000,443970,1.321e+09,444362.564302676,26784000,129080000,19351000,663020000,815381.458731224,418650000,4065500,524236.507012829,788650,172810.474880987,2296100,1218300000,3064800000,759720000,643499.112580337,1197800000,831423.345653458,34755000,7442500.00000001,78672.5711907342,455740,103570000,1337800,302089.763003763,177590000,16839000,64811000,16103000,409619.9366133,1014460.89961167,3714700,253249.318423808,953078.97775353,10018000,527756.188142124,1431000,242786.407043156,2921400,47330999.9999999,3355000,5085000,587406.349920107,1135500000,343230000,12847000,386890000,191440000,36767000,827055.425279616,7816900.00000001,151756.705186955,254985.678757806,4231900000,247356.69871238,3184500,18595000,733343.806104805,262431.366544924,126560000,591649.038760119,7482900.00000001,263860000,14442000,569648.029693669,381670000,17490000,134536.373018422,7051900,1801100,37698000,32100000,201548.113336729,68051.1209467093,17872000,105740000,2020800,392800.098729614,2075400,339799.572730075,999496.272656996,2753400,8858300.00000001,13109000,5883900,562872.862189315,278338.145588465,353200.341495295,67640000,353068.832870306,238179.014434042,321013.272784777,423003.349659914,182861.743343823,11884000,108268.412270912,216839.944610714,372252.742110767,37688000,5132600000,9919700,70635.1138873149,530890000,87275000,3766400,43492000,9931200,40317000,66068999.9999999,122300000,31489000,273454.64385102,218778.279269618,382536.320931179,168423.772009501,221465.787273992,70436.0478142251,95669000.0000001,6964600.00000001,729620.000000001,2711000,1530400,240693.512157865,127340000,516750,365511.122947866,630567.110633799,8355699.99999999,843760.000000001,169381.160977653,120300,8683999.99999999,70651000,354702.793289134,315129.339409081
PDAC_89_imputed_intensity,2,211808.477883248,880819999.999999,3172800000,12154000,172943.60918001,3736100,133040000,104340000,77184999999.9999,3357500,1145916.74610764,1055627.25215231,300643.989477397,3260900,717096.279864335,6124400,3412300000,1447600000,114950000,1021600000,516559999.999999,2058500000,361337.486534217,283180000,219680000,1901100000,79308000,251450000,420971.861694364,103611.422760331,67008000,72295000,309450.363663919,1159040.2774342,16652000,121966.671930742,340036.070546345,120760000,147650000,49643000,16495000,120370000,22175000,1.1076e+10,284130000,1943900000,670810000,66667000,193570000,60197000,57555000,53144000,42343000,50580000,85800000,810978.382283243,840941.47013034,187351.166927454,8195400,89448.0983861615,426474.044433916,255703.62282053,29919000,6661200,4946700,125497.824675535,590130.84575455,738714.838719878,1838600,4621600,614189999.999999,31157000,866459999.999999,56442000,18813000,96858.1055389686,123250000,42433000,655489999.999999,20399000,198487.763332045,138501.336990438,12871000,127690.455163454,1194200000,51191000,14103000,1045786.58873625,1717800,12755000,152766.263237676,157324.531576718,10885000,369895.326494407,770080.542344507,1229700,141896.868234363,359061.814037235,220523.301132677,9646000,327199.722988267,27938000,7269000,247620000,601950.000000001,13676000,343726.327369874,322255.028945817,1963400,15438000,188699.295947808,13660000,5698200000.00001,1496200000,25947000,325480000,2374400,268240.94060844,4961900,208243.822320551,474614.164369989,50374000,513670.457852893,48314000,11542000,181700000,51614999.9999999,89835999.9999999,42120000,395626.551473866,54298000,302103.556997162,2736300000,165199.419116781,7432400,341581.793396299,4684800,500086.319978188,20715000,11420000,14643000,6809500000.00001,50867.6959423755,18005000,511304.285999669,1042800,531979999.999999,93631000,16288000,173360000,1561200000,477870000,168413.127466187,492020000.000001,2447100,823327.822541655,176286.932359906,770582.385052924,1279900,960269999.999999,2358100000,554930000,145763.067984154,1413300000,856606.364747507,35050000,17189000,692587.982079864,39785000,124470000,348552.483993502,335970,68673000,14930000,40093000,7676400,77914.0660425728,1153652.31857721,728775.763523961,279039.71246821,438232.461169475,9583700,473761.144440526,405747.06707827,322678.963990996,301879.894338734,31813000,3293800,3335200,183185.892331566,939260000.000001,387430000,10914000,411350000,374954.362363658,83997.547569238,174601.389475916,663383.084339681,9208500,184004.92400389,2878100000,266753.112121767,354595.924494387,17202000,584266.44452057,419981.099204418,92356000.0000001,241106.981197653,45262000,75117000,136943.860821218,158612.48729796,419370000,19887000,527690,4716200.00000001,291310,47166999.9999999,35601000,355070.28388666,360060.979635549,13350000,105970000,1122300,1570290.12707773,6649000,608784.409330276,5354900,1783000,7321999.99999999,4146700,5087800,301661.179324905,184739.425592373,8474100.00000001,121510000,764433.288394724,408988.680276182,172833.878130816,320349.89314146,216202.367403446,9246199.99999999,830513.137927108,812582.742778552,528232.984661694,44767000,6254200000,13928000,812974.129735018,487800000,71572000,5540400.00000001,72090999.9999999,20959000,51873000,66582000.0000001,127180000,25970000,505996.886134586,328691.918950862,431312.235706825,408950.806919859,16700000,600854.796968195,58789000,144118.297786654,321360,3472200,3795200,981568.777811882,283820000,214039.331405065,414711.435605909,294973.391184135,9701199.99999999,1031900,226269.921858389,775200.024004484,259890.923416666,138260000,136968.79707901,319191.420927281
PDAC_90_imputed_intensity,2,9151099.99999999,609240000,2521800000,30395000,1109222.11589432,6958900,122330000,176380000,88959999999.9998,1081288.37035191,493924.465011002,916633.013245144,110442.063231215,1152069.64248053,794747.383150129,5499800,7632100000.00001,2860400000,63308000,866410000.000001,156120000,1888100000,844427.941263225,88820000.0000001,337860000,1311100000,58219999.9999999,289540000,976600.709835417,194754.525721616,59122000,103330000,84440.3839146499,270145.519649288,10210000,159052.734446048,688335.924510884,218700000,257910000,75496000.0000001,15269000,157480000,14513000,8190199999.99999,191820000,1159900000,601080000,65605000.0000001,212100000,84211000,63277000,48009000,28783000,49035000,95164999.9999999,1756065.81422148,1418874.67080194,562345.442160755,3491000,154679.934484287,311058.476667091,135397.145210866,30824000,5455700,397855.007076094,262595.419606097,791582.64388019,457299.667641861,401481.472211675,5079300,500280000,47728000,877380000,88698000.0000001,11163000,337257.916795269,157820000,55003000,722810000,19840000,616986.701387772,5362118.05487436,9131999.99999999,1168003.31986759,1007400000,55727000.0000001,12287000,24840000,4212300,14042000,500929.021077999,192571.65677215,483026.835353189,508545.383063893,492023.93039772,11639000,741019.660171616,1341808.38657631,896976.81259703,10208000,1340169.46054972,27237000,6280900,173170000,1092200,41438000,148326.396403488,393324.852106164,2845400,68478000,705999.999999999,17748000,6157300000,3358700000,40894000,339100000,849984.413562916,304974.116759986,3460200,287138.878645331,1143028.87424086,18869000,1621032.37138841,44523000,445590.75939014,220650000,50964000,211620000,120940000,225407.682015305,39467000,859309.759816117,5518999999.99999,1139086.92412141,10520000,687380.291482721,457585.059501248,9081100.00000001,29482000,237101.227910327,15248000,6671300000.00002,8404500,1.9e+07,158760000,1000900,629170000,66783000,30761000,203863.962818474,1309700000,602210000,484193.708413348,750360000,649807.722383534,359506.275223458,995321.60547261,300663.469321905,3688600,606050000,1116400000,108340000,195250.764563457,1248600000,378666.182153526,44015000,24665000,620312.875238705,52111000,127540000,383410,222210,139200000,12163000,41843000,12163000,287318.00394968,2196967.94148146,3753100,1619767.23587526,356191.526908213,5843200,1085597.55287404,4393900,662990.123373489,1402810.45369289,22751000,2725000,2620100,391283.960641664,2.26e+09,481920000,256163.025240044,426800000,223260000,60918000,214008.887571034,501390.629756357,14500000,770678.967412987,3761800000,3637158.49720083,268827.29005282,19073000,496023.758342262,628376.524466536,172480000,769183.670520154,13887000,1518547.1594825,750378.360529695,253556.713726574,441390000,22123000,750210,4762200,1003524.56103828,71622999.9999999,69005000,201539.777349239,1140549.52332794,52821000,69083999.9999999,659555.806885984,366576.155979008,7478000,603209.303327388,7387200,1042900,2409900,20636000,5039100,365379.593318799,712906.940088943,9091500,102040000,498969.463450463,451751.103326198,1472273.39023204,1054647.96877497,3662700,29649000,1310004.87567313,604435.131800352,562089.340122836,99639000,5254699999.99999,19658000,345294.819910845,566520000,46866000.0000001,4496600,55543000.0000001,27634000,47217000,66080000,135670000,21348000,276462.602261444,375073.833709638,535560.614546645,725736.058415966,339207.792003111,405844.577682917,18321000,789100.758213635,1046600,5528800,6523500,579056.192283732,258180000,468230,407864.225507504,474849.793339275,5448800,668316.393470153,292919.205836787,338980,603902.548835236,89048999.9999999,454910.268348592,1586700
PDAC_91_imputed_intensity,2,153900000,703030000.000001,3260600000,17708000,679392.282735391,7251100,95500000,153140000,62031000000.0001,408131.549845477,310957.38598647,1764426.95767249,336580,1453300,261487.97344881,34292000,5770599999.99999,3272400000,280470000,5.15e+08,349740000,2393300000,399452.835236877,221190000,252810000,664529999.999999,69770000,260550000,232752.125789537,462644.355115853,61064000,141560000,1080823.58725516,267486.261333811,10431000,261444.696951946,166633.304950053,124260000,134190000,43227000,22975000,128130000,17910000,9195500000.00002,192540000,1105500000,658270000,90558000.0000001,274150000,90464000.0000001,82752000,69390000,57549999.9999999,38284000,190560000,642240.559756583,518761.012601626,333689.498767388,2769800,988519.836475023,1289567.84650858,342654.0872225,31955000,7500499.99999999,493071.528011719,255480.744757569,359075.220941056,882585.270133166,353008.73630434,4290700,864600000.000001,28767000,926020000,110210000,35555000,150865.34031883,186880000,30894000,461110000,16510000,193755.40752896,3445619.41585133,11462000,225395.727858591,1296700000,66813000,20572000,79762000.0000001,1795500,9022499.99999999,297306.381867269,118763.648786924,7368200,759779.2812823,215931.304811351,3859300,1212276.62193294,431635.145250222,373159.952571038,8809299.99999999,722424.718678547,38636000,4281200,106150000,1570100,14492000,368978.014788074,213196.809403301,3138200,28330000,980611.924025727,25429000,8030900000,4430100000,44494000,269760000,1815500,325559.527975792,212257.759786415,1608400,851411.48519528,30600000,1694216.05322783,33960000,336341.423650628,177890000,34911000,332110000,135140000,290336.082800391,34177000,206599.797660166,7763100000,879823.411967834,5964399.99999999,323658.656627279,4118100,845780.17972549,20088000,2757600,10529000,5219100000,532153.832073373,414824.652216681,84398.1502124505,247358.426200736,913340000.000001,1264683.00513404,12105000,257910000,758680000,588240000,198631.150679599,682450000,1381800,224277.757055787,1329566.58103307,1072238.17946414,1731300,659710000,952830000,276410000,221999.622485091,1871300000,972734.519012525,53852000,21047000,245740.706618294,55638999.9999999,374060000,644990,379517.823395053,61880999.9999999,14597000,23078000,9596199.99999999,170633.715114374,1155498.74459392,353027.67561311,811652.93664919,163257.164474077,15006000,569273.552010219,2189500,791538.812859715,331949.785680056,15283000,2758400,441699.211679561,121742.145711353,2115800000,892760000,9261199.99999999,448080000,139590000,33653000,383074.789659117,346931.671922106,8118299.99999999,82157000,4.287e+09,712036.524950893,1454400,568254.021851034,973187.903620811,503510.259734134,43246000,637431.502459253,6911099.99999999,25556000,394065.811560334,638735.504052711,485260000,15593000,43176.1196844918,4872900,328716.764484822,36372000,69140000,128266.8679215,606400.561601877,24231000,119460000,304047.606441832,624617.005146261,642177.040637617,835874.600568345,6039400,991361.078670394,303322.598899167,28106000,6485900,1138584.18225136,1394970.62635411,12140000,80282000.0000001,511761.96211007,370904.82079332,545617.899603926,289070.312084062,582234.728646265,350290000,79832.3969996937,448226.784234151,788336.395232469,45699000,7849799999.99999,25812000,480010.453716436,896390000,54004999.9999999,5345199.99999999,72169000,44313000.0000001,69382000,75774000,129990000,20485000,1517408.33860288,368141.742114745,307758.542274842,308984.116584958,1338912.82409341,256589.357704249,19162000,1285440.11188858,285620,13822000,682920.000000001,384400.179059368,196320000,96871.0000000001,148291.942018408,778303.118944097,6209300,561852.58443068,189851.636597458,598227.158726303,2431465.33154899,123890000,276168.98910902,178953.733929076
PDAC_92_imputed_intensity,2,274605.185508728,506120000,3141900000,21634000,218957.259513644,24814000,101300000,104330000,8.9278e+10,232731.319261615,72134.1989184897,155532.884708482,671751.054950345,366346.0071851,413555.236076931,1263710.89887827,6482200000.00001,2328200000,649650000,467610000,248160000,737809999.999999,412658.455780498,168320000,562980000,1189400000,59003000,342530000,291239.375152882,241708.642257169,51139000,85587000,94595.8572456717,1025453.15303295,330422.458104816,443553.005158932,209139.33849605,179660000,134080000,67421000,17687000,147260000,10399000,4650800000.00001,94348000.0000001,1640600000,814040000,111230000,143580000,64325000,63838000.0000001,26240000,17727000,10803000,83449999.9999999,6309200,319962.231467114,3088500.13785501,178875.018566512,497277.96588546,235082.605107888,302960.031504888,22477000,3259600,2465100,706932.152861127,1433863.60927522,569233.659225606,235996.599619853,3310700,318830000,47132000,639450000,85342999.9999999,40633000,276122.32830264,106020000,90803000,828410000,9946300,657621.85679417,225098.196288346,12262000,185586.779145917,769710000,45128999.9999999,16536000,62420.5339892823,4165400,9466700.00000001,450153.184256469,629083.292484162,1138381.14469216,13720000,224542.152179037,3492600,377888.842030051,235935.282074805,421444.228086785,16208000,690049.107666807,22394000,8804700,248170000,936930,27312000,225602.650347056,483332.710191684,2713500,17249000,448160,18854000,6532400000.00001,2.946e+09,25626000,251690000,349455.523629434,898739.956675139,5203700,237604.854353461,81897.9161752881,26753000,375300.295848148,37691000,222373.747651643,320610000,22285000,2135800000,978380000,12420000,54042000,352929.533393236,3967800000,116665.288106131,9221100,519144.73011333,200109.411350508,95370.8797582883,15626000,11408000,12889000,4899300000,88930.8003757657,15644000,588330.525931341,783920,1286800000,69413999.9999999,522581.760169403,202930000,733084.713770207,727620000,118017.97217896,674860000,782330.000000001,544502.459183454,614932.569247564,86417.5502123539,4757300,1296100000,2.595e+09,508940000,358891.173991051,1176800000,431499.000424649,15668000,22191000,299102.659227091,48323000,143020000,1195500,132490,310250000,15969000,48991000,3947000,367005.36543544,160711.379584495,3738200,513227.069907382,172738.187367165,7700000.00000001,368113.523125562,991479.999999999,387011.944120462,6160300,33278000,2203300,3524700,238519.032823678,1097400000,613810000.000001,15968000,296880000,57383.9768118908,30141000,559583.234045496,6972800,166433.918710913,293661.84530579,2577200000,217376.509481191,202676.054113326,535316.890703913,1559841.66721828,403314.827834619,121220000,216976.45914933,110150000,5151100,426393.283205825,1082898.07035741,444740000,14616000,4181100,8462900,2199500,41677000,32282000,3259500,15306000,10626000,128710000,1575900,334268.423108889,782273.334964301,235486.90715603,416614.630068141,1698900,291776.766056416,25128000,5445000,382246.324722153,521370.596557401,9075300,93825000,413003.773826751,175507.713798147,151939.685871386,573618.701253501,706151.055234955,1975011.69125909,222194.812189137,307739.372530922,187585.443380266,86246000.0000001,5811499999.99999,8320300.00000001,280647.605308064,480910000,57844000,6202300,38606000,21777000,42801000,57479000.0000001,133230000,43777000,588814.133297562,323922.510326708,166690.124736481,245867.248488852,468519.390081105,145432.29109709,17634000,590559.494432192,827700.000000001,62122000.0000001,17014000,378044.975867726,408470000,864190,121597.9068996,337279.508101381,3167600,133329.882536538,3060800,819240,244656.772752331,138460000,807480.008745287,406270
